order_id,user_id,merchant,category,amount,order_time,city,region,delivery_duration,rating
TO202401010000,U10245,豪私房菜,奶茶果汁,44.5,2026-07-17 22:05:54,杭州,滨江区,49.8,5.0
TO202401010001,U10488,正川湘小馆,日料寿司,8.0,2026-07-31 13:37:36,武汉,江汉区,31.0,4.0
TO202401010002,U10150,万汉堡小馆,奶茶果汁,52.9,2026-07-21 12:48:59,上海,闵行区,40.8,1.0
TO202401010003,U11252,大大饭店,快餐便当,27.8,2026-08-09 20:56:15,杭州,上城区,40.1,4.0
TO202401010004,U10577,亿麻辣大饭店,奶茶果汁,31.57,2026-07-21 18:56:08,重庆,沙坪坝区,60.1,5.0
TO202401010005,U11698,正食堂,快餐便当,34.72,2026-08-02 20:32:31,西安,碑林区,61.2,4.5
TO202401010006,U10305,好麻辣食府,快餐便当,89.03,2026-07-31 12:47:28,北京,海淀区,31.0,3.5
TO202401010007,U10732,味轻食味道,川湘菜,8.0,2026-07-29 14:02:19,长沙,雨花区,56.0,5.0
TO202401010008,U10332,百川湘私房菜,轻食沙拉,64.55,2026-07-23 17:55:26,广州,天河区,31.7,5.0
TO202401010009,U11612,大餐厅,日料寿司,46.59,2026-08-03 12:59:26,成都,青羊区,12.3,5.0
TO202401010010,U10395,小麻辣厨快餐,火锅,24.1,2026-07-19 19:29:22,郑州,管城区,55.1,5.0
TO202401010011,U10236,正川湘小馆,麻辣烫,8.0,2026-08-10 12:41:32,广州,天河区,54.9,3.0
TO202401010012,U11180,亿厨快餐,烧烤,39.37,2026-07-13 17:22:46,武汉,洪山区,22.5,5.0
TO202401010013,U10143,亿记餐厅,甜品蛋糕,29.34,2026-07-12 21:34:43,北京,西城区,15.6,5.0
TO202401010014,U10861,御记餐厅,川湘菜,19.68,2026-08-03 12:19:42,广州,天河区,41.6,5.0
TO202401010015,U11340,亿外卖,西餐,49.8,2026-07-30 12:35:53,苏州,吴中区,35.0,4.5
TO202401010016,U11268,亿记餐厅,汉堡薯条,32.67,2026-07-18 15:57:50,成都,高新区,17.5,4.0
TO202401010017,U10149,亿西餐私房菜,日料寿司,48.33,2026-08-01 11:12:09,天津,南开区,36.4,3.5
TO202401010018,U10218,万味道,奶茶果汁,170.12,2026-07-18 18:31:25,郑州,惠济区,52.5,4.0
TO202401010019,U11144,万小馆,火锅,46.51,2026-07-28 07:15:58,上海,闵行区,24.2,4.0
TO202401010020,U10972,鼎小馆,烧烤,46.0,2026-07-30 19:32:27,厦门,海沧区,21.8,4.0
TO202401010021,U10687,御汉堡厨快餐,轻食沙拉,36.31,2026-07-20 19:31:40,苏州,吴江区,47.9,5.0
TO202401010022,U10127,味轻食味道,披萨意面,39.18,2026-07-17 13:09:45,武汉,武昌区,47.1,4.5
TO202401010023,U10798,亿甜品小馆,面食小吃,16.78,2026-08-09 02:56:48,成都,成华区,28.7,5.0
TO202401010024,U11634,小麻辣厨快餐,粤菜,32.02,2026-08-05 21:31:14,苏州,高新区,48.7,4.0
TO202401010025,U10877,御厨快餐,披萨意面,55.09,2026-08-09 22:34:01,上海,长宁区,26.1,5.0
TO202401010026,U10863,正烧烤小馆,披萨意面,15.65,2026-07-20 12:29:20,成都,锦江区,56.1,3.0
TO202401010027,U10506,真外卖,披萨意面,16.58,2026-08-03 07:22:14,北京,朝阳区,18.1,4.0
TO202401010028,U11240,亿麻辣大饭店,粤菜,54.06,2026-07-19 15:07:36,北京,海淀区,30.7,5.0
TO202401010029,U11464,真外卖,汉堡薯条,24.72,2026-08-10 09:01:59,西安,碑林区,51.7,5.0
TO202401010030,U10084,皇大饭店,面食小吃,21.92,2026-07-19 18:19:54,南京,江宁区,15.1,4.5
TO202401010031,U11697,亿西餐私房菜,粤菜,16.69,2026-07-14 18:00:54,成都,金牛区,41.7,5.0
TO202401010032,U11497,真美食,烧烤,43.0,2026-08-03 22:17:39,上海,黄浦区,21.1,4.5
TO202401010033,U10058,鼎大饭店,披萨意面,35.78,2026-08-06 09:56:28,深圳,福田区,48.4,5.0
TO202401010034,U10391,亿私房菜,奶茶果汁,55.43,2026-07-18 19:21:17,深圳,宝安区,22.3,5.0
TO202401010035,U10498,亿面食厨快餐,川湘菜,115.31,2026-07-29 11:30:41,西安,未央区,22.3,4.5
TO202401010036,U10247,亿厨快餐,火锅,21.37,2026-07-29 12:47:35,武汉,汉阳区,51.3,5.0
TO202401010037,U11222,千奶茶餐厅,汉堡薯条,33.96,2026-08-10 18:12:13,上海,静安区,25.4,4.0
TO202401010038,U11428,豪餐厅,川湘菜,20.92,2026-07-19 11:00:45,长沙,天心区,33.0,4.5
TO202401010039,U11764,老厨快餐,汉堡薯条,18.72,2026-07-15 01:18:30,郑州,管城区,36.5,5.0
TO202401010040,U10508,鲜美食,面食小吃,54.03,2026-07-27 17:43:03,天津,河北区,52.9,5.0
TO202401010041,U10878,亿面食厨快餐,甜品蛋糕,8.0,2026-07-30 18:49:33,苏州,高新区,52.9,4.5
TO202401010042,U11130,鲜烧烤外卖,麻辣烫,25.05,2026-08-10 09:48:13,南京,雨花台区,28.3,5.0
TO202401010043,U10478,正川湘小馆,饺子馄饨,31.52,2026-08-02 15:02:14,北京,西城区,44.5,5.0
TO202401010044,U10146,香私房菜,麻辣烫,10.01,2026-08-01 21:27:07,天津,河东区,30.2,4.0
TO202401010045,U11024,好麻辣食府,西餐,54.52,2026-08-03 17:18:28,天津,河东区,47.9,3.0
TO202401013804,U11178,真美食,快餐便当,34.98,2026-07-13 14:20:38,成都,成华区,40.3,3.5
TO202401013960,U11198,小奶茶记餐厅,川湘菜,44.86,2026-08-06 17:48:48,沈阳,浑南区,47.9,5.0
TO202401010048,U11356,小麻辣厨快餐,披萨意面,43.44,2026-07-26 13:20:42,天津,和平区,39.3,4.5
TO202401010049,U11346,好麻辣食府,西餐,53.0,2026-07-26 12:20:07,苏州,姑苏区,32.7,2.0
TO202401010050,U10589,亿甜品美食,轻食沙拉,29.52,2026-07-28 18:31:40,成都,青羊区,36.4,5.0
TO202401010051,U11723,御西餐记餐厅,西餐,128.96,2026-07-13 18:51:15,西安,雁塔区,25.0,5.0
TO202401010052,U10499,亿西餐私房菜,面食小吃,20.64,2026-08-06 16:45:18,厦门,翔安区,34.5,2.0
TO202401010053,U11613,御奶茶厨快餐,烧烤,44.51,2026-08-09 16:56:08,上海,黄浦区,27.7,4.5
TO202401010054,U11130,好麻辣食府,日料寿司,24.81,2026-08-03 20:37:42,天津,河西区,35.4,5.0
TO202401010055,U10968,御记餐厅,日料寿司,8.72,2026-08-07 22:15:36,成都,金牛区,50.8,5.0
TO202401010056,U10901,小快餐味道,面食小吃,10.96,2026-08-10 15:02:08,沈阳,浑南区,34.8,3.5
TO202401010057,U10814,亿私房菜,披萨意面,62.99,2026-08-03 13:41:09,青岛,市南区,44.5,4.5
TO202401010058,U10140,百汉堡厨快餐,川湘菜,29.07,2026-08-07 13:20:40,深圳,龙华区,15.1,5.0
TO202401010059,U10613,皇食堂,快餐便当,36.83,2026-08-11 19:27:06,重庆,南岸区,16.3,5.0
TO202401010060,U10161,御记餐厅,甜品蛋糕,12.19,2026-07-21 13:09:15,深圳,南山区,32.0,5.0
TO202401010061,U11387,好麻辣食府,麻辣烫,176.56,2026-08-08 10:29:40,重庆,九龙坡区,44.2,3.5
TO202401010062,U10989,大餐厅,奶茶果汁,34.98,2026-08-11 12:27:44,北京,东城区,58.2,5.0
TO202401010063,U11404,亿美食,轻食沙拉,-5.67,2026-07-29 23:18:01,深圳,罗湖区,32.6,4.5
TO202401010064,U10513,御厨快餐,川湘菜,39.04,2026-08-06 21:49:51,南京,秦淮区,56.4,5.0
TO202401010065,U11530,亿甜品小馆,麻辣烫,9.35,2026-07-31 12:28:02,北京,通州区,25.7,5.0
TO202401010066,U11651,优汉堡味道,粤菜,33.48,2026-08-07 13:32:58,上海,静安区,42.1,3.0
TO202401010067,U11647,大记餐厅,火锅,53.44,2026-07-26 08:48:14,郑州,金水区,20.2,2.0
TO202401010068,U10760,大餐厅,川湘菜,22.47,2026-07-12 17:29:23,北京,西城区,19.1,4.0
TO202401010069,U11435,正记餐厅,川湘菜,14.98,2026-07-31 21:20:58,广州,天河区,23.9,4.5
TO202401010070,U11373,好麻辣食府,日料寿司,65.81,2026-07-13 06:31:07,成都,青羊区,49.4,4.5
TO202401010071,U10758,银食堂,西餐,16.61,2026-07-17 13:06:53,南京,江宁区,35.8,5.0
TO202401010072,U10388,鲜美食,披萨意面,8.0,2026-08-07 09:43:23,成都,青羊区,25.9,5.0
TO202401010073,U10420,豪川湘私房菜,披萨意面,50.4,2026-08-01 18:38:01,天津,和平区,38.4,4.0
TO202401010074,U10296,豪餐厅,面食小吃,39.84,2026-07-30 19:14:21,苏州,吴中区,14.1,5.0
TO202401010075,U10543,亿美食,麻辣烫,15.05,2026-07-15 20:08:00,广州,越秀区,51.4,5.0
TO202401010076,U11259,鲜私房菜,粤菜,19.36,2026-07-15 08:28:49,苏州,高新区,47.3,5.0
TO202401011799,U11458,亿甜品美食,汉堡薯条,69.9,2026-07-28 14:01:03,苏州,吴江区,34.8,5.0
TO202401010078,U11086,优汉堡味道,西餐,19.79,2026-07-30 08:17:39,青岛,李沧区,23.8,1.0
TO202401010079,U10924,小日料食府,日料寿司,17.03,2026-07-15 18:54:41,杭州,拱墅区,18.3,5.0
TO202401010080,U10971,豪川湘私房菜,汉堡薯条,29.71,2026-07-24 19:20:27,深圳,宝安区,43.5,4.0
TO202401010081,U11372,鲜美食,日料寿司,39.33,2026-07-25 19:23:51,长沙,岳麓区,38.1,4.5
TO202401010082,U11039,银食堂,麻辣烫,49.06,2026-08-09 13:58:46,深圳,龙华区,38.1,5.0
TO202401010083,U11148,大记餐厅,快餐便当,45.92,2026-08-06 12:35:23,重庆,江北区,41.4,4.5
TO202401010084,U10293,豪私房菜,川湘菜,30.47,2026-08-06 12:11:17,南京,江宁区,25.1,5.0
TO202401010085,U10638,亿外卖,饺子馄饨,17.83,2026-08-03 22:05:47,深圳,福田区,32.8,5.0
TO202401010086,U10994,亿麻辣大饭店,西餐,15.11,2026-07-15 07:10:48,厦门,同安区,22.9,4.0
TO202401010087,U10093,味外卖,日料寿司,29.38,2026-08-04 09:27:07,成都,青羊区,52.7,4.0
TO202401010088,U11529,小奶茶记餐厅,麻辣烫,44.0,2026-07-12 12:13:49,沈阳,和平区,42.0,5.0
TO202401010089,U10038,亿西餐私房菜,轻食沙拉,37.41,2026-08-02 16:53:42,上海,静安区,30.6,5.0
TO202401010090,U11265,亿西餐私房菜,披萨意面,118.97,2026-07-29 17:45:40,北京,东城区,37.9,4.0
TO202401010091,U10695,味外卖,火锅,16.4,2026-07-15 20:15:27,重庆,南岸区,27.3,5.0
TO202401010092,U11669,鲜饺子食府,奶茶果汁,48.86,2026-07-27 09:32:12,苏州,姑苏区,28.8,4.0
TO202401010093,U11545,豪私房菜,饺子馄饨,28.71,2026-07-18 17:48:48,北京,东城区,28.8,4.5
TO202401010094,U10960,亿甜品美食,川湘菜,13.74,2026-08-09 17:40:39,武汉,江岸区,63.6,4.5
TO202401010095,U11320,亿披萨食府,甜品蛋糕,30.16,2026-07-30 12:04:19,广州,海珠区,35.8,5.0
TO202401010096,U10658,亿麻辣大饭店,西餐,50.61,2026-07-26 17:50:47,南京,秦淮区,27.0,4.0
TO202401010097,U11449,亿甜品美食,西餐,42.51,2026-07-25 19:53:21,杭州,西湖区,34.4,5.0
TO202401010098,U11325,亿记餐厅,汉堡薯条,21.25,2026-07-17 13:18:24,杭州,滨江区,40.9,4.0
TO202401010099,U11193,鲜饺子食府,轻食沙拉,13.3,2026-08-01 12:46:54,深圳,龙岗区,13.3,5.0
TO202401010100,U11665,豪餐厅,川湘菜,49.33,2026-08-02 13:38:45,深圳,龙华区,31.1,4.0
TO202401010101,U10699,千厨快餐,奶茶果汁,117.06,2026-08-11 21:05:41,西安,长安区,22.4,3.0
TO202401010102,U11355,味小馆,轻食沙拉,12.6,2026-07-17 12:50:06,广州,越秀区,34.3,4.5
TO202401010103,U10089,银奶茶餐厅,火锅,26.14,2026-07-30 10:11:53,苏州,吴中区,19.3,4.0
TO202401010104,U11606,鲜记餐厅,轻食沙拉,37.77,2026-08-10 18:48:47,重庆,江北区,26.4,2.0
TO202401010105,U10331,真外卖,饺子馄饨,38.81,2026-08-01 17:28:29,长沙,天心区,14.3,4.5
TO202401010106,U10171,正外卖,烧烤,60.99,2026-07-14 15:23:35,南京,建邺区,27.4,5.0
TO202401010107,U10811,御奶茶厨快餐,火锅,50.22,2026-07-16 14:58:14,成都,成华区,12.2,4.5
TO202401010108,U10587,鲜记餐厅,粤菜,48.86,2026-07-23 05:59:06,广州,天河区,20.3,5.0
TO202401010109,U11246,大大饭店,日料寿司,47.46,2026-07-26 18:57:05,天津,北辰区,36.0,3.0
TO202401010110,U11023,万小馆,面食小吃,18.85,2026-07-19 10:15:26,北京,东城区,22.2,3.5
TO202401010111,U11368,亿私房菜,面食小吃,51.79,2026-07-29 19:18:27,北京,丰台区,35.1,5.0
TO202401010112,U10764,正烧烤小馆,粤菜,18.12,2026-08-10 17:50:32,大连,中山区,31.0,4.5
TO202401010113,U11118,味小馆,披萨意面,38.95,2026-07-22 19:40:06,北京,朝阳区,15.6,5.0
TO202401010114,U10600,真外卖,快餐便当,37.45,2026-07-26 18:40:11,重庆,渝北区,31.0,4.5
TO202401010115,U10731,亿美食,披萨意面,21.74,2026-07-21 12:25:52,天津,和平区,32.6,5.0
TO202401010116,U11016,鼎大饭店,火锅,33.39,2026-07-16 13:56:25,重庆,南岸区,10.0,2.0
TO202401010117,U10210,亿私房菜,火锅,8.0,2026-07-20 08:27:05,青岛,城阳区,51.5,5.0
TO202401010118,U11259,小奶茶记餐厅,烧烤,16.61,2026-07-25 18:10:44,重庆,南岸区,39.5,3.0
TO202401010119,U11244,亿甜品美食,快餐便当,43.57,2026-07-14 18:23:32,重庆,渝中区,17.8,5.0
TO202401010120,U10909,鲜烧烤外卖,甜品蛋糕,45.18,2026-08-04 13:24:36,上海,黄浦区,36.4,5.0
TO202401010121,U10241,正川湘小馆,饺子馄饨,46.4,2026-07-24 18:15:07,上海,徐汇区,36.2,3.0
TO202401010122,U10353,亿甜品美食,汉堡薯条,47.03,2026-07-18 18:44:58,广州,荔湾区,34.9,5.0
TO202401010123,U11434,百川湘私房菜,饺子馄饨,31.19,2026-08-01 18:35:34,天津,河西区,44.8,4.0
TO202401010124,U11645,小私房菜,麻辣烫,36.04,2026-07-16 11:08:15,深圳,福田区,32.3,5.0
TO202401010125,U10256,御汉堡厨快餐,川湘菜,16.65,2026-07-14 13:45:46,南京,鼓楼区,36.6,4.5
TO202401010126,U10886,御奶茶厨快餐,轻食沙拉,39.86,2026-08-01 12:56:53,北京,西城区,18.2,2.0
TO202401010127,U10581,亿私房菜,烧烤,46.8,2026-07-28 12:10:20,郑州,金水区,31.6,4.5
TO202401010128,U10350,亿麻辣大饭店,火锅,56.45,2026-07-20 18:39:34,上海,静安区,44.5,4.5
TO202401010129,U11171,亿甜品小馆,甜品蛋糕,64.31,2026-07-13 20:05:02,长沙,雨花区,28.5,5.0
TO202401010130,U10149,香私房菜,麻辣烫,8.0,2026-08-08 17:41:19,重庆,九龙坡区,37.3,5.0
TO202401010131,U10816,豪餐厅,饺子馄饨,45.18,2026-07-26 12:09:20,成都,武侯区,27.0,5.0
TO202401010132,U11260,亿甜品小馆,奶茶果汁,,2026-07-15 11:07:17,深圳,龙岗区,37.1,3.0
TO202401010133,U10631,鼎大饭店,快餐便当,38.91,2026-08-05 21:46:20,大连,西岗区,41.6,4.5
TO202401010134,U11339,鲜记餐厅,烧烤,31.51,2026-07-27 22:13:37,北京,西城区,38.1,3.5
TO202401010135,U10398,优食府,面食小吃,36.49,2026-07-25 20:46:23,杭州,西湖区,23.6,4.5
TO202401010136,U10806,豪西餐厨快餐,饺子馄饨,62.12,2026-07-27 19:17:52,广州,荔湾区,33.8,2.0
TO202401010137,U10970,大美食,西餐,96.44,2026-08-09 19:12:38,沈阳,铁西区,34.2,5.0
TO202401010138,U11038,金厨房,面食小吃,15.51,2026-07-16 21:20:10,上海,静安区,45.4,4.5
TO202401010139,U11485,皇食堂,甜品蛋糕,11.82,2026-07-21 19:23:21,杭州,滨江区,10.0,4.0
TO202401010140,U11269,御记餐厅,麻辣烫,30.74,2026-08-04 19:36:14,杭州,余杭区,19.4,4.5
TO202401010141,U10840,御奶茶厨快餐,饺子馄饨,50.51,2026-07-13 21:07:12,天津,南开区,36.2,4.0
TO202401010142,U11076,御记餐厅,火锅,42.94,2026-08-07 19:03:45,南京,秦淮区,41.2,4.0
TO202401010143,U11249,老厨快餐,奶茶果汁,38.96,2026-08-08 12:22:43,大连,甘井子区,16.0,4.0
TO202401010144,U10714,大记餐厅,轻食沙拉,32.02,2026-07-29 11:19:49,大连,沙河口区,42.9,5.0
TO202401010145,U11647,鲜饺子食府,烧烤,8.0,2026-07-20 10:43:34,厦门,翔安区,58.0,3.0
TO202401010146,U11151,鲜外卖,麻辣烫,34.79,2026-07-14 21:41:16,北京,通州区,26.7,5.0
TO202401010147,U11469,鲜记餐厅,汉堡薯条,9.83,2026-07-30 11:42:57,北京,通州区,31.7,4.5
TO202401010148,U10408,千奶茶餐厅,火锅,8.0,2026-07-12 17:59:10,重庆,江北区,50.5,4.5
TO202401010149,U10358,亿甜品小馆,轻食沙拉,8.0,2026-08-08 09:36:14,广州,天河区,30.8,3.0
TO202401010150,U10018,正记餐厅,甜品蛋糕,77.45,2026-08-11 13:31:11,长沙,岳麓区,23.1,3.5
TO202401010151,U10394,御西餐记餐厅,火锅,8.0,2026-07-21 23:34:33,南京,建邺区,36.1,4.5
TO202401010152,U11251,小麻辣厨快餐,披萨意面,27.17,2026-07-31 19:00:47,上海,长宁区,43.6,5.0
TO202401010153,U10546,亿记餐厅,烧烤,126.03,2026-07-15 18:11:08,成都,金牛区,39.0,4.5
TO202401010154,U11029,亿面食厨快餐,粤菜,43.35,2026-07-12 18:44:15,武汉,硚口区,37.3,4.5
TO202401010155,U11124,鲜记餐厅,饺子馄饨,52.07,2026-07-23 11:08:30,上海,徐汇区,51.3,4.5
TO202401010156,U10740,鲜烧烤外卖,轻食沙拉,8.89,2026-08-06 19:43:48,杭州,余杭区,23.0,4.5
TO202401010157,U11393,味轻食味道,粤菜,24.49,2026-08-06 21:12:36,武汉,江汉区,33.4,4.5
TO202401010158,U11377,亿面食厨快餐,粤菜,20872.28,2026-08-08 14:03:29,武汉,江汉区,44.2,4.5
TO202401010159,U10141,鲜记餐厅,快餐便当,50.88,2026-08-05 19:37:04,北京,东城区,38.1,1.0
TO202401010160,U10773,御记餐厅,汉堡薯条,51.99,2026-08-04 19:46:41,广州,越秀区,32.4,4.5
TO202401010161,U10456,百奶茶食府,饺子馄饨,76.58,2026-08-07 10:55:22,重庆,渝北区,60.6,5.0
TO202401010162,U10386,御西餐记餐厅,快餐便当,25.56,2026-07-26 19:27:34,北京,东城区,41.0,5.0
TO202401010163,U11376,亿美食,奶茶果汁,35.39,2026-07-30 21:56:01,天津,河北区,39.5,4.5
TO202401010164,U11498,御奶茶小馆,火锅,36.61,2026-07-25 17:48:55,西安,未央区,28.5,5.0
TO202401010165,U11140,真美食,轻食沙拉,56.76,2026-08-06 11:56:09,武汉,江岸区,33.7,5.0
TO202401010166,U10652,亿甜品小馆,日料寿司,77.25,2026-07-31 14:31:03,西安,碑林区,30.0,4.0
TO202401010167,U10118,大记餐厅,日料寿司,40.48,2026-07-17 17:15:54,上海,长宁区,58.4,4.5
TO202401010168,U11096,亿厨快餐,快餐便当,31.47,2026-07-28 13:16:13,大连,高新园区,39.3,5.0
TO202401010169,U10427,亿记餐厅,烧烤,43.07,2026-07-30 06:04:12,广州,番禺区,20.0,5.0
TO202401010170,U11441,味轻食味道,日料寿司,34.41,2026-07-18 11:47:07,大连,中山区,14.9,4.0
TO202401010171,U10954,小快餐味道,饺子馄饨,25.81,2026-07-22 12:29:34,青岛,城阳区,26.7,3.5
TO202401010172,U10033,正川湘小馆,面食小吃,32.88,2026-08-04 12:13:23,沈阳,皇姑区,38.4,4.0
TO202401010173,U11402,味小馆,烧烤,37.93,2026-08-03 12:12:21,厦门,同安区,50.5,4.5
TO202401010174,U11000,味厨快餐,轻食沙拉,50.75,2026-08-10 18:31:29,苏州,工业园区,53.6,4.0
TO202401010175,U11291,小日料食府,汉堡薯条,31438.21,2026-08-10 16:53:54,郑州,郑东新区,45.0,5.0
TO202401010176,U10032,百奶茶食府,面食小吃,8.0,2026-07-19 14:03:39,西安,雁塔区,13.7,4.0
TO202401010177,U10367,大餐厅,轻食沙拉,67.78,2026-07-12 19:34:18,武汉,江汉区,37.4,4.0
TO202401010178,U10940,豪私房菜,奶茶果汁,15.45,2026-07-19 18:16:52,北京,海淀区,51.9,3.0
TO202401010179,U10974,香私房菜,川湘菜,128.63,2026-07-21 20:05:41,沈阳,沈河区,34.1,5.0
TO202401010180,U10087,小日料食府,奶茶果汁,10.79,2026-07-14 20:41:50,北京,海淀区,63.8,3.5
TO202401010181,U10067,百川湘私房菜,轻食沙拉,71.64,2026-08-08 15:02:59,青岛,黄岛区,47.3,4.5
TO202401010182,U10492,豪私房菜,披萨意面,30.79,2026-08-10 17:48:52,长沙,岳麓区,23.2,5.0
TO202401010183,U10708,亿美食,汉堡薯条,69.29,2026-08-08 12:48:47,长沙,望城区,62.6,4.5
TO202401010184,U10922,千厨快餐,奶茶果汁,50.7,2026-07-22 19:38:25,成都,锦江区,32.9,4.0
TO202401010185,U10168,鲜外卖,麻辣烫,56.46,2026-07-25 18:42:24,深圳,宝安区,43.5,4.0
TO202401010186,U10209,豪餐厅,汉堡薯条,71.15,2026-07-17 13:23:06,深圳,龙华区,50.6,4.0
TO202401010187,U10788,小味道,烧烤,54.35,2026-07-29 16:06:01,上海,长宁区,43.1,4.0
TO202401010188,U10549,鼎大饭店,麻辣烫,8.0,2026-08-03 17:15:36,成都,锦江区,32.6,5.0
TO202401010189,U11262,真外卖,西餐,8.0,2026-07-20 12:50:04,北京,西城区,57.1,4.5
TO202401010190,U11686,万小馆,麻辣烫,8.89,2026-07-12 13:53:39,北京,东城区,51.4,4.5
TO202401010191,U11005,御奶茶小馆,饺子馄饨,81.22,2026-08-09 11:20:11,广州,白云区,28.0,4.0
TO202401010192,U11572,小私房菜,快餐便当,45.94,2026-07-20 19:23:07,广州,荔湾区,31.7,5.0
TO202401010193,U11378,鼎大饭店,麻辣烫,38.33,2026-08-09 11:51:18,厦门,海沧区,31.0,4.0
TO202401010194,U11094,御奶茶厨快餐,轻食沙拉,20.93,2026-07-20 10:27:50,重庆,江北区,44.1,4.5
TO202401010195,U11574,银食府,川湘菜,52.69,2026-07-25 06:23:44,青岛,黄岛区,25.9,5.0
TO202401010196,U10216,小味道,汉堡薯条,8.0,2026-07-31 07:41:43,重庆,江北区,10.0,4.0
TO202401010197,U11414,御奶茶厨快餐,麻辣烫,38.15,2026-08-03 17:44:36,广州,白云区,46.4,4.0
TO202401010198,U10932,味轻食味道,面食小吃,66.9,2026-07-26 12:58:05,深圳,南山区,54.0,5.0
TO202401010199,U10702,大餐厅,川湘菜,39.96,2026-07-15 19:28:20,杭州,拱墅区,36.5,5.0
TO202401010200,U10377,味厨快餐,川湘菜,8.0,2026-07-19 11:10:21,天津,北辰区,23.9,4.5
TO202401010201,U11540,豪川湘私房菜,甜品蛋糕,20.05,2026-07-13 18:12:28,重庆,九龙坡区,28.5,5.0
TO202401010202,U11222,鲜粤菜大饭店,甜品蛋糕,32.22,2026-07-18 12:29:07,北京,丰台区,58.8,4.5
TO202401010203,U10173,御厨快餐,火锅,45.98,2026-07-22 20:39:11,深圳,南山区,17.7,4.5
TO202401010204,U10996,万汉堡小馆,粤菜,16.47,2026-07-15 13:09:32,上海,徐汇区,45.4,4.5
TO202401010205,U10019,千厨快餐,麻辣烫,27.22,2026-07-29 15:08:11,青岛,市北区,47.1,5.0
TO202401010206,U10169,豪私房菜,快餐便当,27.56,2026-08-10 16:31:26,上海,长宁区,23.6,4.5
TO202401010207,U11125,金厨房,汉堡薯条,44.78,2026-07-21 12:34:18,天津,南开区,46.6,4.0
TO202401010208,U10870,大餐厅,粤菜,37.31,2026-08-04 20:23:34,武汉,洪山区,31.9,4.5
TO202401010209,U11588,百汉堡厨快餐,奶茶果汁,15.75,2026-07-21 23:28:16,天津,南开区,53.0,1.0
TO202401010210,U11649,香私房菜,甜品蛋糕,12.59,2026-08-02 20:39:40,天津,河东区,42.2,4.0
TO202401010211,U11391,小快餐味道,麻辣烫,31.53,2026-07-30 11:45:18,深圳,罗湖区,44.2,2.0
TO202401010212,U11696,银食府,饺子馄饨,60.22,2026-08-09 23:55:41,大连,甘井子区,52.2,4.0
TO202401010213,U10190,小麻辣厨快餐,面食小吃,18.06,2026-07-27 17:17:40,长沙,开福区,41.8,3.5
TO202401010214,U10938,鼎食堂,披萨意面,8.0,2026-08-09 13:31:20,苏州,吴江区,23.1,5.0
TO202401010215,U10267,豪私房菜,披萨意面,19.11,2026-07-24 22:52:13,北京,丰台区,35.4,4.5
TO202401010216,U10934,百奶茶食府,日料寿司,191.53,2026-08-08 19:02:06,杭州,下城区,18.7,5.0
TO202401010217,U10168,豪西餐厨快餐,川湘菜,60.94,2026-08-08 20:19:10,上海,闵行区,17.6,5.0
TO202401010218,U10437,老厨快餐,汉堡薯条,35.63,2026-07-14 18:46:44,青岛,市北区,22.3,5.0
TO202401010219,U10978,鲜烧烤外卖,奶茶果汁,29.94,2026-07-28 14:00:44,上海,黄浦区,40.1,4.0
TO202401010220,U11313,鲜饺子食府,汉堡薯条,29.62,2026-08-05 09:23:56,深圳,龙华区,46.2,3.5
TO202401010221,U10906,银食堂,汉堡薯条,41.88,2026-07-30 11:22:46,杭州,西湖区,54.4,4.5
TO202401010222,U10172,银食府,面食小吃,50.23,2026-08-04 17:24:22,郑州,二七区,32.6,5.0
TO202401010223,U11043,亿厨快餐,粤菜,50.22,2026-07-30 19:44:01,南京,江宁区,20.6,4.5
TO202401010224,U10024,优食府,轻食沙拉,24.92,2026-07-14 21:15:31,深圳,龙华区,40.9,5.0
TO202401010225,U10034,真美食,汉堡薯条,22.51,2026-08-07 17:23:34,深圳,宝安区,16.4,4.0
TO202401010226,U11437,小麻辣厨快餐,汉堡薯条,9.69,2026-07-13 08:50:25,北京,海淀区,34.3,4.5
TO202401010227,U10800,真美食,川湘菜,22.9,2026-07-30 12:19:05,重庆,沙坪坝区,34.4,4.5
TO202401010228,U10889,御西餐记餐厅,西餐,30.62,2026-08-01 08:44:27,苏州,吴江区,12.0,5.0
TO202401010229,U10710,大美食,面食小吃,55.65,2026-07-21 19:47:11,南京,鼓楼区,47.8,5.0
TO202401010230,U10686,万味道,烧烤,55.48,2026-07-20 13:47:49,苏州,吴江区,21.1,3.5
TO202401010231,U10753,正外卖,烧烤,18.66,2026-08-02 17:04:31,杭州,下城区,38.2,4.5
TO202401010232,U10307,百川湘私房菜,轻食沙拉,85.52,2026-08-01 09:47:32,苏州,高新区,35.4,5.0
TO202401010233,U10555,鲜烧烤外卖,甜品蛋糕,21.13,2026-07-29 21:47:41,大连,中山区,40.1,4.0
TO202401010234,U10578,亿面食厨快餐,火锅,29.51,2026-08-01 07:14:51,深圳,龙岗区,34.6,3.5
TO202401010235,U11010,真外卖,粤菜,26.65,2026-07-12 11:36:50,北京,西城区,50.8,4.5
TO202401010236,U10686,百奶茶食府,饺子馄饨,10.28,2026-07-16 21:01:14,青岛,市北区,30.6,5.0
TO202401010237,U10573,亿披萨食府,快餐便当,8.0,2026-08-03 09:33:15,重庆,渝北区,49.8,5.0
TO202401010238,U10153,真美食,甜品蛋糕,41.95,2026-07-24 21:29:47,青岛,城阳区,37.7,4.0
TO202401010239,U10651,鼎小馆,烧烤,22.16,2026-08-10 11:16:54,北京,通州区,54.8,4.0
TO202401010240,U10733,味轻食味道,西餐,50.49,2026-07-16 19:06:09,广州,越秀区,43.1,5.0
TO202401010241,U11754,亿外卖,麻辣烫,25.61,2026-08-07 09:51:43,广州,海珠区,52.7,5.0
TO202401010242,U11750,鼎小馆,面食小吃,24.93,2026-08-10 13:03:43,北京,海淀区,56.2,3.0
TO202401010243,U10405,小麻辣厨快餐,火锅,39.64,2026-07-15 09:50:08,苏州,吴中区,38.0,5.0
TO202401010244,U11657,豪餐厅,汉堡薯条,89.93,2026-07-14 17:58:52,重庆,渝北区,53.7,4.5
TO202401010245,U10783,万味道,麻辣烫,52.04,2026-07-16 21:03:10,青岛,李沧区,29.1,4.5
TO202401010246,U11127,老厨快餐,快餐便当,16.2,2026-07-20 14:09:02,深圳,福田区,24.1,4.5
TO202401010247,U10783,鼎食堂,西餐,9.92,2026-07-16 11:56:51,北京,西城区,32.3,4.0
TO202401010248,U11660,正食堂,快餐便当,34.47,2026-07-22 17:20:24,武汉,汉阳区,37.7,5.0
TO202401010249,U11509,香私房菜,饺子馄饨,56.29,2026-07-28 19:14:10,天津,河北区,45.3,4.0
TO202401010250,U10651,鼎食堂,轻食沙拉,86.07,2026-07-29 23:24:22,沈阳,沈河区,20.3,5.0
TO202401010251,U11008,好麻辣食府,烧烤,24.28,2026-08-02 21:36:09,南京,江宁区,32.0,3.5
TO202401010252,U10267,味小馆,粤菜,34.34,2026-07-15 11:14:01,上海,浦东新区,34.9,5.0
TO202401010253,U10148,豪西餐厨快餐,粤菜,40.49,2026-07-14 10:45:58,上海,徐汇区,39.5,5.0
TO202401010254,U10997,御汉堡厨快餐,麻辣烫,63.89,2026-07-30 12:20:08,厦门,海沧区,32.1,4.5
TO202401010255,U11410,优汉堡味道,麻辣烫,39.02,2026-08-02 21:50:22,西安,新城区,50.8,5.0
TO202401010256,U11252,味外卖,川湘菜,152.29,2026-08-09 21:25:54,上海,浦东新区,33.9,3.0
TO202401010257,U11451,亿记餐厅,西餐,45.85,2026-07-16 19:15:22,武汉,汉阳区,34.2,5.0
TO202401010258,U10340,银奶茶餐厅,西餐,35.71,2026-07-19 08:16:50,北京,海淀区,35.4,4.0
TO202401010259,U10150,亿味道,烧烤,52.15,2026-07-28 09:30:50,郑州,中原区,21.9,5.0
TO202401010260,U10190,味小馆,甜品蛋糕,14.29,2026-08-10 08:10:56,北京,东城区,48.7,3.5
TO202401010261,U10389,银奶茶餐厅,粤菜,19.99,2026-08-02 14:41:10,沈阳,皇姑区,27.0,5.0
TO202401010262,U10111,优食府,快餐便当,49.82,2026-07-28 18:19:15,武汉,江岸区,41.8,4.5
TO202401010263,U10969,御西餐记餐厅,烧烤,45.05,2026-08-06 18:30:12,成都,金牛区,39.7,2.0
TO202401010264,U10912,鲜私房菜,烧烤,23.93,2026-07-27 18:05:41,苏州,工业园区,32.9,5.0
TO202401010265,U11108,银奶茶餐厅,饺子馄饨,35.38,2026-07-19 12:03:09,成都,金牛区,17.2,5.0
TO202401010266,U10482,鲜记餐厅,烧烤,61.8,2026-07-14 13:33:26,南京,雨花台区,31.1,4.5
TO202401010267,U10919,百川湘私房菜,麻辣烫,8.0,2026-07-13 17:33:51,北京,通州区,20.2,3.0
TO202401010268,U10654,豪川湘私房菜,汉堡薯条,44.96,2026-07-16 13:43:27,大连,西岗区,56.3,4.5
TO202401010269,U11600,亿甜品小馆,汉堡薯条,37.46,2026-07-29 20:33:29,深圳,宝安区,34.1,4.5
TO202401010270,U10704,银奶茶餐厅,烧烤,59.66,2026-07-29 17:06:59,成都,青羊区,47.9,3.5
TO202401010271,U10810,亿记餐厅,粤菜,14.52,2026-07-29 15:11:17,深圳,宝安区,44.5,4.5
TO202401010272,U11757,小快餐味道,披萨意面,18.23,2026-07-26 12:23:01,广州,番禺区,53.2,3.5
TO202401010273,U10432,银奶茶餐厅,粤菜,32.72,2026-08-10 14:52:20,广州,海珠区,47.4,5.0
TO202401010274,U11743,大大饭店,轻食沙拉,43.41,2026-08-07 20:32:50,杭州,滨江区,43.7,5.0
TO202401010275,U10561,豪西餐厨快餐,披萨意面,35.06,2026-07-18 20:53:03,武汉,武昌区,48.3,4.0
TO202401010276,U11201,小私房菜,火锅,18.18,2026-07-31 10:01:15,成都,武侯区,46.6,3.5
TO202401010277,U11755,味外卖,川湘菜,26.88,2026-08-03 18:18:01,深圳,罗湖区,39.7,2.0
TO202401010278,U11231,小味道,奶茶果汁,189.38,2026-07-20 13:01:55,广州,越秀区,14.9,4.5
TO202401010279,U10618,大美食,披萨意面,62.85,2026-08-02 18:17:27,广州,海珠区,20.7,5.0
TO202401010280,U11401,大餐厅,西餐,47.31,2026-07-15 16:42:53,南京,雨花台区,22.0,5.0
TO202401010281,U11567,百汉堡厨快餐,轻食沙拉,25.8,2026-07-31 20:16:41,北京,东城区,10.4,5.0
TO202401010282,U10828,鲜粤菜大饭店,粤菜,55.84,2026-07-24 12:08:46,北京,丰台区,37.2,3.5
TO202401010283,U11375,鼎食堂,面食小吃,28.75,2026-08-11 19:21:46,北京,通州区,17.2,4.5
TO202401010284,U11562,味厨快餐,川湘菜,42.7,2026-08-06 20:11:18,广州,越秀区,38.6,4.0
TO202401010285,U10602,鲜轻食大饭店,披萨意面,23.87,2026-07-15 12:47:55,青岛,黄岛区,54.8,5.0
TO202401010286,U11085,正记餐厅,日料寿司,23.34,2026-08-07 17:39:04,上海,浦东新区,36.4,4.0
TO202401010287,U10369,亿私房菜,西餐,76.35,2026-07-16 11:26:36,北京,海淀区,13.0,3.5
TO202401010288,U11608,亿披萨食府,麻辣烫,42.83,2026-07-21 08:28:17,深圳,福田区,55.0,5.0
TO202401010289,U10659,大大饭店,奶茶果汁,57.23,2026-07-25 14:30:24,南京,江宁区,35.4,3.0
TO202401010290,U10342,豪川湘私房菜,披萨意面,29.72,2026-07-31 11:44:56,北京,朝阳区,40.2,4.5
TO202401010291,U11003,鼎食堂,饺子馄饨,9.92,2026-07-26 16:33:21,北京,东城区,42.4,1.0
TO202401010292,U11332,亿味道,日料寿司,32.6,2026-07-13 11:08:13,上海,长宁区,19.1,5.0
TO202401010293,U10778,鲜美食,面食小吃,162.77,2026-08-04 18:38:03,郑州,中原区,20.1,4.5
TO202401010294,U11240,御厨快餐,日料寿司,26.63,2026-07-17 18:40:00,广州,番禺区,51.8,5.0
TO202401010295,U11702,大美食,奶茶果汁,39.58,2026-07-27 18:18:07,天津,和平区,21.3,4.0
TO202401010296,U11375,亿披萨食府,轻食沙拉,46.0,2026-07-21 06:31:58,深圳,宝安区,61.9,5.0
TO202401010297,U10473,亿西餐私房菜,烧烤,8.0,2026-08-01 10:05:49,北京,丰台区,33.6,5.0
TO202401010298,U10194,鲜私房菜,快餐便当,26.84,2026-07-15 11:02:54,广州,天河区,55.9,4.0
TO202401010299,U10701,味厨快餐,汉堡薯条,48.67,2026-07-31 12:57:28,长沙,望城区,32.4,5.0
TO202401010300,U11425,香私房菜,披萨意面,43.03,2026-07-20 13:54:30,深圳,宝安区,18.5,5.0
TO202401010301,U11401,豪餐厅,西餐,12.1,2026-08-08 15:36:43,上海,长宁区,41.2,4.5
TO202401010302,U11522,御奶茶小馆,粤菜,33.4,2026-08-08 14:04:16,青岛,市南区,33.4,4.5
TO202401010303,U11359,鲜粤菜大饭店,麻辣烫,20.88,2026-08-07 16:44:44,武汉,江岸区,26.4,4.5
TO202401010304,U10338,鲜烧烤外卖,饺子馄饨,54.57,2026-08-08 18:00:41,长沙,雨花区,29.3,4.5
TO202401010305,U10909,御奶茶小馆,西餐,18.32,2026-07-22 12:32:14,杭州,上城区,31.3,5.0
TO202401010306,U10000,亿披萨食府,饺子馄饨,30.22,2026-07-25 10:31:47,北京,西城区,30.4,4.5
TO202401010307,U11672,味外卖,披萨意面,23.79,2026-07-31 20:35:13,南京,雨花台区,24.1,4.0
TO202401010308,U10004,味小馆,火锅,22.09,2026-08-04 17:45:42,成都,成华区,45.0,4.0
TO202401010309,U10838,大餐厅,烧烤,51.71,2026-07-28 13:06:02,天津,河西区,26.6,4.0
TO202401010310,U10095,真美食,汉堡薯条,40.28,2026-07-16 20:13:29,南京,玄武区,28.0,4.0
TO202401010311,U10886,银日料餐厅,西餐,36.64,2026-07-26 17:32:08,苏州,工业园区,34.7,4.5
TO202401010312,U10787,亿甜品小馆,甜品蛋糕,55.97,2026-08-02 11:52:08,青岛,市北区,45.6,5.0
TO202401010313,U11049,正记餐厅,披萨意面,38.31,2026-07-20 22:18:28,青岛,市北区,28.8,3.5
TO202401010314,U11377,豪餐厅,粤菜,42.65,2026-08-02 21:40:13,西安,莲湖区,51.0,5.0
TO202401010315,U11366,亿甜品小馆,川湘菜,47.55,2026-07-27 18:20:45,重庆,江北区,42.4,4.5
TO202401010316,U10409,鲜外卖,饺子馄饨,30.97,2026-07-21 20:51:00,苏州,高新区,34.6,4.0
TO202401010317,U10926,大餐厅,甜品蛋糕,37.6,2026-08-01 10:03:44,苏州,相城区,27.1,5.0
TO202401010318,U11419,亿美食,轻食沙拉,18.51,2026-07-29 11:41:35,郑州,郑东新区,44.2,4.0
TO202401010319,U11762,亿甜品美食,披萨意面,63.02,2026-08-10 22:20:35,深圳,宝安区,41.6,3.5
TO202401010320,U10602,鼎小馆,麻辣烫,11.56,2026-08-02 18:48:37,广州,番禺区,30.3,2.0
TO202401010321,U11196,正烧烤小馆,快餐便当,21.35,2026-07-18 11:32:07,沈阳,和平区,43.9,5.0
TO202401010322,U10616,千厨快餐,饺子馄饨,9.55,2026-08-09 07:59:20,深圳,龙华区,23.2,3.5
TO202401010323,U11112,万汉堡小馆,日料寿司,56.04,2026-07-14 18:33:14,武汉,洪山区,31.1,5.0
TO202401010324,U11149,小味道,汉堡薯条,23.08,2026-08-07 18:21:23,北京,海淀区,63.3,4.5
TO202401010325,U11630,御西餐记餐厅,日料寿司,35.2,2026-07-19 18:58:39,重庆,九龙坡区,38.4,5.0
TO202401010326,U11334,亿厨快餐,火锅,12.07,2026-07-20 21:52:49,广州,番禺区,50.3,5.0
TO202401010327,U11403,万味道,披萨意面,41.62,2026-07-17 22:34:34,杭州,西湖区,35.2,4.0
TO202401010328,U10048,亿西餐私房菜,粤菜,8.0,2026-08-06 20:47:49,北京,丰台区,43.7,4.0
TO202401010329,U10923,小麻辣厨快餐,日料寿司,65.2,2026-07-14 11:16:35,深圳,南山区,44.5,4.5
TO202401010330,U10148,鼎食堂,轻食沙拉,12.75,2026-08-01 17:41:46,深圳,宝安区,21.4,4.0
TO202401010331,U10970,正外卖,面食小吃,36.85,2026-08-05 12:05:18,杭州,下城区,22.2,4.0
TO202401010332,U11628,豪西餐厨快餐,快餐便当,44.73,2026-07-24 19:34:18,上海,闵行区,33.3,3.0
TO202401010333,U11518,皇大饭店,奶茶果汁,17.17,2026-07-16 07:36:38,武汉,硚口区,44.3,5.0
TO202401010334,U11161,亿美食,披萨意面,24.8,2026-08-07 10:11:14,成都,高新区,28.9,4.0
TO202401010335,U10677,鼎食堂,麻辣烫,42.46,2026-07-26 17:18:42,苏州,高新区,37.2,4.5
TO202401010336,U11196,亿食府,甜品蛋糕,26.86,2026-07-15 18:57:12,重庆,江北区,47.0,5.0
TO202401010337,U10736,御厨快餐,川湘菜,41.31,2026-08-10 11:20:15,武汉,洪山区,16.5,5.0
TO202401010338,U11758,御厨快餐,轻食沙拉,24.39,2026-07-26 12:19:31,西安,未央区,32.6,3.5
TO202401010339,U11185,小麻辣厨快餐,饺子馄饨,62.29,2026-08-03 18:46:04,杭州,下城区,20.4,4.0
TO202401010340,U11207,优汉堡味道,麻辣烫,29.2,2026-07-29 17:34:30,南京,鼓楼区,29.4,3.5
TO202401010341,U11550,金厨房,麻辣烫,38.24,2026-07-15 13:00:42,成都,成华区,65.9,4.0
TO202401010342,U10998,小日料食府,汉堡薯条,33.17,2026-07-29 17:55:09,成都,青羊区,21.3,5.0
TO202401010343,U11328,亿外卖,汉堡薯条,21.95,2026-07-13 11:58:50,广州,越秀区,45.3,5.0
TO202401010344,U11203,鲜烧烤外卖,面食小吃,14.41,2026-07-31 12:47:16,西安,新城区,27.6,5.0
TO202401010345,U10284,亿甜品美食,麻辣烫,14.42,2026-07-27 12:55:22,广州,越秀区,36.1,4.5
TO202401010346,U11661,亿记餐厅,粤菜,16.46,2026-07-31 11:11:10,广州,白云区,49.5,5.0
TO202401010347,U11289,金厨房,快餐便当,148.82,2026-07-26 11:10:41,上海,闵行区,32.8,5.0
TO202401010348,U11473,千奶茶餐厅,汉堡薯条,58.51,2026-07-14 12:11:33,郑州,二七区,30.8,5.0
TO202401010349,U10372,金厨房,烧烤,46.8,2026-08-11 20:10:14,上海,静安区,20.8,4.0
TO202401010350,U11760,御奶茶厨快餐,川湘菜,37.25,2026-07-22 14:37:04,上海,闵行区,46.7,5.0
TO202401010351,U10190,老厨快餐,川湘菜,8.0,2026-07-30 11:57:39,成都,青羊区,20.6,4.0
TO202401010352,U11085,万味道,奶茶果汁,22.06,2026-07-28 00:49:43,上海,静安区,23.2,5.0
TO202401010353,U10274,正烧烤小馆,西餐,33.35,2026-08-05 13:37:51,厦门,海沧区,14.7,5.0
TO202401010354,U10241,大美食,快餐便当,45.58,2026-07-20 20:26:16,苏州,姑苏区,52.5,4.5
TO202401010355,U10867,豪私房菜,火锅,49.72,2026-08-02 12:23:06,深圳,福田区,49.4,3.5
TO202401010356,U10628,御奶茶小馆,火锅,24.44,2026-07-24 11:35:50,南京,江宁区,32.3,4.5
TO202401010357,U10439,金厨房,日料寿司,34.73,2026-08-03 20:42:07,苏州,工业园区,21.9,5.0
TO202401010358,U10965,万小馆,日料寿司,15.38,2026-07-30 18:03:10,苏州,高新区,45.9,4.0
TO202401010359,U11457,万小馆,快餐便当,8.0,2026-07-19 08:02:46,北京,东城区,58.0,4.5
TO202401010360,U11227,金厨房,面食小吃,17.06,2026-07-31 14:12:54,厦门,湖里区,16.9,5.0
TO202401010361,U10723,真快餐味道,日料寿司,45.54,2026-07-17 06:15:41,西安,新城区,35.0,4.0
TO202401010362,U10711,正食堂,奶茶果汁,8.0,2026-07-12 18:58:05,南京,雨花台区,29.1,4.5
TO202401010363,U10696,御西餐记餐厅,饺子馄饨,44.7,2026-07-26 13:00:16,南京,玄武区,47.7,4.5
TO202401010364,U11551,味小馆,饺子馄饨,18.92,2026-08-07 19:36:16,杭州,下城区,10.0,4.0
TO202401010365,U11436,小日料食府,饺子馄饨,34.13,2026-08-08 20:30:07,成都,武侯区,46.8,5.0
TO202401010366,U10155,小私房菜,轻食沙拉,35.09,2026-07-27 00:53:16,深圳,罗湖区,40.3,4.0
TO202401010367,U10408,百汉堡厨快餐,粤菜,60.8,2026-07-23 21:17:11,上海,徐汇区,29.1,4.5
TO202401010368,U11384,鼎大饭店,甜品蛋糕,27.3,2026-07-18 11:15:53,广州,海珠区,30.3,3.0
TO202401010369,U10562,千厨快餐,麻辣烫,,2026-08-10 20:23:39,北京,丰台区,58.5,4.5
TO202401010370,U11029,皇大饭店,日料寿司,65.41,2026-07-20 11:36:08,沈阳,铁西区,42.2,4.5
TO202401010371,U10206,亿外卖,火锅,34.06,2026-07-26 10:33:29,长沙,芙蓉区,36.4,5.0
TO202401010372,U10858,豪西餐厨快餐,火锅,50.94,2026-07-18 12:17:30,南京,建邺区,32.2,4.5
TO202401010373,U10885,御记餐厅,奶茶果汁,36.11,2026-07-25 17:36:43,长沙,天心区,40.5,5.0
TO202401010374,U11475,御汉堡厨快餐,饺子馄饨,8.0,2026-07-16 19:11:26,上海,闵行区,35.1,4.5
TO202401010375,U11289,小快餐味道,西餐,32.69,2026-07-29 17:25:06,杭州,下城区,31.1,4.5
TO202401010376,U11240,真外卖,甜品蛋糕,34.83,2026-07-23 17:59:51,苏州,相城区,37.4,3.5
TO202401010377,U10160,御记餐厅,甜品蛋糕,25.22,2026-07-28 22:18:22,武汉,江岸区,47.8,4.5
TO202401010378,U10146,亿私房菜,麻辣烫,51.98,2026-08-10 20:40:51,广州,番禺区,29.5,4.5
TO202401010379,U10743,真美食,面食小吃,26.2,2026-07-21 12:17:38,深圳,罗湖区,27.5,3.5
TO202401010380,U10431,皇奶茶食府,日料寿司,36.32,2026-07-17 20:08:46,大连,甘井子区,44.1,4.0
TO202401010381,U11265,亿食府,汉堡薯条,37.88,2026-08-09 15:03:01,北京,朝阳区,20.5,5.0
TO202401010382,U11358,鼎食堂,披萨意面,28.31,2026-07-21 11:18:28,重庆,九龙坡区,30.5,5.0
TO202401010383,U11210,万小馆,西餐,25.75,2026-07-26 20:59:17,青岛,崂山区,33.1,4.5
TO202401010384,U10183,亿甜品美食,烧烤,8.0,2026-08-07 14:40:40,重庆,渝北区,29.5,5.0
TO202401010385,U11408,千厨快餐,饺子馄饨,35.51,2026-07-17 00:33:52,深圳,罗湖区,28.5,4.5
TO202401010386,U10895,真快餐味道,奶茶果汁,-15.17,2026-08-04 19:38:14,杭州,西湖区,20.5,3.5
TO202401010387,U11255,鲜外卖,烧烤,57.16,2026-07-31 20:14:16,上海,闵行区,43.0,4.0
TO202401010388,U10557,千厨快餐,奶茶果汁,41.13,2026-08-05 13:54:04,重庆,沙坪坝区,44.0,4.5
TO202401010389,U10184,亿食府,快餐便当,33.14,2026-07-13 17:11:06,深圳,福田区,41.1,5.0
TO202401010390,U10299,香私房菜,烧烤,8.0,2026-07-25 19:31:23,杭州,下城区,39.8,3.5
TO202401010391,U10788,亿甜品美食,奶茶果汁,196.95,2026-07-28 11:57:53,苏州,姑苏区,46.8,4.0
TO202401010392,U10661,正外卖,川湘菜,28.8,2026-07-18 19:06:33,西安,雁塔区,27.9,2.0
TO202401010393,U10446,御西餐记餐厅,奶茶果汁,27.28,2026-08-09 16:16:30,西安,长安区,28.9,3.5
TO202401010394,U11414,鲜记餐厅,粤菜,24.34,2026-07-12 19:37:07,重庆,南岸区,40.5,4.5
TO202401010395,U10122,香私房菜,火锅,28.59,2026-08-04 11:31:05,南京,建邺区,25.0,4.0
TO202401010396,U10898,亿厨快餐,快餐便当,25.63,2026-07-28 09:31:14,重庆,渝北区,49.0,5.0
TO202401010397,U11160,味厨快餐,面食小吃,28.8,2026-08-03 12:02:31,重庆,南岸区,20.2,4.5
TO202401010398,U11678,正川湘小馆,面食小吃,41.81,2026-07-26 20:38:58,深圳,龙华区,29.5,4.5
TO202401010399,U10656,豪川湘私房菜,川湘菜,53.56,2026-08-04 16:46:11,深圳,南山区,23.8,4.5
TO202401010400,U10197,大美食,川湘菜,43.32,2026-07-18 18:49:35,大连,甘井子区,43.1,5.0
TO202401010401,U11003,大大饭店,甜品蛋糕,36.64,2026-07-17 06:06:31,北京,海淀区,37.8,5.0
TO202401010402,U11704,亿私房菜,西餐,75.42,2026-07-13 11:45:04,西安,莲湖区,37.2,3.0
TO202401010403,U11083,鲜私房菜,粤菜,49.0,2026-07-23 19:56:26,天津,和平区,15.8,4.5
TO202401010404,U11345,银食府,甜品蛋糕,45.5,2026-07-14 11:33:06,北京,东城区,40.2,5.0
TO202401010405,U10874,大餐厅,麻辣烫,37.41,2026-07-29 17:47:06,南京,玄武区,19.4,4.0
TO202401010406,U10664,豪西餐厨快餐,日料寿司,54.47,2026-07-24 12:10:34,天津,河东区,34.9,5.0
TO202401010407,U10737,鼎小馆,西餐,18.26,2026-08-06 12:15:36,苏州,工业园区,31.7,4.0
TO202401010408,U10454,银食堂,披萨意面,8.0,2026-08-03 23:38:01,大连,中山区,30.8,5.0
TO202401010409,U10319,御厨快餐,烧烤,13.84,2026-08-06 21:32:35,深圳,龙华区,28.3,4.5
TO202401010410,U10664,老厨快餐,麻辣烫,13.9,2026-07-19 12:19:05,深圳,龙岗区,28.3,5.0
TO202401010411,U11597,香私房菜,轻食沙拉,31.89,2026-08-02 20:06:38,杭州,余杭区,32.4,5.0
TO202401010412,U10023,御记餐厅,快餐便当,57.44,2026-08-07 14:59:55,苏州,相城区,49.1,3.5
TO202401010413,U10912,万小馆,甜品蛋糕,31.65,2026-07-22 17:20:32,广州,天河区,28.4,1.0
TO202401010414,U10537,亿私房菜,日料寿司,24.46,2026-07-25 19:09:08,杭州,上城区,46.7,4.5
TO202401010415,U11506,大大饭店,奶茶果汁,8.91,2026-07-16 10:35:12,杭州,余杭区,36.3,4.5
TO202401010416,U10656,皇大饭店,甜品蛋糕,57.72,2026-08-04 12:59:36,广州,海珠区,44.6,5.0
TO202401010417,U10765,亿食府,饺子馄饨,178.18,2026-07-17 12:52:51,重庆,南岸区,37.4,5.0
TO202401010418,U11647,御西餐记餐厅,烧烤,55.4,2026-07-15 07:39:59,西安,雁塔区,53.2,5.0
TO202401010419,U10289,优汉堡餐厅,日料寿司,8.0,2026-07-22 19:13:13,成都,锦江区,29.3,4.5
TO202401010420,U10017,豪川湘私房菜,日料寿司,43.47,2026-07-28 12:03:18,武汉,江岸区,52.6,4.5
TO202401010421,U10779,金厨房,粤菜,70.92,2026-08-07 18:55:06,重庆,渝北区,37.9,5.0
TO202401010422,U10081,银食府,轻食沙拉,49.83,2026-07-27 17:05:11,北京,东城区,64.7,4.0
TO202401010423,U11026,正食堂,饺子馄饨,28.23,2026-07-27 19:01:22,杭州,下城区,24.7,1.0
TO202401010424,U10804,御厨快餐,汉堡薯条,76.25,2026-08-07 20:52:01,北京,东城区,24.9,5.0
TO202401010425,U11239,亿记餐厅,西餐,36.89,2026-08-10 18:40:43,西安,新城区,43.8,2.0
TO202401010426,U10276,小奶茶记餐厅,轻食沙拉,37.9,2026-08-01 17:43:51,武汉,武昌区,41.3,3.5
TO202401010427,U11719,鲜饺子食府,粤菜,55.23,2026-08-01 17:10:20,大连,西岗区,41.1,5.0
TO202401010428,U10560,亿食府,饺子馄饨,8.0,2026-08-07 13:26:19,北京,东城区,44.8,3.0
TO202401010429,U11407,皇食堂,火锅,32.54,2026-07-18 19:39:39,上海,黄浦区,50.4,5.0
TO202401010430,U10335,亿厨快餐,奶茶果汁,28.23,2026-07-16 20:30:45,北京,西城区,28.8,4.5
TO202401010431,U10899,千厨快餐,粤菜,29.25,2026-08-09 22:14:47,北京,朝阳区,27.9,5.0
TO202401010432,U11520,御奶茶小馆,甜品蛋糕,8.86,2026-08-08 14:49:02,深圳,宝安区,21.0,5.0
TO202401010433,U10810,鲜私房菜,面食小吃,199.5,2026-08-07 19:33:06,杭州,余杭区,41.7,4.5
TO202401010434,U10602,亿美食,粤菜,58.2,2026-08-10 11:28:25,深圳,龙华区,21.3,5.0
TO202401010435,U11119,御厨快餐,日料寿司,23.67,2026-07-26 18:05:46,杭州,上城区,35.0,3.5
TO202401010436,U11328,正外卖,粤菜,64.55,2026-07-13 14:57:45,成都,武侯区,19.9,5.0
TO202401010437,U10327,御记餐厅,面食小吃,17.48,2026-07-15 14:23:05,西安,雁塔区,33.2,4.5
TO202401010438,U10859,亿面食厨快餐,烧烤,56.31,2026-08-08 17:42:55,深圳,福田区,54.6,4.0
TO202401010439,U11019,鼎大饭店,面食小吃,36.47,2026-07-21 11:57:08,西安,未央区,34.8,5.0
TO202401010440,U10501,小私房菜,烧烤,16.72,2026-08-07 11:37:42,天津,河东区,36.9,4.5
TO202401010441,U11183,亿麻辣大饭店,烧烤,50.69,2026-08-06 11:11:09,南京,雨花台区,38.8,5.0
TO202401010442,U11612,大记餐厅,麻辣烫,23.37,2026-07-13 13:11:10,深圳,南山区,20.4,4.5
TO202401010443,U10875,小私房菜,汉堡薯条,29.74,2026-07-29 21:05:49,大连,开发区,46.0,5.0
TO202401010444,U11170,大大饭店,汉堡薯条,24.42,2026-07-16 20:21:33,广州,越秀区,39.2,5.0
TO202401010445,U11276,鼎食堂,轻食沙拉,-9.36,2026-07-30 19:45:18,杭州,余杭区,45.3,4.5
TO202401010446,U10396,百奶茶食府,汉堡薯条,48.3,2026-07-27 19:31:31,上海,静安区,11.7,5.0
TO202401010447,U10434,小味道,川湘菜,121.96,2026-08-05 19:13:51,北京,通州区,26.8,4.0
TO202401010448,U10811,豪私房菜,甜品蛋糕,8.0,2026-07-20 08:19:32,上海,徐汇区,28.7,5.0
TO202401010449,U10943,万汉堡小馆,轻食沙拉,96.29,2026-07-18 20:59:43,大连,西岗区,36.8,5.0
TO202401010450,U11182,亿记餐厅,饺子馄饨,10.12,2026-08-09 07:33:19,深圳,宝安区,27.8,5.0
TO202401010451,U11240,鲜粤菜大饭店,麻辣烫,25.72,2026-07-14 10:53:01,青岛,李沧区,44.9,5.0
TO202401010452,U10619,银食堂,面食小吃,16.91,2026-08-02 12:02:17,南京,建邺区,42.2,4.5
TO202401010453,U10315,亿厨快餐,火锅,52.86,2026-07-23 06:12:58,广州,天河区,42.8,3.5
TO202401010454,U10271,味轻食味道,粤菜,36.0,2026-08-07 12:20:09,青岛,黄岛区,29.6,4.5
TO202401010455,U10956,鲜私房菜,汉堡薯条,59.99,2026-08-02 16:00:19,北京,西城区,27.5,5.0
TO202401010456,U11090,御汉堡厨快餐,饺子馄饨,27.06,2026-08-03 03:48:19,杭州,余杭区,28.7,5.0
TO202401010457,U11125,御汉堡厨快餐,烧烤,57.27,2026-07-20 10:07:00,成都,锦江区,31.0,4.5
TO202401010458,U10059,鲜记餐厅,轻食沙拉,20.71,2026-08-05 17:10:04,上海,闵行区,58.5,5.0
TO202401010459,U10913,鼎食堂,烧烤,24.35,2026-07-23 09:25:11,重庆,渝中区,10.7,4.0
TO202401010460,U11664,鲜轻食大饭店,汉堡薯条,64.81,2026-08-02 18:34:05,深圳,福田区,31.7,5.0
TO202401010461,U10744,真快餐味道,麻辣烫,44.49,2026-07-31 19:30:14,成都,高新区,32.8,5.0
TO202401010462,U11732,皇奶茶食府,烧烤,28.4,2026-07-22 20:20:29,西安,长安区,35.3,4.5
TO202401010463,U10618,万汉堡小馆,西餐,33.09,2026-07-29 16:25:52,苏州,高新区,29.4,5.0
TO202401010464,U11606,小奶茶记餐厅,甜品蛋糕,22.76,2026-07-19 11:10:30,深圳,宝安区,42.3,4.5
TO202401010465,U11220,鲜轻食大饭店,火锅,33.1,2026-08-02 11:42:04,天津,河东区,16.1,5.0
TO202401010466,U11012,香私房菜,汉堡薯条,60.61,2026-07-17 22:04:38,武汉,汉阳区,48.9,5.0
TO202401010467,U10798,御奶茶小馆,西餐,45.14,2026-08-08 21:40:51,上海,黄浦区,35.0,4.5
TO202401010468,U10705,亿披萨食府,甜品蛋糕,17.74,2026-08-07 12:50:58,上海,闵行区,10.7,4.0
TO202401010469,U11680,鼎食堂,汉堡薯条,19.53,2026-07-24 10:18:03,北京,丰台区,46.1,4.0
TO202401010470,U11356,百川湘私房菜,西餐,27.66,2026-07-19 18:25:40,长沙,岳麓区,45.7,4.5
TO202401010471,U10146,优汉堡餐厅,麻辣烫,70.21,2026-07-24 21:53:26,上海,静安区,69.2,5.0
TO202401010472,U11424,亿麻辣大饭店,轻食沙拉,56.21,2026-08-01 22:08:05,西安,未央区,51.5,3.5
TO202401010473,U11020,百汉堡厨快餐,粤菜,25.36,2026-07-26 13:52:28,成都,青羊区,40.7,5.0
TO202401010474,U11414,亿私房菜,麻辣烫,9.42,2026-08-09 17:02:02,杭州,拱墅区,27.2,4.5
TO202401010475,U10967,鲜烧烤外卖,川湘菜,27.91,2026-08-10 23:49:17,西安,新城区,36.1,5.0
TO202401010476,U11502,亿记餐厅,日料寿司,38.61,2026-07-21 07:21:34,重庆,沙坪坝区,21.7,4.5
TO202401010477,U10969,银日料餐厅,麻辣烫,34.9,2026-07-21 06:59:38,深圳,罗湖区,15.7,5.0
TO202401010478,U10569,正烧烤小馆,麻辣烫,33.29,2026-08-11 19:39:01,武汉,江岸区,39.8,3.5
TO202401010479,U11654,百川湘私房菜,烧烤,45.99,2026-08-07 01:07:38,南京,建邺区,49.3,4.5
TO202401010480,U10315,鼎大饭店,饺子馄饨,30.84,2026-07-27 19:55:02,苏州,吴中区,39.2,3.0
TO202401010481,U11547,御西餐记餐厅,快餐便当,42.14,2026-07-19 14:40:10,沈阳,皇姑区,54.0,4.5
TO202401010482,U10297,大大饭店,披萨意面,17.77,2026-07-26 15:48:59,上海,长宁区,32.6,4.5
TO202401010483,U11729,小奶茶记餐厅,甜品蛋糕,190.13,2026-08-09 14:43:20,成都,金牛区,30.7,4.5
TO202401010484,U11503,真美食,饺子馄饨,24.86,2026-07-22 12:06:16,青岛,李沧区,25.1,4.0
TO202401010485,U11075,大餐厅,川湘菜,37.34,2026-08-01 23:20:35,上海,徐汇区,35.1,4.5
TO202401010486,U10444,万小馆,川湘菜,30.49,2026-08-03 12:02:01,成都,青羊区,32.2,3.5
TO202401010487,U10227,味厨快餐,烧烤,37.26,2026-07-15 17:24:42,上海,浦东新区,17.7,5.0
TO202401010488,U10527,正外卖,饺子馄饨,38.35,2026-08-09 18:59:17,广州,番禺区,16.7,4.0
TO202401010489,U10410,真快餐味道,麻辣烫,48.57,2026-07-23 12:03:16,北京,朝阳区,32.4,4.5
TO202401010490,U10149,鲜烧烤外卖,甜品蛋糕,10.32,2026-07-16 19:13:39,重庆,渝中区,14.2,5.0
TO202401010491,U10675,真快餐味道,甜品蛋糕,40.0,2026-07-13 15:41:40,西安,未央区,35.0,5.0
TO202401010492,U10006,鲜粤菜大饭店,粤菜,52.48,2026-08-09 15:27:25,北京,通州区,17.6,4.5
TO202401010493,U10185,优食府,面食小吃,27.44,2026-07-16 17:22:21,天津,河北区,24.0,3.0
TO202401010494,U11425,鲜粤菜大饭店,轻食沙拉,126.1,2026-07-14 14:49:18,长沙,天心区,29.0,5.0
TO202401010495,U11214,百汉堡厨快餐,西餐,34.09,2026-07-23 09:40:28,北京,通州区,28.4,4.0
TO202401010496,U10087,小麻辣厨快餐,汉堡薯条,86.73,2026-07-31 16:53:51,深圳,龙岗区,47.4,4.0
TO202401010497,U10075,鲜饺子食府,西餐,42.2,2026-08-01 14:43:55,上海,闵行区,30.2,3.0
TO202401010498,U11680,小快餐味道,西餐,33.18,2026-08-08 18:15:44,重庆,九龙坡区,33.4,3.5
TO202401010499,U10690,小麻辣厨快餐,火锅,14.41,2026-07-14 20:07:31,南京,雨花台区,25.7,5.0
TO202401010500,U10560,鲜饺子食府,饺子馄饨,36.26,2026-07-29 10:53:50,上海,闵行区,38.6,5.0
TO202401010501,U10770,正外卖,快餐便当,26.62,2026-07-23 11:15:59,成都,高新区,31.8,4.5
TO202401010502,U11582,鲜记餐厅,粤菜,13.25,2026-07-12 11:05:45,郑州,金水区,14.6,4.0
TO202401010503,U10180,正记餐厅,火锅,101.6,2026-07-31 16:26:15,上海,黄浦区,28.7,4.5
TO202401010504,U10950,味轻食味道,烧烤,8.68,2026-07-19 10:33:06,成都,成华区,18.7,4.5
TO202401010505,U10745,千奶茶餐厅,奶茶果汁,24.38,2026-08-05 18:58:30,北京,朝阳区,35.1,5.0
TO202401010506,U10059,千厨快餐,面食小吃,39.68,2026-07-30 20:29:02,成都,金牛区,37.4,5.0
TO202401010507,U10667,小日料食府,汉堡薯条,43.56,2026-08-03 17:20:26,上海,黄浦区,52.1,4.0
TO202401010508,U11248,亿西餐私房菜,麻辣烫,14.62,2026-08-07 13:14:04,广州,荔湾区,37.5,5.0
TO202401010509,U10279,御西餐记餐厅,披萨意面,37.78,2026-07-26 11:22:17,深圳,福田区,41.0,5.0
TO202401010510,U10348,御奶茶小馆,面食小吃,9.72,2026-07-17 12:56:18,成都,武侯区,22.2,4.5
TO202401010511,U11507,银食府,奶茶果汁,8.0,2026-07-24 16:55:13,长沙,岳麓区,22.6,4.0
TO202401010512,U10963,御奶茶厨快餐,快餐便当,33.38,2026-07-19 21:09:58,深圳,龙岗区,34.5,5.0
TO202401010513,U11498,银奶茶餐厅,奶茶果汁,22.24,2026-07-26 19:52:06,成都,武侯区,37.6,5.0
TO202401010514,U11195,皇食堂,西餐,29.79,2026-07-19 23:01:30,上海,徐汇区,28.8,4.5
TO202401010515,U10144,鲜粤菜大饭店,轻食沙拉,21.19,2026-08-07 13:50:55,成都,青羊区,44.7,3.5
TO202401010516,U10165,亿记餐厅,粤菜,56.23,2026-07-13 14:17:44,重庆,沙坪坝区,30.0,4.0
TO202401010517,U10358,大记餐厅,粤菜,48.16,2026-08-09 18:56:03,青岛,城阳区,42.4,5.0
TO202401010518,U11439,味轻食味道,饺子馄饨,9.76,2026-08-04 10:21:15,北京,通州区,30.7,4.0
TO202401010519,U11026,大大饭店,披萨意面,29.67,2026-07-22 21:32:43,苏州,吴中区,36.9,4.5
TO202401010520,U10134,亿厨快餐,轻食沙拉,18.53,2026-07-28 20:57:18,上海,闵行区,38.4,4.0
TO202401010521,U10418,大美食,川湘菜,46.18,2026-07-14 21:18:04,郑州,金水区,41.1,4.5
TO202401010522,U10128,优汉堡餐厅,披萨意面,23.87,2026-08-10 17:08:30,北京,西城区,45.7,5.0
TO202401010523,U11724,小私房菜,西餐,25.28,2026-07-31 13:21:41,天津,河东区,26.5,4.0
TO202401010524,U10096,鲜饺子食府,火锅,33.7,2026-07-16 19:10:50,成都,成华区,48.8,4.0
TO202401010525,U11627,亿食府,麻辣烫,39.61,2026-07-31 10:34:18,广州,越秀区,41.8,3.5
TO202401010526,U10704,鲜饺子食府,火锅,26.67,2026-08-11 17:28:16,广州,天河区,40.9,4.0
TO202401010527,U10319,百奶茶食府,粤菜,62.95,2026-07-28 10:01:25,成都,青羊区,26.4,3.0
TO202401010528,U10301,豪私房菜,粤菜,24.3,2026-07-22 18:30:57,武汉,硚口区,62.9,4.5
TO202401010529,U11264,味外卖,西餐,61.24,2026-07-22 09:30:57,青岛,崂山区,39.5,5.0
TO202401010530,U11102,鼎小馆,川湘菜,42.34,2026-07-14 18:37:33,深圳,罗湖区,62.7,5.0
TO202401010531,U10814,鲜饺子食府,粤菜,17.82,2026-08-10 13:31:20,重庆,渝中区,26.3,4.0
TO202401010532,U10909,亿甜品小馆,饺子馄饨,28.02,2026-07-24 01:22:22,长沙,天心区,47.2,5.0
TO202401010533,U10425,正记餐厅,西餐,42.85,2026-08-05 22:27:46,成都,青羊区,31.0,5.0
TO202401010534,U10358,大记餐厅,西餐,33.53,2026-08-11 08:37:48,沈阳,铁西区,36.0,5.0
TO202401010535,U11011,大记餐厅,粤菜,8.0,2026-07-18 20:18:35,西安,碑林区,36.3,4.5
TO202401010536,U10854,百川湘私房菜,西餐,45.28,2026-08-05 10:19:40,成都,锦江区,23.3,3.5
TO202401010537,U11158,小奶茶记餐厅,披萨意面,41.69,2026-07-19 10:17:31,青岛,黄岛区,34.8,4.5
TO202401010538,U10119,鲜饺子食府,火锅,11.52,2026-07-26 18:07:23,广州,番禺区,33.8,5.0
TO202401010539,U11084,鲜烧烤外卖,面食小吃,8.0,2026-07-16 11:17:23,成都,高新区,47.8,5.0
TO202401010540,U10616,鲜外卖,川湘菜,8.0,2026-07-17 09:48:10,上海,闵行区,28.4,4.0
TO202401010541,U10696,正外卖,汉堡薯条,56.68,2026-07-15 17:52:09,西安,莲湖区,36.2,4.5
TO202401010542,U11128,御西餐记餐厅,日料寿司,9.3,2026-07-19 11:57:35,上海,静安区,20.2,4.5
TO202401010543,U11223,大美食,饺子馄饨,19.04,2026-07-15 10:01:30,成都,锦江区,50.0,4.5
TO202401010544,U10256,味轻食味道,麻辣烫,41.13,2026-08-02 05:52:07,大连,西岗区,58.3,5.0
TO202401010545,U11051,真美食,快餐便当,92.94,2026-08-02 19:04:01,沈阳,皇姑区,15.0,4.0
TO202401010546,U10409,味厨快餐,川湘菜,,2026-07-13 12:00:48,成都,金牛区,38.5,4.5
TO202401010547,U10495,御奶茶厨快餐,甜品蛋糕,28.86,2026-07-16 19:17:37,深圳,南山区,40.8,4.0
TO202401010548,U11485,小快餐味道,轻食沙拉,45.77,2026-08-04 16:45:12,北京,丰台区,33.4,5.0
TO202401010549,U10777,万味道,奶茶果汁,45.68,2026-08-07 15:44:37,上海,静安区,51.5,3.5
TO202401010550,U11141,鲜私房菜,汉堡薯条,42.48,2026-07-15 23:07:29,杭州,拱墅区,39.1,4.0
TO202401010551,U11751,万味道,奶茶果汁,21.7,2026-07-24 14:47:19,深圳,南山区,13.8,4.5
TO202401010552,U10174,鲜美食,麻辣烫,26.53,2026-08-09 13:00:43,长沙,开福区,35.3,4.0
TO202401010553,U11218,小麻辣厨快餐,汉堡薯条,41.52,2026-07-30 09:59:57,深圳,龙华区,34.4,5.0
TO202401010554,U10819,鼎食堂,西餐,22.49,2026-08-03 12:45:49,广州,荔湾区,30.3,4.5
TO202401010555,U10275,皇食堂,汉堡薯条,26.18,2026-08-11 16:09:49,重庆,九龙坡区,36.7,5.0
TO202401010556,U11556,鲜烧烤外卖,川湘菜,22.32,2026-07-27 05:11:24,西安,雁塔区,28.5,4.5
TO202401010557,U11119,优汉堡餐厅,饺子馄饨,21.01,2026-08-05 11:42:31,苏州,工业园区,35.6,3.5
TO202401010558,U11596,正记餐厅,轻食沙拉,101.22,2026-08-07 10:28:20,北京,西城区,24.6,4.0
TO202401010559,U11104,御奶茶小馆,西餐,37.05,2026-07-25 12:24:31,西安,未央区,19.5,4.5
TO202401010560,U10656,香私房菜,快餐便当,59.52,2026-07-27 13:31:37,杭州,上城区,32.0,2.0
TO202401010561,U10706,鼎食堂,日料寿司,72.38,2026-08-06 12:47:37,南京,玄武区,39.3,5.0
TO202401010562,U10347,优汉堡餐厅,面食小吃,58.65,2026-07-19 11:19:37,深圳,龙华区,44.3,5.0
TO202401010563,U10648,御记餐厅,甜品蛋糕,31.78,2026-08-01 13:32:57,深圳,宝安区,36.2,5.0
TO202401010564,U10341,正记餐厅,火锅,40.77,2026-07-15 15:44:43,深圳,龙岗区,48.5,4.0
TO202401010565,U11174,小麻辣厨快餐,饺子馄饨,46.99,2026-07-27 20:50:04,大连,西岗区,22.5,5.0
TO202401010566,U10874,味轻食味道,火锅,22.95,2026-08-10 18:37:06,广州,番禺区,29.8,4.5
TO202401010567,U11055,亿西餐私房菜,川湘菜,26.93,2026-08-06 16:19:27,天津,北辰区,26.1,5.0
TO202401010568,U10957,鲜外卖,轻食沙拉,43.22,2026-08-07 18:33:55,苏州,吴中区,48.0,4.0
TO202401010569,U10492,亿食府,粤菜,34.07,2026-08-07 21:59:36,重庆,沙坪坝区,30.8,4.5
TO202401010570,U10587,正外卖,烧烤,56.64,2026-08-06 13:55:53,重庆,南岸区,26.0,5.0
TO202401010571,U10893,万味道,川湘菜,35.94,2026-07-24 09:12:01,重庆,江北区,57.5,4.5
TO202401010572,U11479,千厨快餐,饺子馄饨,43.71,2026-07-17 10:16:50,青岛,市北区,18.4,3.5
TO202401010573,U10812,御厨快餐,奶茶果汁,71.84,2026-07-21 12:04:57,北京,朝阳区,27.9,3.5
TO202401010574,U10184,百汉堡厨快餐,甜品蛋糕,8.0,2026-07-27 10:42:53,北京,通州区,25.0,4.5
TO202401010575,U10358,银食堂,烧烤,34.87,2026-07-22 17:24:51,上海,徐汇区,26.2,5.0
TO202401010576,U10504,正食堂,轻食沙拉,32.26,2026-08-07 07:34:23,成都,金牛区,29.4,4.5
TO202401010577,U11356,亿美食,粤菜,81.56,2026-07-23 18:52:19,苏州,吴中区,39.1,3.5
TO202401010578,U10484,亿甜品美食,日料寿司,51.51,2026-07-19 17:19:40,青岛,黄岛区,32.1,5.0
TO202401010579,U10328,亿甜品美食,川湘菜,62.87,2026-08-09 21:19:05,北京,西城区,27.1,3.5
TO202401010580,U11722,亿记餐厅,粤菜,53.98,2026-07-24 06:55:05,深圳,龙华区,10.0,4.5
TO202401010581,U10928,皇食堂,饺子馄饨,20.41,2026-08-06 18:32:04,成都,锦江区,48.1,4.0
TO202401010582,U10226,正外卖,奶茶果汁,47.03,2026-07-17 14:41:08,北京,通州区,35.2,4.5
TO202401010583,U10533,百川湘私房菜,川湘菜,39.18,2026-08-04 20:43:26,杭州,余杭区,24.8,4.0
TO202401010584,U10459,优汉堡餐厅,快餐便当,50.28,2026-08-05 11:26:23,南京,建邺区,57.3,3.5
TO202401010585,U10878,万小馆,烧烤,43.94,2026-07-30 11:05:29,青岛,黄岛区,52.7,4.5
TO202401010586,U11012,鲜美食,奶茶果汁,8.0,2026-07-17 17:00:45,上海,徐汇区,31.7,4.0
TO202401010587,U10441,千奶茶餐厅,粤菜,34.61,2026-08-09 19:17:18,西安,碑林区,23.2,5.0
TO202401010588,U11193,亿西餐私房菜,汉堡薯条,48.04,2026-07-17 19:01:18,重庆,九龙坡区,33.7,5.0
TO202401010589,U10149,小快餐味道,面食小吃,39.16,2026-08-07 22:25:43,北京,海淀区,46.5,4.5
TO202401010590,U10093,百奶茶食府,烧烤,78.68,2026-08-09 15:22:38,北京,东城区,23.3,4.0
TO202401010591,U11031,鼎大饭店,轻食沙拉,57.59,2026-07-21 13:23:08,杭州,拱墅区,31.9,5.0
TO202401010592,U11709,正食堂,粤菜,95.34,2026-07-16 12:33:27,深圳,宝安区,39.7,3.5
TO202401010593,U10646,千厨快餐,饺子馄饨,36.02,2026-07-20 20:39:53,深圳,宝安区,25.6,3.5
TO202401010594,U10532,正外卖,粤菜,44.65,2026-08-07 18:51:28,厦门,同安区,37.2,5.0
TO202401010595,U11732,鲜饺子食府,汉堡薯条,17.45,2026-08-11 21:02:28,成都,锦江区,49.8,4.5
TO202401010596,U11195,百奶茶食府,面食小吃,20.65,2026-08-07 11:10:47,深圳,福田区,34.5,4.5
TO202401010597,U10807,豪西餐厨快餐,甜品蛋糕,161.76,2026-07-24 08:49:31,苏州,吴中区,12.5,4.0
TO202401010598,U11216,百奶茶食府,火锅,47.83,2026-08-06 10:05:29,青岛,市南区,19.6,3.0
TO202401010599,U11641,千奶茶餐厅,火锅,61.8,2026-07-31 14:46:46,大连,开发区,23.2,3.5
TO202401010600,U10182,优汉堡餐厅,披萨意面,25.93,2026-07-14 22:24:05,天津,北辰区,39.5,3.5
TO202401010601,U10635,亿麻辣大饭店,麻辣烫,43.59,2026-08-04 12:48:41,上海,长宁区,43.3,4.0
TO202401010602,U11549,万味道,饺子馄饨,50.4,2026-08-06 16:31:28,深圳,南山区,26.0,4.5
TO202401010603,U10317,鼎大饭店,面食小吃,24.05,2026-07-25 14:02:32,深圳,福田区,46.2,4.0
TO202401010604,U10615,银食府,面食小吃,39.84,2026-07-14 15:05:58,重庆,沙坪坝区,25.4,4.0
TO202401010605,U11164,正烧烤小馆,火锅,49.77,2026-07-13 08:02:32,成都,成华区,42.9,4.0
TO202401010606,U10852,正记餐厅,火锅,8.0,2026-08-04 01:47:42,广州,天河区,39.9,5.0
TO202401010607,U10160,亿麻辣大饭店,烧烤,13.14,2026-08-04 14:51:16,南京,秦淮区,57.5,5.0
TO202401010608,U11347,亿麻辣大饭店,粤菜,61.2,2026-07-25 02:25:07,郑州,金水区,36.5,4.5
TO202401010609,U10276,小味道,奶茶果汁,61.27,2026-08-05 18:44:43,杭州,滨江区,30.9,5.0
TO202401010610,U11757,万汉堡小馆,奶茶果汁,24.99,2026-08-02 11:01:13,北京,朝阳区,35.8,3.5
TO202401010611,U10040,鼎小馆,甜品蛋糕,59.12,2026-07-16 13:07:10,北京,西城区,23.7,4.5
TO202401010612,U11737,鼎大饭店,粤菜,60.37,2026-07-29 20:03:21,广州,海珠区,35.8,2.0
TO202401010613,U11672,千厨快餐,奶茶果汁,11.02,2026-07-29 12:31:25,武汉,江岸区,36.4,4.0
TO202401010614,U11275,皇大饭店,西餐,32.09,2026-07-13 17:35:04,西安,新城区,52.2,5.0
TO202401010615,U11233,鲜轻食大饭店,麻辣烫,15.17,2026-07-17 19:30:22,西安,雁塔区,40.4,4.0
TO202401010616,U10331,味轻食味道,烧烤,25.22,2026-08-02 22:53:43,郑州,郑东新区,25.7,2.0
TO202401010617,U10621,百汉堡厨快餐,奶茶果汁,28.46,2026-08-01 10:12:10,重庆,渝中区,31.6,1.0
TO202401010618,U10691,小奶茶记餐厅,汉堡薯条,51.25,2026-07-23 12:43:10,武汉,江汉区,56.2,4.0
TO202401010619,U10309,金厨房,甜品蛋糕,31.58,2026-07-29 15:21:50,南京,鼓楼区,37.9,5.0
TO202401010620,U11248,大餐厅,披萨意面,64.39,2026-07-13 21:51:29,重庆,渝北区,30.3,4.0
TO202401010621,U11036,鼎大饭店,粤菜,43.92,2026-07-15 18:55:13,武汉,硚口区,31.3,4.5
TO202401010622,U10502,鲜记餐厅,火锅,46.24,2026-07-31 12:08:07,郑州,二七区,24.5,4.0
TO202401010623,U10863,小日料食府,麻辣烫,17.95,2026-07-15 13:48:26,广州,越秀区,48.6,4.0
TO202401010624,U11651,大美食,汉堡薯条,97.47,2026-08-09 21:54:33,天津,河北区,24.1,5.0
TO202401010625,U11176,香私房菜,川湘菜,31.12,2026-07-24 19:27:03,北京,东城区,37.1,5.0
TO202401010626,U10642,皇大饭店,快餐便当,56.07,2026-08-07 22:26:25,沈阳,浑南区,22.7,4.0
TO202401010627,U10905,皇大饭店,轻食沙拉,11.73,2026-07-30 10:25:28,天津,河东区,15.3,4.5
TO202401010628,U10258,大美食,面食小吃,50.81,2026-07-24 11:19:05,天津,北辰区,37.5,4.0
TO202401010629,U10529,百汉堡厨快餐,披萨意面,32.42,2026-07-27 12:21:48,广州,天河区,33.0,4.5
TO202401010630,U11549,鲜美食,西餐,42.6,2026-07-25 16:46:03,苏州,吴江区,27.2,5.0
TO202401010631,U11362,万汉堡小馆,披萨意面,34.37,2026-07-12 12:15:51,广州,番禺区,19.2,3.0
TO202401010632,U10215,亿外卖,面食小吃,26.13,2026-07-21 18:52:45,南京,建邺区,32.1,4.0
TO202401010633,U10439,鼎小馆,汉堡薯条,28.26,2026-07-26 10:27:53,武汉,洪山区,37.8,5.0
TO202401010634,U11411,千厨快餐,粤菜,51.55,2026-07-24 17:49:25,深圳,龙岗区,23.5,1.0
TO202401010635,U10435,亿西餐私房菜,西餐,54.32,2026-07-16 10:45:29,大连,西岗区,48.6,5.0
TO202401010636,U11070,亿食府,汉堡薯条,40.22,2026-08-09 13:07:38,北京,海淀区,30.4,5.0
TO202401010637,U10441,味厨快餐,披萨意面,187.31,2026-07-21 15:50:09,深圳,罗湖区,47.5,3.5
TO202401010638,U11600,御记餐厅,西餐,14.6,2026-07-16 12:55:02,西安,雁塔区,42.8,3.5
TO202401010639,U10182,银奶茶餐厅,日料寿司,36.96,2026-07-16 10:40:29,长沙,雨花区,17.2,4.0
TO202401010640,U10050,御奶茶小馆,川湘菜,21.41,2026-07-22 07:42:56,广州,荔湾区,38.4,5.0
TO202401010641,U11167,大美食,奶茶果汁,73.59,2026-07-21 18:41:35,天津,北辰区,50.2,4.0
TO202401010642,U11445,银日料餐厅,西餐,36.51,2026-08-08 10:59:34,苏州,高新区,37.1,5.0
TO202401010643,U11760,大大饭店,火锅,37.53,2026-07-30 13:02:31,北京,丰台区,33.0,4.5
TO202401010644,U10834,皇奶茶食府,快餐便当,,2026-07-15 09:10:18,深圳,南山区,42.3,5.0
TO202401010645,U11695,鲜美食,快餐便当,43.12,2026-07-17 18:19:24,南京,建邺区,38.9,5.0
TO202401010646,U10833,豪川湘私房菜,西餐,28.32,2026-07-30 15:48:32,上海,静安区,38.9,4.5
TO202401010647,U11608,豪餐厅,烧烤,61.28,2026-07-19 20:17:35,北京,通州区,30.9,4.5
TO202401010648,U11100,万味道,轻食沙拉,52.05,2026-07-14 18:13:50,武汉,汉阳区,32.7,4.0
TO202401010649,U11224,正烧烤小馆,披萨意面,192.02,2026-07-12 14:53:39,武汉,江汉区,66.1,4.5
TO202401010650,U10183,真快餐味道,粤菜,32.91,2026-08-06 11:53:32,重庆,南岸区,42.0,5.0
TO202401010651,U10701,正川湘小馆,饺子馄饨,40.2,2026-08-03 23:56:27,上海,黄浦区,48.8,3.5
TO202401010652,U10004,亿麻辣大饭店,西餐,163.02,2026-07-19 23:21:13,西安,莲湖区,39.1,4.5
TO202401010653,U11329,鲜烧烤外卖,面食小吃,26.17,2026-08-01 13:57:44,北京,朝阳区,15.5,4.0
TO202401010654,U11427,小味道,汉堡薯条,42.93,2026-07-25 10:52:24,北京,通州区,25.0,4.0
TO202401010655,U11256,正记餐厅,饺子馄饨,27.11,2026-07-25 11:01:48,成都,青羊区,61.5,5.0
TO202401010656,U11681,真快餐味道,汉堡薯条,8.0,2026-08-10 22:02:17,西安,碑林区,35.8,5.0
TO202401010657,U11204,豪餐厅,粤菜,33.11,2026-07-27 11:12:42,郑州,惠济区,17.1,5.0
TO202401010658,U11419,万汉堡小馆,甜品蛋糕,33.09,2026-08-09 20:56:33,北京,东城区,25.5,5.0
TO202401010659,U11729,银奶茶餐厅,烧烤,22.88,2026-08-07 00:27:41,广州,白云区,19.6,5.0
TO202401010660,U10919,御汉堡厨快餐,快餐便当,44.57,2026-07-26 13:48:02,上海,静安区,29.3,4.5
TO202401010661,U10403,皇奶茶食府,火锅,39.2,2026-07-14 17:01:47,深圳,罗湖区,53.1,3.0
TO202401010662,U10506,大餐厅,西餐,66.79,2026-07-31 05:27:51,广州,番禺区,38.2,3.5
TO202401010663,U10195,鼎小馆,甜品蛋糕,35.58,2026-08-06 20:33:50,广州,海珠区,39.7,4.5
TO202401010664,U10112,正记餐厅,甜品蛋糕,24.04,2026-08-08 13:56:54,上海,浦东新区,15.3,4.0
TO202401010665,U11227,小味道,西餐,45.72,2026-07-15 07:03:18,南京,鼓楼区,25.2,4.5
TO202401010666,U10394,大餐厅,汉堡薯条,64.07,2026-08-07 18:21:41,深圳,宝安区,27.0,5.0
TO202401010667,U11484,亿甜品美食,麻辣烫,12.03,2026-07-14 19:12:57,北京,通州区,27.4,4.5
TO202401010668,U11588,鲜饺子食府,麻辣烫,64.2,2026-07-14 12:27:32,广州,天河区,30.0,3.5
TO202401010669,U11710,大记餐厅,披萨意面,11.79,2026-07-22 13:00:33,成都,成华区,25.7,4.5
TO202401010670,U10957,万小馆,粤菜,38.62,2026-07-18 11:58:12,北京,东城区,24.3,4.0
TO202401010671,U11015,味外卖,轻食沙拉,30.98,2026-07-29 12:19:26,深圳,龙岗区,40.0,3.0
TO202401010672,U10769,味轻食味道,日料寿司,8.0,2026-08-02 15:13:15,北京,海淀区,37.5,4.0
TO202401010673,U11567,优食府,快餐便当,46.18,2026-07-23 08:01:35,上海,浦东新区,41.6,4.5
TO202401010674,U10044,百川湘私房菜,披萨意面,31.81,2026-07-18 11:56:16,大连,西岗区,24.3,5.0
TO202401010675,U10491,豪西餐厨快餐,饺子馄饨,-49.05,2026-07-13 18:24:41,广州,天河区,29.3,5.0
TO202401010676,U10267,亿厨快餐,奶茶果汁,9.06,2026-08-09 22:39:56,深圳,福田区,42.6,3.5
TO202401010677,U10602,亿食府,火锅,61.86,2026-07-23 17:40:15,杭州,余杭区,25.3,3.5
TO202401010678,U10963,豪川湘私房菜,麻辣烫,71.76,2026-08-05 20:54:32,广州,番禺区,30.1,5.0
TO202401010679,U11013,鲜记餐厅,烧烤,47.26,2026-08-04 13:33:29,杭州,余杭区,52.1,4.5
TO202401010680,U10626,万味道,轻食沙拉,37.31,2026-08-09 17:02:13,武汉,江岸区,42.9,5.0
TO202401010681,U11195,鲜私房菜,西餐,40.01,2026-08-09 13:35:05,深圳,福田区,38.8,5.0
TO202401010682,U10478,正川湘小馆,川湘菜,40.28,2026-07-25 15:26:23,杭州,下城区,25.1,5.0
TO202401010683,U10737,亿味道,面食小吃,47.77,2026-07-21 16:34:41,北京,朝阳区,39.6,5.0
TO202401010684,U10282,好麻辣食府,轻食沙拉,39.03,2026-08-01 12:47:52,上海,黄浦区,12.0,4.5
TO202401010685,U10305,真快餐味道,奶茶果汁,158.49,2026-07-20 12:25:25,广州,海珠区,16.8,2.0
TO202401010686,U10175,御汉堡厨快餐,披萨意面,15.85,2026-07-18 11:37:50,广州,番禺区,30.6,5.0
TO202401010687,U11511,小味道,西餐,44.67,2026-07-25 14:54:35,上海,闵行区,36.2,5.0
TO202401010688,U10047,豪私房菜,饺子馄饨,9.33,2026-07-22 13:43:48,天津,河西区,46.9,5.0
TO202401010689,U10780,味轻食味道,日料寿司,18.23,2026-07-17 22:21:36,北京,海淀区,23.1,3.5
TO202401010690,U10363,亿味道,披萨意面,25.15,2026-07-18 09:36:28,北京,西城区,27.2,4.0
TO202401010691,U10117,豪西餐厨快餐,面食小吃,32.23,2026-07-13 11:58:24,重庆,九龙坡区,43.5,5.0
TO202401010692,U10422,豪餐厅,披萨意面,47.9,2026-08-07 13:10:07,北京,东城区,44.1,5.0
TO202401010693,U10939,正食堂,奶茶果汁,21.18,2026-08-06 18:10:38,上海,长宁区,30.3,4.0
TO202401010694,U10947,御奶茶小馆,快餐便当,35.32,2026-07-25 20:38:51,北京,海淀区,45.7,4.5
TO202401010695,U11740,百川湘私房菜,日料寿司,52.55,2026-07-31 21:22:44,西安,莲湖区,17.2,4.0
TO202401010696,U10490,正外卖,烧烤,44.48,2026-08-03 14:58:42,广州,白云区,49.2,3.0
TO202401010697,U11132,鲜美食,火锅,32.83,2026-07-21 21:44:46,郑州,惠济区,26.7,1.0
TO202401010698,U11383,鲜轻食大饭店,日料寿司,83.21,2026-07-27 19:26:28,北京,朝阳区,42.0,4.5
TO202401010699,U10992,鲜轻食大饭店,汉堡薯条,65.19,2026-08-07 13:00:16,深圳,宝安区,52.7,4.0
TO202401010700,U10205,百川湘私房菜,烧烤,49.8,2026-07-19 22:08:30,北京,通州区,14.2,5.0
TO202401010701,U10070,万汉堡小馆,奶茶果汁,30.42,2026-07-24 08:48:00,上海,闵行区,28.8,5.0
TO202401010702,U10107,万小馆,快餐便当,26.96,2026-08-06 19:41:42,成都,锦江区,10.0,5.0
TO202401010703,U10690,亿厨快餐,川湘菜,35.57,2026-08-04 21:23:58,北京,西城区,40.2,2.0
TO202401010704,U10660,大记餐厅,川湘菜,141.5,2026-08-10 09:53:53,重庆,江北区,18.5,4.0
TO202401010705,U11339,御汉堡厨快餐,快餐便当,35.94,2026-08-09 13:27:07,上海,黄浦区,40.6,5.0
TO202401010706,U11571,万小馆,西餐,31.16,2026-07-19 18:17:41,深圳,宝安区,32.5,4.5
TO202401010707,U11292,鲜粤菜大饭店,川湘菜,22.56,2026-08-02 19:59:54,沈阳,和平区,31.1,5.0
TO202401010708,U10036,亿麻辣大饭店,轻食沙拉,16.0,2026-07-16 11:48:56,青岛,黄岛区,10.0,5.0
TO202401010709,U10484,万味道,饺子馄饨,171.07,2026-07-27 19:32:37,南京,秦淮区,33.1,5.0
TO202401010710,U10908,亿记餐厅,麻辣烫,190.81,2026-07-14 13:18:12,广州,天河区,41.6,4.5
TO202401010711,U10496,味轻食味道,面食小吃,181.63,2026-08-05 06:50:26,广州,番禺区,27.1,5.0
TO202401010712,U11289,百奶茶食府,汉堡薯条,41.3,2026-08-11 19:44:46,北京,通州区,59.0,5.0
TO202401010713,U10418,百汉堡厨快餐,面食小吃,42.83,2026-08-10 07:09:13,郑州,金水区,40.3,4.0
TO202401010714,U11301,真外卖,烧烤,13.18,2026-07-26 11:12:15,北京,通州区,42.5,4.5
TO202401010715,U11557,亿食府,披萨意面,44.6,2026-07-14 22:25:24,长沙,开福区,46.3,4.0
TO202401010716,U11488,百川湘私房菜,烧烤,37.26,2026-07-13 13:54:05,厦门,海沧区,10.0,5.0
TO202401010717,U10388,百奶茶食府,快餐便当,43.78,2026-07-26 13:38:30,深圳,罗湖区,37.8,5.0
TO202401010718,U11312,真美食,汉堡薯条,79.46,2026-08-03 15:59:26,长沙,望城区,23.3,4.5
TO202401010719,U11539,皇大饭店,面食小吃,50.98,2026-08-11 10:59:36,成都,锦江区,52.4,4.0
TO202401010720,U11665,优食府,川湘菜,61.29,2026-08-02 18:41:24,西安,长安区,26.3,5.0
TO202401010721,U11357,正外卖,快餐便当,8.85,2026-08-02 18:16:38,西安,雁塔区,40.0,4.5
TO202401010722,U10866,皇奶茶食府,披萨意面,8.0,2026-07-31 21:25:45,上海,浦东新区,21.7,5.0
TO202401010723,U11490,亿披萨食府,汉堡薯条,23.56,2026-07-21 22:42:56,成都,高新区,41.9,3.5
TO202401010724,U10198,豪川湘私房菜,饺子馄饨,100.21,2026-08-05 12:13:59,重庆,南岸区,16.4,4.5
TO202401010725,U11029,御西餐记餐厅,西餐,40.16,2026-07-24 12:27:10,重庆,沙坪坝区,41.9,4.5
TO202401010726,U11283,大餐厅,披萨意面,35.8,2026-07-18 08:11:51,武汉,武昌区,25.7,4.5
TO202401010727,U10206,小味道,快餐便当,21.93,2026-07-21 13:17:04,重庆,渝中区,48.3,4.0
TO202401010728,U11559,鲜外卖,轻食沙拉,42.72,2026-08-01 19:02:06,广州,天河区,55.6,4.5
TO202401010729,U10816,御记餐厅,甜品蛋糕,26.35,2026-07-30 12:43:56,杭州,下城区,43.7,5.0
TO202401010730,U10052,亿麻辣大饭店,汉堡薯条,47.54,2026-08-07 19:00:29,北京,东城区,26.2,3.0
TO202401010731,U11352,亿厨快餐,快餐便当,8.84,2026-08-10 19:15:23,郑州,中原区,40.4,4.5
TO202401010732,U11513,亿私房菜,火锅,32.59,2026-07-12 13:02:51,沈阳,大东区,17.0,4.5
TO202401010733,U11065,御奶茶小馆,饺子馄饨,33.52,2026-08-11 20:57:06,成都,武侯区,25.0,5.0
TO202401010734,U10913,御西餐记餐厅,西餐,64.8,2026-07-13 16:05:19,长沙,雨花区,10.0,4.5
TO202401010735,U10668,鲜粤菜大饭店,饺子馄饨,51.27,2026-07-19 11:42:44,重庆,江北区,41.8,5.0
TO202401010736,U10185,亿记餐厅,披萨意面,41.96,2026-07-20 15:57:42,广州,番禺区,39.5,4.0
TO202401010737,U11315,大记餐厅,披萨意面,14.51,2026-08-04 17:41:21,上海,静安区,48.3,5.0
TO202401010738,U10237,御奶茶小馆,火锅,60.05,2026-07-19 09:05:07,成都,青羊区,45.5,4.0
TO202401010739,U10654,优食府,饺子馄饨,55.63,2026-08-10 17:00:19,上海,徐汇区,40.6,2.0
TO202401010740,U10607,味外卖,西餐,17.29,2026-07-28 17:14:06,重庆,江北区,44.1,5.0
TO202401010741,U11410,鲜美食,烧烤,43.88,2026-07-30 10:42:54,重庆,江北区,17.3,5.0
TO202401010742,U10312,味轻食味道,披萨意面,22.91,2026-07-29 18:13:31,沈阳,浑南区,65.2,4.0
TO202401010743,U11350,正外卖,快餐便当,43.98,2026-08-02 07:55:49,西安,碑林区,47.5,2.0
TO202401010744,U10399,小私房菜,日料寿司,29.61,2026-07-25 15:22:48,武汉,洪山区,37.9,5.0
TO202401010745,U10281,亿甜品美食,粤菜,51.61,2026-08-04 17:51:03,北京,东城区,19.7,5.0
TO202401010746,U11608,鲜饺子食府,日料寿司,25.07,2026-07-18 19:12:47,杭州,上城区,25.7,5.0
TO202401010747,U11055,味小馆,甜品蛋糕,22.44,2026-08-01 11:03:06,厦门,海沧区,45.7,5.0
TO202401010748,U11336,御记餐厅,饺子馄饨,36.2,2026-07-31 13:02:07,成都,青羊区,48.9,3.0
TO202401010749,U10245,御西餐记餐厅,汉堡薯条,26.53,2026-08-01 19:55:52,重庆,渝北区,27.2,5.0
TO202401010750,U11626,真美食,麻辣烫,13.95,2026-08-01 16:01:37,上海,闵行区,28.1,4.0
TO202401010751,U10830,优汉堡餐厅,日料寿司,22.04,2026-08-02 12:08:06,深圳,龙华区,51.9,4.5
TO202401010752,U11543,味轻食味道,川湘菜,46.66,2026-08-04 16:04:33,武汉,硚口区,22.2,4.0
TO202401010753,U10179,大记餐厅,烧烤,149.01,2026-08-07 18:00:35,郑州,二七区,38.4,4.0
TO202401010754,U10508,正记餐厅,快餐便当,45.8,2026-07-15 10:19:23,长沙,岳麓区,33.5,4.0
TO202401010755,U10721,亿麻辣大饭店,面食小吃,48.34,2026-08-08 12:34:28,厦门,同安区,45.7,3.0
TO202401010756,U11233,小私房菜,奶茶果汁,40.76,2026-07-15 20:15:02,杭州,余杭区,44.4,3.0
TO202401010757,U10170,正烧烤小馆,川湘菜,34.45,2026-07-16 18:04:35,南京,建邺区,46.8,4.5
TO202401010758,U11154,金厨房,甜品蛋糕,31.9,2026-07-16 11:40:46,成都,高新区,51.9,4.0
TO202401010759,U11400,小私房菜,日料寿司,48.23,2026-07-21 19:24:01,上海,黄浦区,33.0,4.5
TO202401010760,U10455,御记餐厅,汉堡薯条,54.52,2026-07-15 21:49:17,北京,通州区,52.1,5.0
TO202401010761,U10577,小私房菜,烧烤,44.05,2026-07-17 19:19:37,苏州,姑苏区,22.5,4.0
TO202401010762,U11217,小麻辣厨快餐,西餐,18.34,2026-07-17 21:24:11,南京,鼓楼区,51.3,4.5
TO202401010763,U11485,豪西餐厨快餐,粤菜,47.31,2026-07-12 16:09:42,南京,建邺区,43.4,5.0
TO202401010764,U10876,大美食,粤菜,67.1,2026-07-30 18:11:28,苏州,吴江区,33.1,5.0
TO202401010765,U10491,亿披萨食府,麻辣烫,39.48,2026-07-21 20:19:26,郑州,二七区,12.0,5.0
TO202401010766,U11496,御厨快餐,西餐,67.44,2026-08-03 17:31:51,武汉,江汉区,13.2,4.5
TO202401010767,U11462,万味道,粤菜,14.35,2026-08-11 20:44:07,杭州,余杭区,44.3,4.0
TO202401010768,U10918,皇奶茶食府,川湘菜,78.34,2026-07-19 19:58:52,杭州,下城区,34.8,5.0
TO202401010769,U10349,豪西餐厨快餐,汉堡薯条,46.25,2026-08-08 11:23:53,青岛,城阳区,43.3,4.5
TO202401010770,U11511,豪私房菜,日料寿司,46.2,2026-07-19 17:49:54,深圳,龙华区,41.8,5.0
TO202401010771,U10117,鼎食堂,快餐便当,68.03,2026-08-09 22:32:52,上海,徐汇区,17.6,3.5
TO202401010772,U11083,金厨房,轻食沙拉,131.7,2026-07-21 09:22:56,南京,建邺区,23.0,5.0
TO202401010773,U10373,万汉堡小馆,饺子馄饨,34.98,2026-08-08 00:49:42,上海,浦东新区,48.5,5.0
TO202401010774,U10226,亿厨快餐,烧烤,34.96,2026-08-01 14:08:22,广州,荔湾区,33.7,4.0
TO202401010775,U10243,亿甜品小馆,西餐,12.98,2026-07-25 12:02:10,北京,西城区,10.0,2.0
TO202401010776,U10796,豪餐厅,汉堡薯条,50.65,2026-08-02 12:48:49,武汉,江岸区,25.4,3.5
TO202401010777,U11222,小味道,日料寿司,32.64,2026-07-16 12:00:49,大连,中山区,31.4,4.5
TO202401010778,U10539,银食府,川湘菜,47.39,2026-07-27 19:15:39,杭州,下城区,46.7,4.0
TO202401010779,U11288,亿食府,奶茶果汁,31.97,2026-07-26 19:06:44,天津,南开区,18.6,3.5
TO202401010780,U10834,大大饭店,烧烤,12.7,2026-07-13 23:59:09,上海,长宁区,42.4,5.0
TO202401010781,U10718,亿甜品小馆,奶茶果汁,29.74,2026-07-19 14:03:32,西安,碑林区,36.7,5.0
TO202401010782,U10882,味厨快餐,烧烤,28.58,2026-07-17 00:42:47,深圳,南山区,43.9,4.5
TO202401010783,U11658,优食府,粤菜,22.37,2026-07-22 09:42:00,厦门,集美区,16.2,5.0
TO202401010784,U11232,鲜美食,快餐便当,28.36,2026-07-30 11:17:13,苏州,高新区,32.4,4.5
TO202401010785,U10971,真外卖,面食小吃,69.95,2026-08-05 11:28:59,南京,江宁区,51.6,5.0
TO202401010786,U10711,优食府,西餐,58.6,2026-07-16 13:45:16,西安,雁塔区,22.2,4.5
TO202401010787,U10264,优汉堡味道,快餐便当,151.9,2026-08-08 08:26:33,重庆,渝中区,29.1,4.0
TO202401010788,U10338,亿甜品美食,饺子馄饨,13.13,2026-08-05 18:47:52,大连,中山区,45.9,2.0
TO202401010789,U11619,金厨房,西餐,39.28,2026-08-04 13:17:13,杭州,滨江区,41.5,4.0
TO202401010790,U10487,优汉堡味道,快餐便当,29.08,2026-07-28 12:14:18,杭州,余杭区,20.3,5.0
TO202401010791,U10002,皇大饭店,川湘菜,26.48,2026-08-09 12:50:03,重庆,南岸区,27.9,4.5
TO202401010792,U10117,小味道,披萨意面,34.15,2026-07-22 21:56:35,南京,建邺区,41.4,5.0
TO202401010793,U11479,御记餐厅,川湘菜,15.08,2026-08-10 11:01:34,深圳,龙华区,14.8,4.5
TO202401010794,U11541,真快餐味道,麻辣烫,37.61,2026-07-31 17:52:28,广州,番禺区,44.3,4.0
TO202401010795,U10386,豪私房菜,西餐,44.48,2026-08-03 13:57:30,成都,高新区,39.2,3.5
TO202401010796,U10147,万味道,奶茶果汁,42.9,2026-07-31 02:10:56,厦门,湖里区,45.8,5.0
TO202401010797,U10042,御西餐记餐厅,披萨意面,29660.83,2026-08-10 09:33:08,成都,高新区,13.4,5.0
TO202401010798,U10019,大餐厅,面食小吃,30.29,2026-08-09 10:49:05,北京,通州区,63.2,4.0
TO202401010799,U10980,亿食府,奶茶果汁,37.31,2026-08-07 09:08:30,西安,莲湖区,10.0,5.0
TO202401010800,U10850,鲜饺子食府,快餐便当,56.7,2026-07-20 17:01:52,北京,通州区,39.2,3.5
TO202401010801,U11464,御西餐记餐厅,西餐,25.68,2026-07-19 13:22:41,青岛,市南区,61.4,4.0
TO202401010802,U10173,鲜私房菜,甜品蛋糕,49.39,2026-07-19 22:18:22,上海,浦东新区,40.0,3.0
TO202401010803,U10713,大餐厅,烧烤,50.67,2026-07-28 17:43:27,上海,长宁区,49.4,4.0
TO202401010804,U11592,鲜饺子食府,火锅,44.56,2026-07-23 12:58:45,青岛,黄岛区,14.8,2.0
TO202401010805,U10185,亿外卖,麻辣烫,56.56,2026-08-03 19:30:52,上海,长宁区,41.5,5.0
TO202401010806,U11339,银食府,日料寿司,59.07,2026-07-23 15:30:44,上海,长宁区,32.2,5.0
TO202401010807,U11590,味外卖,粤菜,35.94,2026-07-28 15:34:52,成都,武侯区,40.0,4.5
TO202401010808,U10715,优食府,披萨意面,8.0,2026-07-12 23:01:23,北京,东城区,24.2,5.0
TO202401010809,U10114,御厨快餐,汉堡薯条,74.15,2026-07-21 10:54:35,长沙,芙蓉区,30.3,4.0
TO202401010810,U11715,万小馆,披萨意面,15.63,2026-07-16 19:44:27,大连,开发区,48.5,5.0
TO202401010811,U11522,御厨快餐,粤菜,8.0,2026-07-23 08:04:00,上海,黄浦区,25.7,5.0
TO202401010812,U11315,亿味道,甜品蛋糕,33.2,2026-07-26 19:28:50,杭州,下城区,33.5,5.0
TO202401010813,U11171,御奶茶厨快餐,烧烤,53.77,2026-07-17 13:27:43,苏州,高新区,30.8,5.0
TO202401010814,U10114,味外卖,日料寿司,8.0,2026-08-09 12:05:33,西安,未央区,55.5,4.5
TO202401010815,U10779,皇奶茶食府,快餐便当,27.74,2026-08-10 17:04:52,上海,闵行区,22.2,4.5
TO202401010816,U10333,好麻辣食府,汉堡薯条,14.66,2026-07-25 12:06:04,天津,北辰区,50.8,5.0
TO202401010817,U11167,豪私房菜,快餐便当,47.37,2026-07-12 21:12:35,北京,丰台区,61.4,5.0
TO202401010818,U10644,真快餐味道,粤菜,64.82,2026-07-13 12:19:00,武汉,汉阳区,32.6,4.5
TO202401010819,U11202,御记餐厅,西餐,34.55,2026-08-02 09:26:57,深圳,福田区,29.5,5.0
TO202401010820,U11653,鲜饺子食府,饺子馄饨,40.98,2026-07-21 10:29:05,南京,鼓楼区,31.5,3.5
TO202401010821,U10737,小奶茶记餐厅,快餐便当,49.9,2026-07-27 19:41:33,西安,新城区,30.3,5.0
TO202401010822,U11648,小味道,麻辣烫,44.22,2026-07-24 11:39:38,郑州,郑东新区,38.1,4.5
TO202401010823,U10330,豪川湘私房菜,烧烤,41.83,2026-07-28 22:50:57,苏州,相城区,37.8,3.0
TO202401010824,U11331,御厨快餐,汉堡薯条,33.98,2026-07-15 11:49:29,武汉,洪山区,48.6,3.5
TO202401010825,U11730,御汉堡厨快餐,火锅,60.02,2026-07-13 20:25:26,大连,甘井子区,14.0,5.0
TO202401010826,U11433,大记餐厅,快餐便当,82.79,2026-07-27 12:56:43,北京,西城区,43.8,4.0
TO202401010827,U10954,鲜轻食大饭店,川湘菜,51.0,2026-07-21 10:25:54,上海,浦东新区,40.3,5.0
TO202401010828,U10132,御汉堡厨快餐,火锅,52.52,2026-07-15 11:06:58,杭州,拱墅区,32.0,4.5
TO202401010829,U10437,御汉堡厨快餐,甜品蛋糕,13.32,2026-07-18 19:07:17,沈阳,皇姑区,39.2,5.0
TO202401010830,U10046,万味道,烧烤,47.28,2026-08-04 08:51:23,北京,丰台区,10.0,5.0
TO202401010831,U11371,正川湘小馆,麻辣烫,26.5,2026-07-14 08:25:05,广州,越秀区,53.1,4.5
TO202401010832,U11410,正外卖,粤菜,43.54,2026-08-08 14:48:19,天津,和平区,44.6,4.5
TO202401010833,U10296,亿外卖,川湘菜,44.41,2026-07-29 20:35:50,成都,高新区,30.1,4.5
TO202401010834,U10232,银奶茶餐厅,烧烤,46.67,2026-08-03 19:20:00,沈阳,浑南区,45.8,3.5
TO202401010835,U11527,亿厨快餐,日料寿司,17.92,2026-08-11 21:54:08,杭州,西湖区,22.2,5.0
TO202401010836,U10628,御奶茶厨快餐,披萨意面,177.65,2026-07-30 11:13:12,重庆,江北区,32.2,5.0
TO202401010837,U10687,御西餐记餐厅,轻食沙拉,14.85,2026-07-27 23:26:26,郑州,郑东新区,53.1,2.0
TO202401010838,U11298,千奶茶餐厅,粤菜,21.44,2026-07-23 17:10:34,上海,长宁区,38.9,4.0
TO202401010839,U11539,好麻辣食府,汉堡薯条,20.31,2026-08-11 19:06:05,南京,鼓楼区,21.6,4.5
TO202401010840,U10400,鲜记餐厅,汉堡薯条,23.77,2026-07-29 06:18:54,重庆,沙坪坝区,39.1,5.0
TO202401010841,U10580,鲜外卖,轻食沙拉,34.88,2026-07-24 20:45:50,深圳,宝安区,33.5,5.0
TO202401010842,U10314,豪西餐厨快餐,披萨意面,37.05,2026-08-06 19:26:43,重庆,南岸区,60.7,5.0
TO202401010843,U11696,亿美食,饺子馄饨,37.49,2026-07-30 12:36:27,天津,北辰区,67.3,4.5
TO202401010844,U11454,豪餐厅,面食小吃,22.08,2026-07-16 18:46:11,青岛,崂山区,41.0,5.0
TO202401010845,U10191,皇食堂,日料寿司,33.53,2026-08-05 20:40:58,上海,静安区,50.2,5.0
TO202401010846,U11299,鼎食堂,麻辣烫,168.1,2026-07-17 18:34:58,北京,丰台区,32.3,2.0
TO202401010847,U10563,亿私房菜,轻食沙拉,40.93,2026-07-21 17:15:46,广州,越秀区,14.3,4.0
TO202401010848,U10369,亿披萨食府,汉堡薯条,11.56,2026-07-31 17:06:07,上海,浦东新区,39.1,5.0
TO202401010849,U10430,亿甜品小馆,日料寿司,40.24,2026-08-08 11:06:31,杭州,下城区,23.1,4.5
TO202401010850,U10064,鲜美食,火锅,46.27,2026-08-08 19:11:19,郑州,郑东新区,35.5,4.5
TO202401010851,U11097,优汉堡餐厅,面食小吃,21.33,2026-08-11 17:00:10,沈阳,皇姑区,33.7,4.5
TO202401010852,U10259,鲜外卖,烧烤,44.66,2026-07-18 13:57:13,杭州,上城区,36.2,4.0
TO202401010853,U10395,正烧烤小馆,麻辣烫,34.36,2026-07-22 17:18:29,杭州,西湖区,21.0,5.0
TO202401010854,U10999,小奶茶记餐厅,轻食沙拉,36.6,2026-07-20 13:37:50,上海,闵行区,24.7,3.0
TO202401010855,U11295,豪川湘私房菜,西餐,20.11,2026-08-03 19:39:06,成都,成华区,27.1,5.0
TO202401010856,U10815,皇食堂,汉堡薯条,8.0,2026-08-10 12:26:18,上海,浦东新区,20.1,4.5
TO202401010857,U10019,御汉堡厨快餐,粤菜,38.77,2026-07-25 11:15:04,上海,徐汇区,46.3,5.0
TO202401010858,U10445,大餐厅,面食小吃,35.73,2026-07-18 17:20:57,北京,东城区,39.4,5.0
TO202401010859,U11665,御汉堡厨快餐,奶茶果汁,11.8,2026-08-09 19:42:04,广州,白云区,27.2,4.5
TO202401010860,U11180,优汉堡餐厅,烧烤,42.84,2026-07-27 23:26:07,上海,长宁区,40.2,5.0
TO202401010861,U10080,味小馆,川湘菜,44.95,2026-08-11 21:18:08,北京,丰台区,24.8,3.0
TO202401010862,U10641,鼎大饭店,甜品蛋糕,30.35,2026-07-15 19:46:19,北京,西城区,54.8,4.5
TO202401010863,U10059,味外卖,快餐便当,43.96,2026-08-02 14:54:41,北京,东城区,33.7,4.5
TO202401010864,U10755,万汉堡小馆,快餐便当,24.89,2026-07-15 12:44:46,天津,南开区,37.9,3.5
TO202401010865,U11663,御记餐厅,烧烤,41.72,2026-07-20 19:07:03,厦门,思明区,33.5,4.5
TO202401010866,U11304,鼎小馆,川湘菜,49.26,2026-07-29 10:20:55,西安,碑林区,47.7,3.5
TO202401010867,U10606,亿私房菜,火锅,22.27,2026-07-19 15:31:17,上海,静安区,52.5,5.0
TO202401010868,U10442,鲜轻食大饭店,披萨意面,77.42,2026-08-01 19:13:44,武汉,武昌区,50.1,5.0
TO202401010869,U10929,亿食府,披萨意面,8.0,2026-07-15 11:37:48,深圳,宝安区,30.9,5.0
TO202401010870,U10866,皇奶茶食府,川湘菜,26.19,2026-07-19 13:28:55,杭州,上城区,29.4,5.0
TO202401010871,U10058,鲜记餐厅,川湘菜,34.58,2026-07-31 10:56:06,广州,白云区,26.1,5.0
TO202401010872,U10108,亿甜品美食,烧烤,25.65,2026-07-20 21:05:22,杭州,下城区,37.9,4.5
TO202401010873,U11010,大美食,日料寿司,-48.76,2026-07-31 19:27:12,深圳,南山区,46.7,4.5
TO202401010874,U10206,正食堂,奶茶果汁,39.58,2026-07-31 22:14:07,北京,朝阳区,36.1,5.0
TO202401010875,U11609,味轻食味道,火锅,31.27,2026-08-02 13:06:14,郑州,郑东新区,10.4,5.0
TO202401010876,U11408,百汉堡厨快餐,麻辣烫,8.0,2026-07-30 19:06:11,重庆,渝北区,34.6,5.0
TO202401010877,U10540,鲜烧烤外卖,麻辣烫,60.91,2026-07-17 12:29:09,深圳,南山区,30.8,5.0
TO202401010878,U11161,优汉堡味道,披萨意面,21.46,2026-07-30 22:37:00,重庆,渝中区,35.7,4.0
TO202401010879,U11117,正烧烤小馆,川湘菜,25.12,2026-07-17 10:06:06,广州,白云区,53.4,4.0
TO202401010880,U11727,万小馆,西餐,24.08,2026-07-26 20:19:45,杭州,下城区,47.5,3.5
TO202401010881,U10500,御奶茶小馆,粤菜,51.36,2026-07-28 18:09:26,上海,闵行区,21.2,4.5
TO202401010882,U11390,好麻辣食府,轻食沙拉,59.66,2026-07-23 19:12:58,重庆,九龙坡区,30.2,3.5
TO202401010883,U10390,鲜私房菜,甜品蛋糕,23.28,2026-07-17 21:22:56,青岛,城阳区,49.0,5.0
TO202401010884,U10017,鼎大饭店,轻食沙拉,8.0,2026-08-06 10:50:29,杭州,下城区,26.3,5.0
TO202401010885,U10603,小味道,西餐,24.98,2026-08-01 16:18:39,重庆,九龙坡区,32.4,5.0
TO202401010886,U10282,皇大饭店,轻食沙拉,51.77,2026-08-06 10:31:19,北京,东城区,35.4,5.0
TO202401010887,U10165,优汉堡味道,奶茶果汁,32.71,2026-08-01 19:09:05,广州,白云区,28.5,4.5
TO202401010888,U11222,亿面食厨快餐,麻辣烫,8.0,2026-07-19 18:24:27,北京,东城区,50.4,3.0
TO202401010889,U10624,亿私房菜,烧烤,36.51,2026-08-07 19:08:43,武汉,江岸区,26.0,5.0
TO202401010890,U11031,鼎食堂,西餐,39.07,2026-07-26 11:50:56,武汉,江岸区,30.3,4.0
TO202401014453,U11259,正记餐厅,饺子馄饨,8.0,2026-07-25 13:01:58,深圳,宝安区,24.1,4.0
TO202401010892,U11372,百奶茶食府,西餐,39.3,2026-07-23 18:57:36,广州,白云区,32.2,5.0
TO202401010893,U10595,豪私房菜,西餐,47.55,2026-07-26 07:03:17,天津,河东区,19.8,5.0
TO202401010894,U11014,御厨快餐,奶茶果汁,29.23,2026-07-16 17:32:47,重庆,渝中区,16.7,4.5
TO202401010895,U10234,豪川湘私房菜,快餐便当,37.04,2026-08-07 12:19:46,郑州,郑东新区,34.9,4.0
TO202401010896,U10614,小麻辣厨快餐,西餐,56.12,2026-07-28 11:06:30,上海,浦东新区,37.2,3.0
TO202401012082,U11302,优汉堡餐厅,麻辣烫,20.09,2026-08-06 17:52:39,沈阳,沈河区,13.4,4.5
TO202401010898,U11205,鼎大饭店,火锅,15.41,2026-08-01 11:47:44,上海,闵行区,31.1,4.0
TO202401010899,U10797,小味道,甜品蛋糕,38.96,2026-07-24 19:29:26,重庆,九龙坡区,28.7,5.0
TO202401010900,U10938,正食堂,快餐便当,49.12,2026-07-31 18:28:02,广州,番禺区,28.9,3.5
TO202401010901,U10310,鼎食堂,川湘菜,52.97,2026-07-27 20:13:22,沈阳,大东区,26.6,5.0
TO202401010902,U11718,老厨快餐,日料寿司,40.75,2026-07-26 20:08:17,西安,莲湖区,17.8,5.0
TO202401010903,U11189,皇大饭店,甜品蛋糕,38.49,2026-08-01 17:59:32,大连,高新园区,20.5,5.0
TO202401010904,U10662,小日料食府,饺子馄饨,38.05,2026-07-14 05:46:10,南京,秦淮区,52.6,4.0
TO202401010905,U10126,正烧烤小馆,汉堡薯条,32.58,2026-08-05 09:56:11,天津,北辰区,23.3,3.0
TO202401010906,U10773,御厨快餐,川湘菜,57.02,2026-07-14 19:38:40,北京,通州区,12.1,4.0
TO202401010907,U11617,亿厨快餐,汉堡薯条,39.54,2026-07-18 15:43:18,武汉,武昌区,54.5,4.5
TO202401010908,U10147,味小馆,麻辣烫,36.17,2026-08-10 09:02:51,武汉,江岸区,36.0,4.5
TO202401010909,U11144,御厨快餐,饺子馄饨,16.57,2026-07-31 15:53:13,重庆,渝北区,29.2,4.5
TO202401010910,U10105,万小馆,面食小吃,50.15,2026-07-31 20:36:05,北京,西城区,45.4,4.5
TO202401010911,U10589,鲜烧烤外卖,面食小吃,21.92,2026-08-06 12:53:16,深圳,福田区,42.2,5.0
TO202401010912,U10538,皇食堂,快餐便当,61.09,2026-08-09 16:25:39,武汉,硚口区,41.5,4.5
TO202401010913,U10127,百汉堡厨快餐,西餐,44.4,2026-07-18 20:03:08,深圳,罗湖区,56.2,4.0
TO202401010914,U11254,亿私房菜,轻食沙拉,84.45,2026-08-08 18:48:51,北京,丰台区,42.4,4.5
TO202401010915,U11740,小日料食府,快餐便当,8.94,2026-07-20 07:02:31,武汉,武昌区,34.2,5.0
TO202401010916,U10106,鲜粤菜大饭店,饺子馄饨,52.41,2026-08-04 19:34:38,青岛,市南区,21.0,4.5
TO202401010917,U10396,味小馆,日料寿司,8.0,2026-07-25 14:08:07,深圳,福田区,44.7,5.0
TO202401010918,U11642,小味道,披萨意面,34.4,2026-07-19 17:14:26,青岛,市北区,10.0,4.5
TO202401010919,U10598,豪餐厅,甜品蛋糕,51.07,2026-07-14 10:11:18,西安,雁塔区,38.0,5.0
TO202401010920,U11758,味外卖,西餐,42.7,2026-07-16 08:16:34,深圳,龙华区,53.0,3.5
TO202401010921,U10110,皇大饭店,轻食沙拉,21.0,2026-08-04 12:41:15,西安,莲湖区,33.4,4.5
TO202401010922,U10251,豪西餐厨快餐,粤菜,46.87,2026-07-27 08:58:08,成都,成华区,22.8,4.5
TO202401010923,U11204,鲜粤菜大饭店,烧烤,180.36,2026-07-13 11:28:41,天津,南开区,10.0,5.0
TO202401010924,U10776,味厨快餐,川湘菜,52.55,2026-07-14 20:24:31,天津,和平区,36.4,5.0
TO202401010925,U11696,正川湘小馆,饺子馄饨,71.47,2026-08-01 06:48:22,成都,锦江区,24.9,5.0
TO202401010926,U10116,大餐厅,面食小吃,17.6,2026-08-04 12:53:39,苏州,吴中区,40.1,4.0
TO202401010927,U10780,鲜轻食大饭店,粤菜,9.53,2026-08-09 12:34:29,深圳,龙华区,43.8,5.0
TO202401010928,U10691,御奶茶小馆,日料寿司,42.25,2026-07-16 01:51:43,沈阳,沈河区,33.5,4.5
TO202401010929,U10657,正川湘小馆,披萨意面,44.11,2026-07-23 18:50:41,北京,东城区,19.7,4.5
TO202401010930,U10162,正食堂,轻食沙拉,8.0,2026-07-12 00:02:22,上海,长宁区,37.9,5.0
TO202401010931,U10357,鲜饺子食府,披萨意面,38.19,2026-08-10 14:16:49,南京,建邺区,25.9,5.0
TO202401010932,U10466,香私房菜,粤菜,,2026-07-19 18:11:43,南京,鼓楼区,34.5,4.5
TO202401010933,U11038,亿甜品美食,汉堡薯条,29.73,2026-07-12 20:54:22,沈阳,大东区,34.1,5.0
TO202401010934,U10050,亿外卖,甜品蛋糕,32.09,2026-07-18 17:53:52,杭州,上城区,30.8,5.0
TO202401010935,U10307,真美食,快餐便当,124.2,2026-08-10 21:23:30,天津,河西区,31.5,5.0
TO202401010936,U11701,银日料餐厅,快餐便当,11.27,2026-08-05 16:49:47,北京,海淀区,34.2,5.0
TO202401010937,U11290,小私房菜,粤菜,89.28,2026-07-23 23:05:04,重庆,江北区,25.4,1.0
TO202401010938,U10399,御奶茶小馆,烧烤,14.35,2026-07-16 20:51:03,成都,高新区,24.0,5.0
TO202401010939,U11500,银奶茶餐厅,火锅,8.0,2026-07-19 19:23:14,青岛,李沧区,40.5,5.0
TO202401010940,U11693,豪餐厅,轻食沙拉,19.49,2026-07-27 21:41:30,北京,丰台区,27.0,4.5
TO202401010941,U11034,鲜饺子食府,甜品蛋糕,39.68,2026-08-01 18:38:16,杭州,拱墅区,24.5,4.5
TO202401010942,U11521,小快餐味道,麻辣烫,45.21,2026-08-08 20:00:10,杭州,上城区,41.5,3.0
TO202401010943,U10261,小麻辣厨快餐,粤菜,13.0,2026-07-13 11:04:08,郑州,管城区,33.6,4.5
TO202401010944,U10151,鼎食堂,西餐,22.23,2026-07-21 12:52:57,武汉,江岸区,49.1,4.0
TO202401010945,U11679,金厨房,汉堡薯条,25.42,2026-07-25 20:18:48,青岛,黄岛区,35.9,4.0
TO202401010946,U11583,小快餐味道,奶茶果汁,20.95,2026-07-30 13:41:29,上海,浦东新区,43.9,4.5
TO202401010947,U11550,百川湘私房菜,麻辣烫,8.0,2026-07-13 16:33:37,广州,海珠区,33.6,5.0
TO202401010948,U10339,鲜美食,烧烤,28.46,2026-08-07 19:27:33,北京,通州区,59.3,5.0
TO202401010949,U10288,小快餐味道,奶茶果汁,65.05,2026-07-19 11:58:16,广州,荔湾区,33.6,4.0
TO202401010950,U11704,皇食堂,火锅,56.72,2026-08-04 05:57:02,武汉,硚口区,31.3,5.0
TO202401010951,U10245,亿甜品美食,轻食沙拉,8.0,2026-07-25 14:08:53,上海,静安区,42.7,3.0
TO202401010952,U10455,鲜烧烤外卖,火锅,11.87,2026-07-15 10:17:46,成都,金牛区,10.0,4.0
TO202401010953,U10887,小快餐味道,轻食沙拉,39.77,2026-07-20 18:32:43,上海,徐汇区,16.5,3.0
TO202401010954,U10280,真美食,日料寿司,38.48,2026-07-22 20:42:53,西安,新城区,32.8,5.0
TO202401010955,U10181,大美食,披萨意面,46.44,2026-08-01 12:09:31,郑州,二七区,17.0,5.0
TO202401010956,U10778,银日料餐厅,奶茶果汁,37.9,2026-07-12 08:35:39,西安,碑林区,42.3,5.0
TO202401010957,U11290,真快餐味道,甜品蛋糕,54.81,2026-07-28 22:56:19,重庆,九龙坡区,14.4,4.5
TO202401010958,U11356,万味道,汉堡薯条,35.46,2026-07-21 11:56:57,深圳,宝安区,25.1,5.0
TO202401010959,U11230,银奶茶餐厅,川湘菜,60.81,2026-08-01 12:25:45,上海,徐汇区,52.9,3.5
TO202401010960,U10842,真快餐味道,饺子馄饨,15.54,2026-07-20 11:54:50,广州,海珠区,43.3,4.0
TO202401010961,U10341,万汉堡小馆,奶茶果汁,133.72,2026-07-20 07:31:46,成都,武侯区,51.7,5.0
TO202401010962,U10184,亿记餐厅,轻食沙拉,32.15,2026-08-09 18:21:08,苏州,姑苏区,33.5,4.0
TO202401010963,U11470,小日料食府,烧烤,8.0,2026-07-14 07:13:23,深圳,龙岗区,27.3,5.0
TO202401010964,U10814,千厨快餐,快餐便当,192.84,2026-07-22 11:46:15,天津,河西区,33.8,5.0
TO202401010965,U10820,豪餐厅,披萨意面,64.3,2026-07-13 18:44:15,上海,徐汇区,39.2,5.0
TO202401010966,U10310,小快餐味道,粤菜,169.12,2026-08-07 08:32:46,西安,莲湖区,16.3,4.5
TO202401010967,U10541,御奶茶小馆,西餐,112.89,2026-07-18 17:19:50,南京,秦淮区,47.9,5.0
TO202401010968,U10035,鼎大饭店,粤菜,8.0,2026-07-15 22:35:17,深圳,宝安区,37.7,5.0
TO202401010969,U10976,豪私房菜,汉堡薯条,31.43,2026-08-04 18:28:14,深圳,罗湖区,33.7,4.5
TO202401010970,U10171,鲜饺子食府,日料寿司,23.61,2026-07-16 18:05:06,重庆,南岸区,31.9,4.5
TO202401010971,U11708,亿食府,快餐便当,54.57,2026-07-28 20:48:14,南京,秦淮区,40.1,4.0
TO202401010972,U11335,百汉堡厨快餐,火锅,40.86,2026-07-30 20:17:44,深圳,龙岗区,49.9,4.5
TO202401010973,U10027,正外卖,面食小吃,51.68,2026-07-27 20:46:05,成都,武侯区,29.0,5.0
TO202401010974,U10286,小私房菜,日料寿司,50.83,2026-07-18 20:07:02,苏州,吴中区,25.8,4.5
TO202401010975,U11154,皇奶茶食府,麻辣烫,45.45,2026-07-16 23:46:59,深圳,罗湖区,28.5,3.5
TO202401010976,U11529,御厨快餐,麻辣烫,21.41,2026-07-18 18:45:23,广州,番禺区,33.9,3.0
TO202401010977,U11421,小快餐味道,面食小吃,80.11,2026-07-12 13:09:30,杭州,拱墅区,48.5,5.0
TO202401010978,U10394,正食堂,烧烤,21.41,2026-07-14 15:10:04,成都,锦江区,47.4,4.5
TO202401010979,U10158,真美食,麻辣烫,23.67,2026-07-30 12:39:49,天津,河北区,40.3,4.0
TO202401010980,U11581,真美食,甜品蛋糕,41.95,2026-07-20 12:06:08,北京,海淀区,19.7,5.0
TO202401010981,U11645,鲜饺子食府,麻辣烫,50.5,2026-08-07 18:30:13,广州,番禺区,53.3,5.0
TO202401010982,U11024,鲜美食,奶茶果汁,15.68,2026-07-22 21:03:08,上海,浦东新区,34.1,5.0
TO202401010983,U10438,皇奶茶食府,川湘菜,43.31,2026-08-04 18:22:19,武汉,汉阳区,26.1,4.5
TO202401010984,U11335,皇大饭店,麻辣烫,30.38,2026-07-16 14:28:31,长沙,望城区,26.4,3.5
TO202401010985,U10391,御记餐厅,火锅,12.85,2026-08-07 19:22:46,北京,东城区,42.6,3.0
TO202401010986,U10519,御奶茶厨快餐,轻食沙拉,43.12,2026-08-11 11:23:33,上海,闵行区,50.0,3.0
TO202401010987,U11171,皇食堂,披萨意面,61.71,2026-07-13 12:30:25,北京,东城区,40.0,4.5
TO202401010988,U10078,豪西餐厨快餐,快餐便当,8.0,2026-08-11 18:31:11,西安,未央区,39.1,4.0
TO202401010989,U11305,香私房菜,火锅,47.71,2026-07-17 19:55:54,南京,江宁区,44.2,5.0
TO202401010990,U11452,皇奶茶食府,轻食沙拉,33.73,2026-07-20 20:41:39,北京,丰台区,24.2,3.5
TO202401010991,U11559,御奶茶厨快餐,麻辣烫,11.88,2026-08-09 16:42:25,沈阳,浑南区,43.9,5.0
TO202401010992,U10006,亿面食厨快餐,烧烤,28.06,2026-07-17 07:38:12,西安,雁塔区,23.6,3.5
TO202401010993,U11494,亿披萨食府,麻辣烫,16.64,2026-07-22 17:44:05,武汉,江汉区,29.6,5.0
TO202401010994,U10505,亿面食厨快餐,披萨意面,38.53,2026-08-10 19:50:00,深圳,龙华区,46.4,4.0
TO202401010995,U10847,味外卖,披萨意面,24.25,2026-08-03 19:19:03,重庆,江北区,41.8,4.5
TO202401010996,U11314,大美食,西餐,33.09,2026-07-17 12:44:28,上海,黄浦区,48.9,5.0
TO202401010997,U10710,千奶茶餐厅,奶茶果汁,18.16,2026-08-06 06:53:37,天津,北辰区,44.8,4.0
TO202401010998,U10236,大美食,川湘菜,22.66,2026-07-29 19:17:05,深圳,龙岗区,34.3,5.0
TO202401010999,U10016,正外卖,日料寿司,164.15,2026-07-16 17:23:36,重庆,九龙坡区,46.1,4.5
TO202401011000,U11657,亿西餐私房菜,甜品蛋糕,28.01,2026-07-31 09:58:22,杭州,下城区,47.6,5.0
TO202401011001,U10082,小日料食府,饺子馄饨,30.94,2026-08-03 15:15:16,武汉,汉阳区,19.0,4.5
TO202401011002,U11222,大大饭店,奶茶果汁,31.48,2026-07-15 14:17:36,厦门,同安区,36.7,3.0
TO202401011003,U11641,皇大饭店,西餐,81.24,2026-08-04 10:21:50,厦门,同安区,27.1,4.0
TO202401011004,U10184,银食府,麻辣烫,32.67,2026-07-12 10:56:11,深圳,宝安区,39.7,5.0
TO202401011005,U10770,鲜轻食大饭店,粤菜,17.86,2026-07-12 10:06:30,重庆,南岸区,31.3,4.5
TO202401011006,U10869,万小馆,日料寿司,22.04,2026-07-24 12:59:08,广州,天河区,41.3,4.0
TO202401011007,U10696,御奶茶厨快餐,披萨意面,39.36,2026-07-27 19:37:01,杭州,下城区,51.2,5.0
TO202401011008,U10695,鲜粤菜大饭店,川湘菜,42.51,2026-08-04 21:41:14,北京,丰台区,40.9,4.5
TO202401011009,U11397,大美食,披萨意面,79.33,2026-07-21 13:52:30,上海,黄浦区,41.6,5.0
TO202401011010,U11038,鲜粤菜大饭店,川湘菜,8.06,2026-07-22 19:41:55,北京,朝阳区,47.3,5.0
TO202401011011,U11652,鼎小馆,面食小吃,52.84,2026-08-01 18:27:49,成都,武侯区,39.2,5.0
TO202401011012,U11381,亿私房菜,麻辣烫,46.19,2026-08-02 20:23:07,深圳,宝安区,10.0,5.0
TO202401011013,U11002,亿西餐私房菜,火锅,113.81,2026-07-30 11:52:39,北京,通州区,21.9,5.0
TO202401011014,U10730,亿甜品小馆,快餐便当,25.48,2026-08-02 12:21:43,北京,丰台区,56.3,5.0
TO202401011015,U10193,豪餐厅,粤菜,63.71,2026-07-31 17:22:46,成都,金牛区,39.5,5.0
TO202401011016,U11680,大大饭店,甜品蛋糕,8.0,2026-07-25 12:29:44,上海,长宁区,16.9,3.0
TO202401011017,U10161,味小馆,轻食沙拉,10.89,2026-07-22 06:38:46,成都,锦江区,16.1,2.0
TO202401011018,U10238,亿厨快餐,甜品蛋糕,29.73,2026-07-25 03:47:16,重庆,南岸区,15.5,3.0
TO202401011019,U10894,正食堂,粤菜,33.05,2026-07-30 17:50:15,广州,海珠区,31.4,5.0
TO202401011020,U10038,亿甜品小馆,川湘菜,57.86,2026-07-20 18:38:25,重庆,江北区,25.3,4.5
TO202401011021,U11252,千奶茶餐厅,粤菜,45.53,2026-07-26 19:40:20,上海,徐汇区,39.9,5.0
TO202401011022,U10910,亿食府,西餐,120.87,2026-07-30 18:21:34,西安,未央区,52.8,5.0
TO202401011023,U11293,千厨快餐,面食小吃,34.84,2026-07-18 18:43:24,长沙,开福区,38.1,2.0
TO202401011024,U11279,银日料餐厅,麻辣烫,30.93,2026-07-18 23:23:19,沈阳,和平区,45.1,5.0
TO202401011025,U11100,豪餐厅,日料寿司,57.63,2026-07-25 23:01:48,南京,雨花台区,32.5,5.0
TO202401011026,U10821,小私房菜,日料寿司,26.19,2026-07-15 11:07:36,南京,鼓楼区,58.3,2.0
TO202401011027,U11560,御汉堡厨快餐,面食小吃,29.45,2026-07-25 17:20:49,深圳,福田区,39.3,2.0
TO202401012114,U10819,千奶茶餐厅,快餐便当,25.75,2026-07-19 13:48:29,杭州,拱墅区,61.6,3.5
TO202401011029,U10386,皇食堂,甜品蛋糕,54.33,2026-08-04 18:43:58,杭州,下城区,44.2,4.5
TO202401011030,U11165,鲜记餐厅,川湘菜,30.14,2026-07-31 23:38:36,上海,静安区,10.0,5.0
TO202401011031,U10937,豪西餐厨快餐,粤菜,18.46,2026-07-13 17:50:41,北京,东城区,44.2,3.0
TO202401011032,U11400,亿麻辣大饭店,西餐,149.31,2026-07-26 18:12:20,郑州,二七区,38.3,4.5
TO202401011033,U10946,豪川湘私房菜,快餐便当,22.18,2026-08-10 16:07:51,沈阳,沈河区,28.5,5.0
TO202401011034,U11100,鲜美食,粤菜,11.35,2026-08-01 20:30:55,苏州,吴江区,48.8,3.5
TO202401011035,U11485,鲜私房菜,火锅,37.97,2026-08-11 18:28:30,苏州,吴江区,31.3,4.0
TO202401011036,U11621,御西餐记餐厅,粤菜,21799.55,2026-07-31 14:50:07,深圳,龙岗区,49.1,4.5
TO202401011037,U10938,千厨快餐,饺子馄饨,20.97,2026-08-01 10:15:50,上海,长宁区,36.0,4.0
TO202401011038,U10286,鲜饺子食府,面食小吃,21.77,2026-07-22 18:21:50,广州,海珠区,37.8,5.0
TO202401011039,U11460,亿甜品美食,川湘菜,25.05,2026-08-07 17:45:18,广州,越秀区,52.8,5.0
TO202401011040,U11194,正记餐厅,麻辣烫,43.79,2026-08-05 10:38:18,广州,番禺区,27.8,3.5
TO202401011041,U10319,真美食,披萨意面,14.26,2026-07-23 16:55:33,武汉,洪山区,44.3,5.0
TO202401011042,U10029,豪川湘私房菜,火锅,45.69,2026-07-23 20:31:41,杭州,滨江区,47.8,3.5
TO202401011043,U11307,小味道,披萨意面,41.37,2026-07-19 12:49:46,广州,越秀区,18.1,4.5
TO202401011044,U10555,小私房菜,面食小吃,59.72,2026-08-08 19:23:42,苏州,高新区,38.5,4.5
TO202401011045,U11412,银食府,奶茶果汁,22.59,2026-08-07 22:03:28,长沙,雨花区,31.3,4.0
TO202401011046,U10271,大美食,烧烤,29.9,2026-07-17 22:17:35,重庆,九龙坡区,54.5,3.0
TO202401011047,U10149,真外卖,西餐,65.32,2026-07-19 19:30:29,北京,海淀区,49.4,4.0
TO202401011048,U11474,亿甜品美食,饺子馄饨,131.57,2026-07-26 09:37:13,上海,浦东新区,29.1,3.5
TO202401011049,U10673,御奶茶厨快餐,西餐,34.8,2026-08-05 18:29:00,重庆,沙坪坝区,47.3,4.5
TO202401011050,U11549,味厨快餐,西餐,31.34,2026-07-21 20:15:21,杭州,余杭区,50.2,4.5
TO202401011051,U11306,万汉堡小馆,披萨意面,21.03,2026-07-26 11:04:48,北京,丰台区,39.2,4.5
TO202401011052,U11248,味轻食味道,甜品蛋糕,25.57,2026-08-04 11:32:19,上海,浦东新区,48.3,5.0
TO202401011053,U10970,万小馆,饺子馄饨,49.82,2026-07-17 19:50:10,重庆,南岸区,21.8,3.0
TO202401011054,U10724,御汉堡厨快餐,西餐,44.48,2026-07-20 21:30:59,成都,高新区,27.0,5.0
TO202401011055,U10935,正食堂,快餐便当,52.35,2026-07-24 13:48:25,广州,白云区,39.2,5.0
TO202401011056,U11146,真外卖,饺子馄饨,23.89,2026-07-18 18:18:53,天津,南开区,42.5,5.0
TO202401011057,U10094,鲜粤菜大饭店,粤菜,50.39,2026-07-25 12:04:15,上海,静安区,51.3,4.5
TO202401011058,U10756,亿甜品美食,轻食沙拉,29.11,2026-07-27 12:38:37,大连,开发区,38.9,5.0
TO202401011059,U11175,真外卖,面食小吃,31.31,2026-07-16 19:20:49,广州,荔湾区,12.8,4.5
TO202401011060,U11576,豪川湘私房菜,披萨意面,8.0,2026-07-22 17:42:16,北京,海淀区,27.3,5.0
TO202401011061,U10466,亿西餐私房菜,火锅,,2026-08-03 22:23:57,苏州,吴江区,15.3,5.0
TO202401011062,U11650,千厨快餐,饺子馄饨,44.02,2026-08-10 12:38:47,深圳,龙华区,32.3,4.5
TO202401011063,U10669,万汉堡小馆,西餐,8.0,2026-07-14 23:23:01,北京,丰台区,19.1,3.5
TO202401014559,U11733,亿披萨食府,甜品蛋糕,65.94,2026-07-31 19:36:05,广州,海珠区,31.6,4.0
TO202401011065,U11513,亿食府,川湘菜,21.61,2026-07-31 11:04:49,青岛,城阳区,14.7,3.5
TO202401011066,U11177,优汉堡味道,快餐便当,23.23,2026-07-31 12:33:49,深圳,福田区,14.2,5.0
TO202401011067,U10937,真外卖,饺子馄饨,34.29,2026-07-13 11:27:09,南京,秦淮区,43.5,5.0
TO202401011068,U11092,亿麻辣大饭店,披萨意面,38.82,2026-08-08 18:36:09,天津,河西区,41.3,5.0
TO202401011069,U10868,鲜外卖,奶茶果汁,29.8,2026-07-28 22:20:55,北京,海淀区,43.0,5.0
TO202401011070,U11523,味轻食味道,日料寿司,43.67,2026-08-04 05:56:57,厦门,湖里区,32.9,5.0
TO202401011071,U11483,大美食,汉堡薯条,38.13,2026-07-24 11:24:37,北京,西城区,30.1,3.0
TO202401011072,U11637,御奶茶厨快餐,火锅,34.97,2026-07-16 15:38:22,上海,黄浦区,24.5,2.0
TO202401011073,U10634,豪川湘私房菜,日料寿司,40.99,2026-07-15 14:00:24,杭州,滨江区,23.5,5.0
TO202401011074,U10562,亿外卖,快餐便当,23.91,2026-07-21 23:05:41,厦门,翔安区,25.6,3.0
TO202401011075,U11515,优汉堡味道,火锅,151.54,2026-07-17 00:33:09,上海,黄浦区,45.4,5.0
TO202401011076,U10224,正外卖,快餐便当,33.34,2026-07-25 11:33:09,南京,玄武区,13.1,3.5
TO202401011077,U11505,鲜饺子食府,轻食沙拉,83.42,2026-07-24 13:53:16,杭州,下城区,33.0,4.5
TO202401011078,U10135,御西餐记餐厅,西餐,36.7,2026-07-23 17:33:10,成都,成华区,36.7,5.0
TO202401011079,U10526,豪餐厅,火锅,14.59,2026-08-07 17:08:54,成都,武侯区,24.7,4.5
TO202401011080,U11054,豪餐厅,饺子馄饨,8.0,2026-08-10 18:06:30,重庆,南岸区,36.0,5.0
TO202401011081,U11495,正记餐厅,火锅,29.99,2026-08-01 19:45:25,厦门,湖里区,51.2,5.0
TO202401011082,U10297,银日料餐厅,粤菜,30.95,2026-08-01 16:36:56,西安,未央区,60.6,5.0
TO202401011083,U10487,正外卖,日料寿司,156.16,2026-08-03 19:40:03,厦门,思明区,10.0,3.5
TO202401011084,U10928,正川湘小馆,面食小吃,67.65,2026-07-26 20:12:40,深圳,龙岗区,11.7,1.0
TO202401011085,U10998,小私房菜,西餐,15.19,2026-07-20 19:59:21,成都,高新区,56.6,4.0
TO202401011086,U10936,御西餐记餐厅,汉堡薯条,145.2,2026-08-07 19:16:04,重庆,渝北区,22.6,5.0
TO202401011087,U10373,真快餐味道,披萨意面,8.0,2026-07-16 12:28:27,武汉,洪山区,25.7,2.0
TO202401011088,U10310,豪私房菜,披萨意面,64.11,2026-07-18 20:14:49,厦门,同安区,37.0,4.5
TO202401011089,U10339,味外卖,披萨意面,55.94,2026-08-05 13:14:44,杭州,西湖区,30.2,5.0
TO202401011090,U10607,鲜粤菜大饭店,轻食沙拉,44.15,2026-07-17 21:39:27,青岛,黄岛区,27.5,3.0
TO202401011091,U10638,味轻食味道,轻食沙拉,35.44,2026-08-08 15:08:46,杭州,拱墅区,34.9,4.5
TO202401011092,U10496,真快餐味道,饺子馄饨,55.71,2026-08-10 08:26:08,西安,新城区,52.5,4.0
TO202401011093,U10252,银日料餐厅,川湘菜,76.82,2026-07-24 11:53:22,上海,长宁区,48.2,3.5
TO202401011094,U11225,鲜记餐厅,奶茶果汁,20.75,2026-07-16 12:20:00,上海,长宁区,24.0,4.0
TO202401010068,U10557,鲜私房菜,日料寿司,56.1,2026-08-06 17:39:29,重庆,南岸区,55.3,4.0
TO202401011096,U10460,大美食,汉堡薯条,54.67,2026-07-15 15:37:10,长沙,天心区,22.1,4.0
TO202401011097,U10863,香私房菜,川湘菜,53.14,2026-07-30 17:23:15,北京,通州区,22.0,2.0
TO202401011098,U10730,亿私房菜,快餐便当,24.77,2026-08-06 19:57:16,北京,东城区,26.7,5.0
TO202401011099,U11148,亿麻辣大饭店,披萨意面,30.74,2026-07-19 15:37:27,北京,西城区,30.1,4.0
TO202401011100,U11178,小快餐味道,汉堡薯条,15.69,2026-07-28 21:24:02,武汉,硚口区,25.4,3.0
TO202401011101,U11614,亿甜品美食,披萨意面,19.12,2026-07-23 18:57:38,大连,西岗区,40.7,5.0
TO202401011102,U10370,皇食堂,川湘菜,34.33,2026-07-13 13:51:40,成都,成华区,22.2,5.0
TO202401011103,U10721,银食府,烧烤,8.0,2026-07-21 13:01:46,厦门,思明区,41.8,4.0
TO202401011104,U11327,亿外卖,粤菜,36.24,2026-07-22 18:40:16,成都,锦江区,27.9,3.5
TO202401011105,U10466,御汉堡厨快餐,披萨意面,49.22,2026-08-04 11:31:54,深圳,罗湖区,40.9,4.0
TO202401011106,U10994,皇大饭店,火锅,15.64,2026-07-15 13:39:31,广州,番禺区,19.5,3.5
TO202401011107,U11147,优汉堡味道,饺子馄饨,53.17,2026-08-04 22:20:01,天津,河西区,45.2,4.0
TO202401011108,U10539,鲜饺子食府,粤菜,55.47,2026-07-24 18:12:05,武汉,武昌区,43.7,4.5
TO202401011109,U11167,亿私房菜,火锅,66.79,2026-07-24 21:06:54,深圳,罗湖区,29.0,5.0
TO202401011110,U10448,银食府,轻食沙拉,39.16,2026-08-06 11:09:42,沈阳,皇姑区,34.9,4.0
TO202401011111,U11139,小私房菜,甜品蛋糕,69.66,2026-08-05 10:18:15,广州,番禺区,29.8,4.5
TO202401011112,U10745,正川湘小馆,日料寿司,73.3,2026-08-06 17:40:36,上海,黄浦区,13.5,4.0
TO202401011113,U11185,豪餐厅,汉堡薯条,20.31,2026-07-22 12:44:08,深圳,福田区,55.3,4.0
TO202401011114,U11134,味外卖,西餐,40.97,2026-08-02 17:06:51,沈阳,铁西区,27.3,4.0
TO202401011115,U10711,老厨快餐,披萨意面,133.82,2026-07-26 14:37:27,广州,天河区,50.7,4.0
TO202401011116,U11005,小奶茶记餐厅,粤菜,8.0,2026-08-01 08:46:17,西安,雁塔区,22.6,4.0
TO202401011117,U11040,银奶茶餐厅,麻辣烫,8.81,2026-08-11 11:28:19,苏州,吴中区,30.7,4.5
TO202401011118,U11257,豪川湘私房菜,面食小吃,31.0,2026-07-30 20:39:03,苏州,吴江区,24.0,2.0
TO202401011119,U11013,鲜美食,火锅,35.63,2026-08-03 11:38:49,成都,青羊区,27.5,4.5
TO202401011120,U10196,亿面食厨快餐,火锅,11.76,2026-07-29 21:24:51,北京,西城区,45.2,5.0
TO202401011121,U10695,鼎小馆,饺子馄饨,24.49,2026-08-07 16:11:16,上海,长宁区,40.0,4.5
TO202401011122,U10669,鲜粤菜大饭店,烧烤,198.22,2026-07-13 17:35:03,北京,东城区,30.1,5.0
TO202401011123,U10198,亿食府,甜品蛋糕,21.17,2026-07-29 20:11:12,北京,丰台区,24.3,2.0
TO202401011124,U10079,万汉堡小馆,轻食沙拉,39.5,2026-08-08 18:56:49,深圳,福田区,41.1,5.0
TO202401011125,U11019,亿厨快餐,甜品蛋糕,28.38,2026-08-05 12:18:06,大连,中山区,41.2,3.5
TO202401011126,U11135,豪川湘私房菜,火锅,17.94,2026-08-09 21:59:42,上海,静安区,31.5,5.0
TO202401011127,U11660,真美食,汉堡薯条,21.02,2026-07-19 20:12:50,广州,越秀区,41.4,3.0
TO202401011128,U10411,千奶茶餐厅,火锅,15.24,2026-08-01 12:33:36,长沙,岳麓区,28.3,4.5
TO202401011129,U10991,鲜粤菜大饭店,烧烤,20.03,2026-07-21 18:25:27,上海,黄浦区,44.7,5.0
TO202401011130,U11169,好麻辣食府,麻辣烫,77.11,2026-08-04 18:33:53,杭州,下城区,42.5,4.5
TO202401011131,U10888,金厨房,面食小吃,52.58,2026-07-13 05:19:24,重庆,渝北区,63.7,4.0
TO202401011132,U10149,味轻食味道,西餐,70.86,2026-07-23 18:58:13,长沙,雨花区,52.1,4.0
TO202401011133,U11350,亿记餐厅,麻辣烫,42.25,2026-07-30 07:24:13,上海,闵行区,31.5,3.5
TO202401011134,U10865,御奶茶小馆,粤菜,43.52,2026-07-23 20:02:09,沈阳,沈河区,42.0,3.5
TO202401011135,U11725,亿厨快餐,披萨意面,178.83,2026-07-21 21:41:47,长沙,望城区,28.6,5.0
TO202401011136,U11305,御西餐记餐厅,汉堡薯条,28.46,2026-07-30 18:25:02,苏州,相城区,22.6,5.0
TO202401011137,U11098,千奶茶餐厅,烧烤,33.89,2026-07-14 17:10:47,上海,长宁区,53.1,5.0
TO202401011138,U10260,大美食,快餐便当,67.89,2026-07-15 10:52:56,长沙,天心区,15.4,4.5
TO202401011139,U10759,亿甜品美食,粤菜,58.95,2026-07-15 06:24:11,成都,锦江区,44.3,4.5
TO202401011140,U10029,亿食府,火锅,65.4,2026-08-04 18:32:49,上海,静安区,31.7,5.0
TO202401011141,U10130,味外卖,麻辣烫,23.93,2026-08-09 12:12:57,长沙,天心区,25.6,5.0
TO202401011142,U10293,小私房菜,火锅,47.26,2026-08-01 14:55:28,南京,建邺区,38.8,4.5
TO202401011143,U10212,小日料食府,快餐便当,29.67,2026-07-14 16:01:39,北京,通州区,16.1,5.0
TO202401011144,U11687,鲜记餐厅,轻食沙拉,145.47,2026-07-14 13:36:07,深圳,龙岗区,19.1,5.0
TO202401011145,U11303,亿西餐私房菜,西餐,34.67,2026-07-20 18:28:58,武汉,汉阳区,16.8,5.0
TO202401011146,U10526,正外卖,火锅,28.3,2026-07-26 20:14:09,青岛,市北区,53.9,5.0
TO202401011147,U11720,鼎食堂,奶茶果汁,29.5,2026-08-05 10:29:26,西安,未央区,20.5,4.5
TO202401011148,U10272,大大饭店,奶茶果汁,54.2,2026-08-07 14:28:28,厦门,海沧区,31.1,4.0
TO202401011149,U11564,银奶茶餐厅,火锅,21.51,2026-07-18 11:55:46,广州,番禺区,21.0,4.5
TO202401011150,U10844,亿美食,奶茶果汁,8.0,2026-07-24 15:34:41,重庆,江北区,42.7,3.5
TO202401011151,U10352,鲜外卖,粤菜,104.77,2026-08-08 18:59:33,上海,静安区,46.9,4.5
TO202401011152,U11561,千厨快餐,火锅,44.18,2026-07-31 17:51:12,重庆,江北区,43.5,4.0
TO202401011153,U10678,亿披萨食府,火锅,190.42,2026-07-28 18:02:43,南京,雨花台区,37.5,3.5
TO202401011154,U11696,鼎小馆,西餐,44.22,2026-07-18 10:13:19,青岛,李沧区,25.4,4.5
TO202401011155,U11266,银奶茶餐厅,麻辣烫,43.39,2026-07-21 09:35:10,深圳,福田区,31.0,4.5
TO202401011156,U10911,小快餐味道,饺子馄饨,75.45,2026-07-26 23:44:54,武汉,江岸区,16.3,5.0
TO202401011157,U11171,味厨快餐,西餐,8.0,2026-07-26 15:49:01,北京,西城区,16.6,4.5
TO202401011158,U10614,真快餐味道,轻食沙拉,72.44,2026-08-09 17:56:21,郑州,管城区,33.1,5.0
TO202401011159,U11013,优汉堡餐厅,甜品蛋糕,43.4,2026-07-18 18:18:45,上海,闵行区,14.7,2.0
TO202401011160,U10652,皇奶茶食府,快餐便当,8.0,2026-08-11 13:16:12,郑州,管城区,32.1,5.0
TO202401011161,U10164,亿记餐厅,面食小吃,64.01,2026-07-21 14:27:21,重庆,渝北区,40.0,4.5
TO202401011162,U10553,御记餐厅,火锅,41.31,2026-07-12 17:19:24,北京,丰台区,47.9,4.0
TO202401011163,U11001,千奶茶餐厅,烧烤,11.44,2026-08-07 19:26:45,深圳,龙岗区,59.0,4.5
TO202401011164,U11651,大餐厅,奶茶果汁,26.03,2026-08-09 09:42:58,北京,西城区,48.0,4.0
TO202401011165,U10698,鲜烧烤外卖,麻辣烫,41.08,2026-07-14 17:15:49,北京,东城区,37.5,4.0
TO202401011166,U10166,味厨快餐,汉堡薯条,30.35,2026-07-31 12:42:06,武汉,汉阳区,32.3,3.0
TO202401011167,U10974,真外卖,粤菜,41.96,2026-07-12 19:14:13,西安,雁塔区,36.5,4.5
TO202401011168,U10162,百川湘私房菜,奶茶果汁,8.0,2026-08-02 15:46:43,沈阳,铁西区,22.0,4.5
TO202401011169,U10466,正外卖,日料寿司,35.85,2026-07-29 11:07:44,广州,白云区,27.3,4.0
TO202401011170,U10014,正烧烤小馆,烧烤,37.71,2026-07-21 13:40:18,重庆,沙坪坝区,43.9,5.0
TO202401011171,U11466,鼎小馆,快餐便当,63.07,2026-07-14 15:57:46,苏州,姑苏区,42.5,4.0
TO202401011172,U10537,御汉堡厨快餐,西餐,17.46,2026-07-15 17:58:58,大连,开发区,48.9,5.0
TO202401011173,U11414,鼎食堂,日料寿司,8.0,2026-07-23 12:31:20,深圳,宝安区,29.4,5.0
TO202401011174,U10789,亿甜品小馆,快餐便当,48.65,2026-07-22 19:25:29,成都,武侯区,25.1,4.0
TO202401011175,U10309,真美食,麻辣烫,22.23,2026-07-23 20:09:25,郑州,中原区,44.6,3.5
TO202401011176,U11125,正食堂,奶茶果汁,52.8,2026-07-24 10:21:12,上海,浦东新区,36.6,3.0
TO202401011177,U10662,老厨快餐,甜品蛋糕,8.43,2026-08-03 14:54:10,上海,静安区,36.4,5.0
TO202401011178,U10636,万味道,甜品蛋糕,8.0,2026-07-28 15:13:26,广州,越秀区,36.8,5.0
TO202401011179,U10036,鼎小馆,火锅,31.45,2026-07-28 12:23:51,上海,黄浦区,29.2,4.5
TO202401011180,U10574,大记餐厅,火锅,55.88,2026-08-09 18:58:55,成都,青羊区,25.2,4.5
TO202401011181,U10485,银食府,西餐,8.0,2026-08-02 21:20:50,武汉,洪山区,11.3,4.5
TO202401011182,U11490,鲜外卖,汉堡薯条,44.45,2026-07-21 20:24:48,武汉,江汉区,43.5,4.5
TO202401011183,U10670,鼎食堂,披萨意面,38.62,2026-08-05 12:09:23,成都,青羊区,31.6,4.5
TO202401011184,U11322,亿厨快餐,轻食沙拉,59.42,2026-07-16 12:20:31,南京,雨花台区,33.5,4.0
TO202401011185,U11434,小味道,烧烤,13.91,2026-07-21 08:56:12,南京,鼓楼区,32.9,5.0
TO202401011186,U10914,御记餐厅,面食小吃,19.8,2026-07-21 05:41:48,广州,越秀区,40.5,1.0
TO202401011187,U10263,亿外卖,快餐便当,30.43,2026-08-04 09:17:29,上海,长宁区,53.5,5.0
TO202401011188,U10810,百川湘私房菜,火锅,30.81,2026-07-29 13:20:53,上海,徐汇区,20.1,4.5
TO202401011189,U11017,豪川湘私房菜,轻食沙拉,55.9,2026-07-31 12:48:36,南京,鼓楼区,38.5,4.0
TO202401011190,U10703,豪川湘私房菜,西餐,49.26,2026-07-15 11:45:15,北京,海淀区,41.2,5.0
TO202401011191,U10236,正川湘小馆,奶茶果汁,53.83,2026-07-28 18:25:44,深圳,南山区,53.5,4.5
TO202401011192,U10281,御奶茶厨快餐,火锅,171.02,2026-08-01 03:41:53,广州,番禺区,22.0,3.0
TO202401011193,U10082,真外卖,甜品蛋糕,8.24,2026-08-01 02:48:18,深圳,龙华区,35.9,4.5
TO202401011194,U10435,亿食府,面食小吃,19.97,2026-07-29 00:44:05,北京,海淀区,29.4,5.0
TO202401011195,U10685,真外卖,火锅,24.4,2026-08-03 12:35:23,北京,通州区,34.5,4.5
TO202401011196,U10378,御西餐记餐厅,快餐便当,14.19,2026-07-16 12:01:28,郑州,管城区,24.5,4.5
TO202401011197,U11214,正记餐厅,火锅,8.0,2026-08-03 20:12:48,深圳,南山区,26.5,4.0
TO202401011198,U10370,亿记餐厅,奶茶果汁,34.68,2026-07-31 17:56:53,成都,高新区,49.4,5.0
TO202401011199,U11628,银食府,汉堡薯条,35.98,2026-07-24 12:25:38,杭州,余杭区,10.0,4.5
TO202401011200,U11163,正外卖,汉堡薯条,74.23,2026-08-07 18:54:00,南京,鼓楼区,25.9,5.0
TO202401011201,U10071,鲜美食,烧烤,24.83,2026-07-31 22:47:56,北京,海淀区,42.0,5.0
TO202401011202,U10062,鲜记餐厅,麻辣烫,46.35,2026-08-09 20:51:58,上海,长宁区,60.8,4.0
TO202401011203,U11416,亿食府,奶茶果汁,147.59,2026-08-03 14:56:37,北京,朝阳区,26.0,5.0
TO202401011204,U11576,正食堂,粤菜,187.69,2026-07-23 06:27:53,北京,通州区,36.6,4.0
TO202401011205,U11331,鲜私房菜,披萨意面,46.31,2026-07-18 12:42:17,广州,荔湾区,33.2,4.0
TO202401011206,U10752,亿西餐私房菜,披萨意面,28.64,2026-07-29 18:50:14,武汉,汉阳区,15.7,5.0
TO202401011207,U11188,小麻辣厨快餐,火锅,19.69,2026-07-23 21:46:35,杭州,上城区,32.3,4.5
TO202401011208,U10177,亿麻辣大饭店,烧烤,55.75,2026-08-04 10:43:48,成都,金牛区,23.5,2.0
TO202401011209,U11760,鲜饺子食府,甜品蛋糕,8.64,2026-08-09 18:28:48,郑州,中原区,30.6,5.0
TO202401011210,U10167,亿甜品小馆,轻食沙拉,56.2,2026-08-06 10:51:36,深圳,龙华区,52.0,4.0
TO202401011211,U11400,亿记餐厅,西餐,34.33,2026-07-28 16:36:00,北京,丰台区,50.2,4.0
TO202401011212,U10835,大餐厅,奶茶果汁,8.0,2026-08-06 13:59:25,上海,闵行区,31.8,5.0
TO202401011213,U11014,鲜饺子食府,轻食沙拉,26.98,2026-07-17 18:48:12,重庆,九龙坡区,10.2,4.0
TO202401011214,U10063,优汉堡味道,汉堡薯条,27.17,2026-07-19 13:52:13,北京,东城区,33.6,5.0
TO202401011215,U10767,味轻食味道,烧烤,151.71,2026-07-14 12:07:27,上海,闵行区,29.0,5.0
TO202401011216,U10523,鲜记餐厅,披萨意面,13.7,2026-08-09 18:37:02,成都,成华区,10.0,5.0
TO202401011217,U10778,亿味道,西餐,32768.6,2026-08-04 13:37:39,天津,河东区,15.0,1.0
TO202401011218,U11534,味小馆,奶茶果汁,30.41,2026-07-26 17:05:15,苏州,姑苏区,16.2,4.5
TO202401011219,U10262,真美食,披萨意面,42.69,2026-07-13 12:49:45,南京,秦淮区,28.4,5.0
TO202401011220,U11338,亿美食,烧烤,8.0,2026-08-09 14:32:11,重庆,渝中区,39.3,3.0
TO202401011221,U11406,亿食府,披萨意面,38.11,2026-07-27 11:28:18,南京,江宁区,32.3,4.5
TO202401011222,U10374,味外卖,火锅,48.66,2026-07-27 00:49:47,北京,西城区,10.6,5.0
TO202401011223,U11516,亿麻辣大饭店,甜品蛋糕,22.93,2026-08-06 11:28:51,郑州,惠济区,10.0,5.0
TO202401011224,U10970,亿味道,烧烤,8.0,2026-07-23 18:01:45,北京,西城区,32.1,5.0
TO202401011225,U10281,鲜美食,快餐便当,51.06,2026-07-25 08:16:56,成都,高新区,31.4,3.0
TO202401011226,U10379,银日料餐厅,日料寿司,25.16,2026-07-18 11:42:34,上海,静安区,41.7,4.0
TO202401011227,U10230,大大饭店,川湘菜,34.19,2026-07-19 10:08:47,上海,浦东新区,33.3,4.0
TO202401011228,U10972,老厨快餐,西餐,66.39,2026-07-12 20:08:20,广州,白云区,23.6,5.0
TO202401011229,U11763,豪川湘私房菜,西餐,38.36,2026-07-24 18:34:54,上海,黄浦区,28.6,4.5
TO202401011230,U10122,小奶茶记餐厅,快餐便当,44.12,2026-07-29 11:48:26,杭州,西湖区,25.4,5.0
TO202401011231,U10260,老厨快餐,甜品蛋糕,-34.78,2026-07-13 18:59:23,郑州,管城区,45.4,4.0
TO202401011232,U10886,万小馆,快餐便当,48.39,2026-08-08 18:48:40,厦门,同安区,48.5,4.0
TO202401011233,U11652,味小馆,烧烤,24.1,2026-07-15 20:09:49,成都,成华区,26.1,4.5
TO202401011234,U11147,亿麻辣大饭店,甜品蛋糕,8.0,2026-07-22 12:30:32,长沙,雨花区,36.5,4.5
TO202401011235,U11288,鲜外卖,轻食沙拉,56.94,2026-07-16 12:44:31,重庆,沙坪坝区,32.7,5.0
TO202401011236,U10392,亿记餐厅,面食小吃,29.02,2026-07-30 11:59:57,广州,海珠区,42.9,2.0
TO202401011237,U10604,亿厨快餐,川湘菜,39.35,2026-07-20 13:42:12,重庆,南岸区,10.0,4.0
TO202401011238,U11307,银食府,奶茶果汁,25.32,2026-07-28 12:51:29,重庆,渝北区,31.4,3.5
TO202401011239,U11163,亿西餐私房菜,面食小吃,21.49,2026-08-06 11:41:51,南京,江宁区,35.2,5.0
TO202401011240,U10521,鼎大饭店,西餐,17.92,2026-07-30 12:24:52,深圳,罗湖区,31.2,4.0
TO202401011241,U11219,大餐厅,西餐,36.83,2026-07-29 12:36:26,厦门,同安区,38.7,2.0
TO202401011242,U11123,万汉堡小馆,烧烤,36.91,2026-07-16 11:23:48,成都,金牛区,31.2,5.0
TO202401011243,U10567,千奶茶餐厅,日料寿司,120.51,2026-08-09 18:13:02,上海,浦东新区,25.2,4.5
TO202401011244,U10648,味外卖,麻辣烫,8.0,2026-07-31 17:17:59,广州,越秀区,27.5,4.5
TO202401011245,U10255,小快餐味道,奶茶果汁,12.61,2026-07-18 18:10:05,天津,河北区,27.8,4.0
TO202401011246,U11763,万小馆,披萨意面,160.54,2026-07-19 18:57:11,长沙,芙蓉区,30.2,4.5
TO202401011247,U11537,御记餐厅,快餐便当,25.35,2026-07-19 20:26:45,深圳,福田区,37.4,3.5
TO202401011248,U10905,亿麻辣大饭店,奶茶果汁,140.91,2026-07-18 18:27:50,武汉,洪山区,27.2,5.0
TO202401011249,U10561,银食府,粤菜,43.98,2026-07-14 20:43:24,深圳,龙华区,45.6,5.0
TO202401011250,U11638,优汉堡餐厅,日料寿司,47.37,2026-07-23 20:01:43,广州,越秀区,31.4,4.5
TO202401011251,U10750,正川湘小馆,西餐,41.56,2026-07-23 15:46:28,武汉,洪山区,32.2,5.0
TO202401011252,U11557,小日料食府,汉堡薯条,47.84,2026-08-07 18:38:33,上海,黄浦区,13.4,5.0
TO202401011253,U11758,小奶茶记餐厅,烧烤,71.67,2026-07-15 18:03:16,西安,碑林区,48.3,5.0
TO202401011254,U11606,百川湘私房菜,烧烤,35.9,2026-07-19 12:33:04,郑州,二七区,40.2,4.0
TO202401011255,U11603,百川湘私房菜,面食小吃,29.24,2026-08-08 11:51:12,武汉,汉阳区,32.1,5.0
TO202401011256,U10351,鲜外卖,面食小吃,23.68,2026-07-29 13:11:09,上海,长宁区,33.4,5.0
TO202401011257,U11708,豪西餐厨快餐,甜品蛋糕,45.0,2026-07-27 07:08:10,天津,河东区,37.1,3.5
TO202401011258,U10772,御厨快餐,快餐便当,35.29,2026-07-19 11:07:45,苏州,工业园区,52.2,5.0
TO202401011259,U11064,鼎食堂,饺子馄饨,17.31,2026-08-05 18:25:35,广州,白云区,31.9,2.0
TO202401011260,U10074,味轻食味道,汉堡薯条,45.03,2026-08-06 13:16:33,南京,江宁区,32.2,5.0
TO202401011261,U10441,小奶茶记餐厅,饺子馄饨,138.47,2026-08-06 09:57:26,南京,建邺区,41.8,4.0
TO202401011262,U10465,亿甜品美食,烧烤,55.41,2026-07-25 17:48:47,重庆,江北区,51.4,5.0
TO202401011263,U11310,小快餐味道,烧烤,66.13,2026-08-02 13:13:29,杭州,拱墅区,57.2,5.0
TO202401011264,U10977,鲜私房菜,轻食沙拉,12.79,2026-07-26 13:41:55,深圳,罗湖区,41.6,4.5
TO202401011265,U11150,鲜外卖,快餐便当,32.32,2026-07-14 12:19:59,沈阳,皇姑区,34.9,4.0
TO202401011266,U10753,亿美食,饺子馄饨,22.5,2026-07-31 13:28:25,北京,海淀区,49.3,5.0
TO202401011267,U11036,豪川湘私房菜,麻辣烫,8.43,2026-08-07 19:27:48,杭州,西湖区,33.4,4.0
TO202401011268,U11263,鲜粤菜大饭店,烧烤,28.37,2026-07-22 18:46:46,厦门,海沧区,30.0,5.0
TO202401011269,U10874,小私房菜,甜品蛋糕,24.71,2026-07-13 01:08:12,深圳,南山区,38.9,3.5
TO202401011270,U10339,鼎大饭店,汉堡薯条,32.99,2026-07-12 08:54:02,广州,越秀区,48.7,4.5
TO202401011271,U11667,亿记餐厅,川湘菜,61.55,2026-08-05 12:46:23,北京,西城区,10.8,4.5
TO202401011272,U10463,优汉堡餐厅,日料寿司,20.56,2026-07-17 18:45:37,重庆,沙坪坝区,33.8,3.5
TO202401011273,U11687,鲜饺子食府,面食小吃,57.85,2026-08-09 12:46:25,杭州,下城区,40.1,5.0
TO202401011274,U10818,亿甜品小馆,甜品蛋糕,59.88,2026-08-07 11:57:09,上海,黄浦区,26.7,4.5
TO202401011275,U11669,小奶茶记餐厅,麻辣烫,49.29,2026-07-19 18:59:42,深圳,南山区,39.2,4.5
TO202401011276,U10438,小麻辣厨快餐,日料寿司,8.0,2026-07-22 13:19:15,成都,锦江区,38.6,5.0
TO202401011277,U10168,小味道,麻辣烫,15.28,2026-07-19 19:21:10,长沙,天心区,25.7,5.0
TO202401011278,U10066,御厨快餐,烧烤,31.65,2026-08-08 21:50:51,武汉,汉阳区,28.5,4.5
TO202401011279,U10204,亿味道,甜品蛋糕,-8.99,2026-08-01 21:44:22,沈阳,大东区,30.6,5.0
TO202401011280,U11215,优汉堡味道,甜品蛋糕,43.64,2026-07-30 20:12:50,北京,朝阳区,45.5,5.0
TO202401011281,U10196,鼎大饭店,甜品蛋糕,24.03,2026-08-06 12:04:29,长沙,岳麓区,29.2,4.0
TO202401011282,U10601,小麻辣厨快餐,日料寿司,23.87,2026-07-13 20:42:10,上海,徐汇区,14.4,4.5
TO202401011283,U10120,真美食,轻食沙拉,39.91,2026-08-05 20:42:20,天津,南开区,47.9,5.0
TO202401011284,U10986,小奶茶记餐厅,日料寿司,31.72,2026-08-11 10:46:04,上海,浦东新区,45.6,5.0
TO202401011285,U10745,正外卖,日料寿司,25.83,2026-08-01 18:46:37,上海,闵行区,52.8,4.0
TO202401011286,U11605,亿外卖,西餐,9.68,2026-07-13 20:51:16,上海,浦东新区,49.0,2.0
TO202401011287,U11604,皇奶茶食府,烧烤,64.0,2026-08-03 18:42:20,上海,徐汇区,29.8,5.0
TO202401011288,U10414,味厨快餐,日料寿司,48.72,2026-08-07 12:02:56,成都,武侯区,46.1,5.0
TO202401011289,U11026,真外卖,奶茶果汁,34.07,2026-07-31 18:51:39,北京,朝阳区,35.6,4.0
TO202401011290,U11253,真外卖,日料寿司,8.0,2026-08-01 19:32:17,上海,闵行区,30.1,4.5
TO202401011291,U10681,优汉堡餐厅,日料寿司,13.58,2026-08-05 14:46:37,苏州,吴江区,30.6,5.0
TO202401011292,U11210,味外卖,西餐,56.15,2026-07-26 20:59:29,南京,鼓楼区,26.6,5.0
TO202401011293,U11682,鼎小馆,奶茶果汁,107.51,2026-08-07 19:42:57,广州,番禺区,29.2,5.0
TO202401011294,U11500,亿面食厨快餐,饺子馄饨,8.0,2026-07-13 08:51:17,深圳,宝安区,29.3,5.0
TO202401011295,U10796,大记餐厅,粤菜,8.0,2026-07-27 17:34:42,南京,鼓楼区,28.3,3.0
TO202401011296,U11534,正川湘小馆,麻辣烫,28.58,2026-08-01 01:27:05,深圳,龙岗区,42.9,5.0
TO202401011297,U11110,小私房菜,川湘菜,32.77,2026-07-20 11:27:13,重庆,渝北区,23.7,5.0
TO202401011298,U10366,御西餐记餐厅,饺子馄饨,63.26,2026-08-07 20:00:15,北京,海淀区,43.3,5.0
TO202401011299,U10729,亿披萨食府,火锅,14.42,2026-07-27 20:34:29,成都,锦江区,34.1,4.0
TO202401011300,U10129,正外卖,麻辣烫,62.87,2026-07-28 12:01:58,上海,黄浦区,23.8,5.0
TO202401011301,U11549,小奶茶记餐厅,汉堡薯条,35.77,2026-08-05 17:30:59,深圳,龙岗区,23.8,5.0
TO202401011302,U10464,鼎大饭店,面食小吃,39.39,2026-07-18 11:40:30,天津,河北区,15.3,1.0
TO202401011303,U11361,豪西餐厨快餐,川湘菜,46.32,2026-07-22 13:57:02,苏州,工业园区,36.8,5.0
TO202401011304,U10238,真美食,麻辣烫,64.79,2026-08-06 22:55:29,深圳,龙华区,46.8,4.5
TO202401011305,U10639,万汉堡小馆,披萨意面,31.73,2026-08-11 19:21:07,杭州,滨江区,32.8,5.0
TO202401011306,U10313,正食堂,火锅,44.52,2026-08-07 07:19:42,成都,锦江区,33.5,5.0
TO202401011307,U10190,御厨快餐,轻食沙拉,114.22,2026-08-10 13:31:19,长沙,岳麓区,22.8,5.0
TO202401011308,U11192,亿私房菜,奶茶果汁,36.78,2026-08-07 13:06:16,杭州,滨江区,24.6,4.5
TO202401011309,U11414,好麻辣食府,烧烤,55.84,2026-08-06 17:34:58,北京,东城区,18.0,4.5
TO202401011310,U10551,亿美食,麻辣烫,74.03,2026-07-21 21:48:59,青岛,黄岛区,41.8,4.0
TO202401011311,U11149,银食府,汉堡薯条,41.71,2026-07-12 20:02:30,北京,丰台区,23.6,5.0
TO202401011312,U10346,金厨房,奶茶果汁,32.74,2026-07-31 17:55:06,深圳,福田区,33.4,4.0
TO202401011313,U10880,银食堂,甜品蛋糕,30.64,2026-08-01 20:36:50,沈阳,和平区,12.1,5.0
TO202401011314,U11262,鲜美食,粤菜,53.28,2026-08-06 12:08:25,重庆,江北区,33.0,5.0
TO202401011315,U11667,银日料餐厅,汉堡薯条,9.89,2026-07-30 00:07:25,成都,高新区,24.3,4.5
TO202401011316,U10566,御西餐记餐厅,甜品蛋糕,41.67,2026-07-16 07:15:47,大连,西岗区,36.3,2.0
TO202401011317,U11608,鲜美食,披萨意面,44.58,2026-08-02 20:00:26,北京,海淀区,40.1,4.0
TO202401011318,U10385,银食府,西餐,16.54,2026-07-23 16:17:28,深圳,宝安区,14.7,5.0
TO202401011319,U11073,优汉堡味道,奶茶果汁,52.05,2026-07-25 12:27:29,杭州,下城区,52.6,4.0
TO202401011320,U10712,正记餐厅,川湘菜,66.48,2026-07-16 12:27:49,成都,金牛区,36.8,4.5
TO202401011321,U11599,百汉堡厨快餐,川湘菜,32.46,2026-08-02 12:30:24,上海,黄浦区,48.6,5.0
TO202401011322,U10202,鲜外卖,披萨意面,43.73,2026-08-11 17:41:59,杭州,上城区,42.5,5.0
TO202401011323,U11368,大记餐厅,披萨意面,65.12,2026-08-03 02:36:56,重庆,南岸区,51.0,5.0
TO202401011324,U10859,豪私房菜,火锅,37.12,2026-08-09 18:33:00,南京,雨花台区,36.9,4.0
TO202401011325,U10823,亿麻辣大饭店,甜品蛋糕,10.26,2026-07-18 19:46:48,北京,海淀区,43.4,5.0
TO202401011326,U11090,亿记餐厅,西餐,18.92,2026-07-23 18:56:15,武汉,江汉区,56.1,4.0
TO202401011327,U11512,鲜烧烤外卖,汉堡薯条,136.05,2026-07-12 08:36:57,广州,白云区,44.4,4.5
TO202401011328,U10837,鲜美食,烧烤,36.6,2026-07-25 10:47:13,重庆,沙坪坝区,40.3,3.0
TO202401011329,U11528,百汉堡厨快餐,快餐便当,28.91,2026-08-08 09:59:15,重庆,九龙坡区,31.6,4.5
TO202401011330,U10843,亿记餐厅,汉堡薯条,69.55,2026-07-28 18:44:46,杭州,下城区,35.9,5.0
TO202401011331,U10336,皇食堂,粤菜,21.1,2026-07-19 17:00:27,北京,丰台区,10.0,4.5
TO202401011332,U10404,豪餐厅,烧烤,101.53,2026-07-29 18:12:11,北京,通州区,27.1,4.0
TO202401011333,U11558,正记餐厅,披萨意面,30.61,2026-07-25 18:02:07,成都,高新区,16.0,4.0
TO202401011334,U10860,大餐厅,汉堡薯条,101.01,2026-08-02 20:10:30,重庆,江北区,40.1,3.5
TO202401011335,U11386,大大饭店,轻食沙拉,31.63,2026-07-14 13:27:14,苏州,吴中区,28.1,4.0
TO202401011336,U10870,百川湘私房菜,甜品蛋糕,57.2,2026-08-11 20:10:53,青岛,城阳区,34.7,3.0
TO202401011337,U11096,鲜轻食大饭店,轻食沙拉,128.7,2026-07-20 12:13:59,长沙,开福区,14.5,5.0
TO202401011338,U10981,真快餐味道,轻食沙拉,38.55,2026-07-15 18:57:03,北京,丰台区,53.5,5.0
TO202401011339,U11041,亿麻辣大饭店,面食小吃,22.32,2026-08-03 10:33:11,重庆,渝北区,32.9,3.5
TO202401011340,U10090,万味道,西餐,46.65,2026-07-28 08:33:34,郑州,二七区,40.2,4.0
TO202401011341,U11298,好麻辣食府,汉堡薯条,43.62,2026-07-16 19:44:40,长沙,芙蓉区,38.6,4.5
TO202401011342,U11414,皇食堂,披萨意面,65.11,2026-07-26 18:54:21,西安,莲湖区,38.8,4.0
TO202401011343,U11649,小快餐味道,西餐,30.18,2026-07-14 11:47:51,天津,和平区,31.3,4.5
TO202401011344,U10776,御西餐记餐厅,饺子馄饨,39.04,2026-07-31 07:40:47,苏州,高新区,34.5,5.0
TO202401011345,U10588,千厨快餐,面食小吃,25.23,2026-07-21 12:10:05,青岛,黄岛区,33.1,4.5
TO202401011346,U10890,鲜轻食大饭店,快餐便当,31.17,2026-07-16 20:18:32,青岛,市南区,32.6,5.0
TO202401011347,U11085,亿食府,日料寿司,25.72,2026-07-12 12:15:24,北京,朝阳区,44.1,4.5
TO202401011348,U11682,皇奶茶食府,饺子馄饨,37.2,2026-07-19 10:17:32,深圳,南山区,45.5,5.0
TO202401011349,U11143,亿西餐私房菜,甜品蛋糕,46.61,2026-07-13 18:40:30,武汉,江岸区,37.7,3.5
TO202401011350,U10250,真快餐味道,烧烤,25.79,2026-08-04 19:54:59,深圳,南山区,34.0,4.0
TO202401011351,U11121,鲜记餐厅,西餐,32.87,2026-08-08 21:47:00,长沙,岳麓区,54.5,4.5
TO202401011352,U10134,鲜饺子食府,粤菜,28.55,2026-07-27 13:48:12,郑州,二七区,34.2,5.0
TO202401011353,U10497,亿甜品小馆,饺子馄饨,20.88,2026-07-21 11:36:41,深圳,龙华区,18.0,5.0
TO202401011354,U10083,鲜粤菜大饭店,烧烤,71.36,2026-08-03 20:27:13,西安,莲湖区,53.6,4.5
TO202401011355,U11383,豪西餐厨快餐,火锅,128.39,2026-07-24 12:48:23,厦门,翔安区,11.0,5.0
TO202401011356,U10573,优汉堡味道,面食小吃,42.49,2026-07-21 22:58:46,武汉,武昌区,35.7,4.5
TO202401011357,U10365,正食堂,火锅,32.92,2026-07-27 21:49:14,武汉,硚口区,23.6,4.5
TO202401011358,U11746,优汉堡味道,奶茶果汁,33.12,2026-07-26 20:03:43,西安,碑林区,31.9,5.0
TO202401011359,U10808,味外卖,饺子馄饨,41.58,2026-07-18 19:22:12,上海,黄浦区,26.8,4.0
TO202401011360,U10406,百汉堡厨快餐,甜品蛋糕,8.0,2026-07-15 18:29:33,上海,浦东新区,40.2,5.0
TO202401011361,U11481,鲜烧烤外卖,汉堡薯条,29.3,2026-07-18 11:25:41,北京,通州区,42.7,3.5
TO202401011362,U11475,大大饭店,轻食沙拉,72.83,2026-08-04 15:20:24,青岛,城阳区,52.2,4.0
TO202401011363,U11715,万小馆,面食小吃,21.07,2026-07-18 05:51:01,北京,海淀区,29.4,4.5
TO202401011364,U11484,亿甜品小馆,轻食沙拉,8.0,2026-08-02 12:40:44,青岛,市北区,35.3,4.5
TO202401011365,U11655,鲜美食,披萨意面,13.77,2026-08-01 13:39:50,北京,丰台区,55.6,4.5
TO202401011366,U11549,银奶茶餐厅,奶茶果汁,18.64,2026-07-21 17:14:14,杭州,滨江区,43.2,4.5
TO202401011367,U10157,亿披萨食府,烧烤,42.98,2026-07-17 11:38:32,上海,闵行区,42.1,5.0
TO202401011368,U11622,味小馆,奶茶果汁,124.02,2026-08-03 19:08:33,厦门,翔安区,28.6,5.0
TO202401011369,U11733,优汉堡餐厅,快餐便当,26.97,2026-07-25 22:47:02,杭州,拱墅区,34.3,4.5
TO202401011370,U10315,亿西餐私房菜,汉堡薯条,40.79,2026-07-28 11:24:25,厦门,思明区,31.6,5.0
TO202401011371,U11126,味厨快餐,日料寿司,34.58,2026-07-18 22:49:13,深圳,龙华区,45.9,4.5
TO202401011372,U10540,优汉堡味道,粤菜,28.84,2026-07-31 15:48:35,武汉,汉阳区,29.8,4.5
TO202401011373,U10976,小私房菜,粤菜,15.69,2026-07-19 21:00:50,大连,中山区,32.7,5.0
TO202401011374,U11415,优汉堡餐厅,甜品蛋糕,28.03,2026-07-24 11:41:23,郑州,二七区,30.9,5.0
TO202401011375,U10927,正烧烤小馆,甜品蛋糕,39.85,2026-07-23 17:45:04,天津,河东区,25.7,5.0
TO202401011376,U11345,优汉堡味道,披萨意面,12.87,2026-08-04 18:39:40,天津,河北区,43.0,3.5
TO202401011377,U10297,万汉堡小馆,饺子馄饨,37.46,2026-08-04 19:43:43,武汉,硚口区,11.5,4.5
TO202401011378,U11166,亿厨快餐,麻辣烫,21.22,2026-07-31 17:09:21,深圳,宝安区,31.0,3.5
TO202401011379,U11146,香私房菜,日料寿司,32.26,2026-07-18 19:52:14,郑州,金水区,41.4,4.5
TO202401011380,U10905,百川湘私房菜,粤菜,57.59,2026-08-11 15:25:40,南京,鼓楼区,48.7,5.0
TO202401011381,U10499,大美食,麻辣烫,39.96,2026-08-09 19:33:38,上海,静安区,52.6,5.0
TO202401011382,U10291,豪私房菜,甜品蛋糕,51.55,2026-08-04 20:18:52,重庆,沙坪坝区,35.2,4.0
TO202401011383,U10544,亿披萨食府,饺子馄饨,20.7,2026-07-28 20:09:25,成都,锦江区,28.9,4.5
TO202401011384,U11376,鲜饺子食府,饺子馄饨,36.49,2026-07-23 13:04:59,武汉,硚口区,33.2,4.5
TO202401011385,U10305,百汉堡厨快餐,甜品蛋糕,60.24,2026-07-21 12:59:48,上海,静安区,50.8,5.0
TO202401011386,U10002,百奶茶食府,川湘菜,55.79,2026-08-06 12:57:02,天津,河西区,17.0,4.0
TO202401011387,U10413,鲜烧烤外卖,汉堡薯条,43.97,2026-07-30 21:24:04,长沙,开福区,34.9,5.0
TO202401011388,U10571,亿私房菜,烧烤,41.36,2026-07-22 22:54:01,重庆,沙坪坝区,36.3,4.5
TO202401011389,U10907,银奶茶餐厅,川湘菜,40.31,2026-08-07 12:29:26,重庆,渝中区,11.3,3.5
TO202401011390,U10119,鼎小馆,轻食沙拉,50.38,2026-07-23 18:17:01,上海,闵行区,27.1,5.0
TO202401011391,U11007,鲜记餐厅,轻食沙拉,37.32,2026-08-04 13:08:38,上海,长宁区,36.8,4.0
TO202401011392,U10538,豪川湘私房菜,奶茶果汁,192.39,2026-08-10 17:59:38,深圳,南山区,43.5,4.0
TO202401011393,U10821,大餐厅,西餐,8.93,2026-07-19 21:59:20,上海,长宁区,56.6,3.0
TO202401011394,U10230,味外卖,饺子馄饨,39.28,2026-07-26 11:57:58,武汉,江汉区,39.8,5.0
TO202401011395,U10916,鲜烧烤外卖,轻食沙拉,8.0,2026-08-10 12:29:31,成都,成华区,25.6,5.0
TO202401011396,U11045,鲜私房菜,披萨意面,45.48,2026-07-21 17:46:10,重庆,南岸区,27.0,5.0
TO202401011397,U10290,鲜轻食大饭店,粤菜,20.92,2026-07-21 07:28:13,北京,东城区,14.4,4.5
TO202401011398,U11206,万汉堡小馆,披萨意面,47.94,2026-07-27 21:04:00,天津,北辰区,20.2,3.5
TO202401011399,U11406,亿麻辣大饭店,西餐,20.26,2026-07-18 16:26:10,上海,闵行区,30.2,4.0
TO202401011400,U10652,银奶茶餐厅,快餐便当,35.39,2026-08-07 11:52:34,广州,荔湾区,40.9,4.5
TO202401011401,U11394,鲜美食,西餐,40.32,2026-08-03 22:01:31,深圳,龙岗区,19.4,4.5
TO202401011402,U10747,百奶茶食府,日料寿司,9.09,2026-07-24 21:15:57,杭州,西湖区,46.7,4.0
TO202401011403,U11350,优食府,快餐便当,19.26,2026-08-01 11:14:40,武汉,江汉区,49.6,5.0
TO202401011404,U10356,鲜烧烤外卖,甜品蛋糕,26.5,2026-08-11 21:43:16,苏州,高新区,38.9,4.0
TO202401011405,U11276,亿麻辣大饭店,面食小吃,14.19,2026-07-24 14:38:02,上海,静安区,29.8,5.0
TO202401011406,U11416,小日料食府,川湘菜,65.62,2026-08-07 22:08:57,广州,白云区,23.5,3.0
TO202401011407,U10691,金厨房,面食小吃,20.06,2026-08-10 17:44:16,长沙,开福区,34.5,3.5
TO202401011408,U11341,亿甜品美食,汉堡薯条,8.0,2026-07-14 12:40:34,重庆,渝北区,33.5,5.0
TO202401011409,U11260,鼎小馆,烧烤,12.81,2026-07-19 17:28:24,深圳,福田区,37.1,5.0
TO202401011410,U10307,御奶茶小馆,轻食沙拉,62530.53,2026-08-10 08:40:42,深圳,南山区,32.7,5.0
TO202401011411,U11619,万汉堡小馆,火锅,24.93,2026-08-03 10:53:08,成都,武侯区,49.2,4.0
TO202401011412,U10738,鲜粤菜大饭店,日料寿司,35.46,2026-07-24 11:40:50,重庆,渝中区,38.9,5.0
TO202401011413,U10701,豪西餐厨快餐,烧烤,45.32,2026-08-02 17:01:43,西安,莲湖区,41.9,4.0
TO202401011414,U11298,御厨快餐,川湘菜,15.05,2026-07-24 17:12:08,广州,白云区,52.6,4.5
TO202401011415,U11172,大餐厅,火锅,42.43,2026-08-06 19:53:55,杭州,滨江区,63.1,3.5
TO202401011416,U10703,鲜粤菜大饭店,麻辣烫,19.01,2026-07-14 18:20:11,成都,金牛区,32.8,4.5
TO202401011417,U10457,御奶茶厨快餐,汉堡薯条,38.83,2026-07-24 17:55:44,大连,西岗区,49.5,5.0
TO202401011418,U10032,亿外卖,饺子馄饨,8.0,2026-07-23 04:41:31,武汉,汉阳区,31.4,4.5
TO202401011419,U11688,御奶茶小馆,汉堡薯条,26.24,2026-07-21 12:00:12,杭州,余杭区,50.7,3.5
TO202401011420,U11624,亿味道,汉堡薯条,45.7,2026-08-08 17:10:03,青岛,市南区,56.6,5.0
TO202401011421,U10355,优食府,甜品蛋糕,61.34,2026-07-24 09:18:29,长沙,芙蓉区,49.1,5.0
TO202401011422,U11271,鲜外卖,披萨意面,36.41,2026-07-26 20:33:06,郑州,管城区,47.6,5.0
TO202401011423,U11083,鲜美食,粤菜,61.6,2026-08-05 12:49:50,上海,闵行区,45.8,5.0
TO202401011424,U11053,大大饭店,面食小吃,35.1,2026-07-29 17:53:08,南京,秦淮区,33.6,5.0
TO202401011425,U10664,银日料餐厅,面食小吃,8.0,2026-07-24 20:59:21,长沙,天心区,25.6,4.5
TO202401011426,U11370,正食堂,面食小吃,53.2,2026-07-28 12:55:10,成都,武侯区,49.3,2.0
TO202401011427,U10263,正记餐厅,甜品蛋糕,23.33,2026-07-30 22:50:55,重庆,渝北区,52.3,5.0
TO202401011428,U11641,亿面食厨快餐,火锅,58.04,2026-08-05 14:21:01,青岛,市南区,52.7,5.0
TO202401011429,U10667,御汉堡厨快餐,汉堡薯条,13.98,2026-07-31 11:15:08,重庆,沙坪坝区,17.5,5.0
TO202401011430,U10621,千奶茶餐厅,披萨意面,19.63,2026-07-22 06:13:40,上海,徐汇区,23.7,5.0
TO202401011431,U10866,鼎小馆,轻食沙拉,63.55,2026-07-23 17:45:31,杭州,滨江区,59.2,3.0
TO202401011432,U11441,皇奶茶食府,轻食沙拉,34.82,2026-08-03 12:26:09,重庆,九龙坡区,28.7,2.0
TO202401011433,U10273,亿厨快餐,披萨意面,45.98,2026-08-09 08:13:51,深圳,福田区,17.7,5.0
TO202401011434,U10184,大美食,奶茶果汁,17.41,2026-07-30 20:41:00,北京,海淀区,23.0,4.0
TO202401011435,U10178,亿西餐私房菜,麻辣烫,45.69,2026-07-17 18:29:22,成都,武侯区,36.1,4.5
TO202401011436,U11169,亿味道,火锅,21.92,2026-07-26 12:47:23,天津,河西区,31.4,5.0
TO202401011437,U10803,亿美食,面食小吃,8.0,2026-07-27 19:42:47,上海,浦东新区,42.4,4.0
TO202401011438,U11491,银食堂,轻食沙拉,60.31,2026-07-25 10:30:11,郑州,郑东新区,42.1,4.0
TO202401011439,U11259,银食堂,粤菜,29.92,2026-08-10 22:59:01,武汉,硚口区,41.6,4.5
TO202401011440,U11127,鲜饺子食府,奶茶果汁,21.86,2026-08-10 19:51:20,成都,青羊区,21.7,5.0
TO202401011441,U10630,鲜外卖,日料寿司,8.0,2026-08-01 18:15:50,郑州,中原区,23.1,4.5
TO202401011442,U11169,亿记餐厅,烧烤,41.36,2026-07-31 19:56:31,上海,闵行区,56.4,3.0
TO202401011443,U11762,银日料餐厅,西餐,33.23,2026-08-05 19:39:45,郑州,惠济区,27.5,4.0
TO202401011444,U11019,御西餐记餐厅,奶茶果汁,35.85,2026-07-17 08:03:21,北京,丰台区,60.8,4.5
TO202401011445,U10201,御厨快餐,饺子馄饨,35.45,2026-07-16 22:58:33,杭州,下城区,41.8,4.0
TO202401011446,U11242,鲜轻食大饭店,面食小吃,52.3,2026-08-05 20:35:12,深圳,龙华区,57.0,4.5
TO202401011447,U10484,万汉堡小馆,日料寿司,28.54,2026-07-25 18:44:47,杭州,滨江区,10.7,5.0
TO202401011448,U11175,亿外卖,汉堡薯条,-12.27,2026-07-18 12:19:15,青岛,市南区,26.9,3.5
TO202401011449,U10305,御奶茶小馆,麻辣烫,29.68,2026-08-06 11:13:55,成都,金牛区,10.0,5.0
TO202401011450,U11047,亿厨快餐,快餐便当,45.02,2026-08-09 19:42:01,苏州,吴江区,39.4,3.5
TO202401011451,U10297,真快餐味道,快餐便当,40.94,2026-08-08 17:30:05,南京,玄武区,50.6,2.0
TO202401011452,U11352,御厨快餐,快餐便当,24.19,2026-07-17 11:07:55,重庆,渝北区,17.8,4.5
TO202401011453,U10278,味小馆,川湘菜,154.1,2026-08-01 09:24:25,上海,闵行区,51.2,5.0
TO202401011454,U10690,味轻食味道,面食小吃,148.63,2026-08-04 21:12:59,苏州,高新区,21.5,4.5
TO202401011455,U10205,亿披萨食府,烧烤,36.4,2026-07-26 20:51:19,北京,海淀区,29.5,5.0
TO202401011456,U10307,万小馆,烧烤,33.76,2026-08-01 18:08:59,北京,丰台区,36.4,2.0
TO202401011457,U10135,百奶茶食府,饺子馄饨,8.0,2026-08-06 17:44:54,深圳,南山区,58.4,3.5
TO202401011458,U10242,鲜饺子食府,烧烤,91.66,2026-08-01 17:08:49,青岛,黄岛区,21.8,2.0
TO202401011459,U10153,亿食府,快餐便当,35.75,2026-07-28 17:24:19,上海,徐汇区,28.7,5.0
TO202401011460,U11226,香私房菜,西餐,41.85,2026-08-09 13:23:39,上海,长宁区,42.4,5.0
TO202401011461,U10219,味小馆,火锅,36.28,2026-07-25 20:01:26,西安,雁塔区,41.2,4.0
TO202401011462,U10255,优汉堡餐厅,甜品蛋糕,39.99,2026-08-06 18:41:00,广州,越秀区,53.6,5.0
TO202401011463,U10759,亿甜品美食,甜品蛋糕,16.99,2026-08-10 17:49:40,深圳,宝安区,38.8,4.5
TO202401011464,U10945,小奶茶记餐厅,快餐便当,34.72,2026-07-23 14:11:15,重庆,南岸区,58.0,4.0
TO202401011465,U10844,小私房菜,奶茶果汁,43.8,2026-07-14 10:50:32,北京,丰台区,40.7,4.0
TO202401011466,U10750,鼎小馆,汉堡薯条,91.69,2026-07-20 21:31:10,北京,西城区,36.6,4.0
TO202401011467,U10208,银食府,快餐便当,42.02,2026-08-07 09:21:45,上海,浦东新区,36.9,4.5
TO202401011468,U10408,小麻辣厨快餐,麻辣烫,23.81,2026-07-22 22:52:55,成都,青羊区,65.9,4.5
TO202401011469,U10879,万小馆,烧烤,13.38,2026-07-13 17:11:22,上海,黄浦区,32.1,4.5
TO202401011470,U11658,亿甜品美食,轻食沙拉,45.31,2026-07-16 00:12:42,杭州,上城区,15.4,5.0
TO202401011471,U11748,鲜记餐厅,快餐便当,31.04,2026-08-08 14:09:05,广州,荔湾区,38.5,5.0
TO202401011472,U10915,真美食,西餐,32.17,2026-07-24 14:19:21,北京,东城区,33.1,5.0
TO202401011473,U11680,豪私房菜,饺子馄饨,33.95,2026-08-08 06:47:41,重庆,渝中区,43.8,4.5
TO202401011474,U10086,正烧烤小馆,甜品蛋糕,35.28,2026-07-31 12:00:20,西安,长安区,76.5,4.0
TO202401011475,U11009,味外卖,川湘菜,53.04,2026-08-05 12:53:38,南京,鼓楼区,10.1,4.5
TO202401011476,U10782,小快餐味道,麻辣烫,18.05,2026-07-30 18:52:26,北京,西城区,45.3,4.5
TO202401011477,U10431,金厨房,川湘菜,35.37,2026-08-10 15:36:17,上海,徐汇区,57.6,4.5
TO202401011478,U10882,御厨快餐,快餐便当,37.35,2026-07-29 21:39:28,南京,建邺区,30.8,5.0
TO202401011479,U11362,皇食堂,川湘菜,38.68,2026-07-27 20:34:54,上海,浦东新区,39.6,5.0
TO202401011480,U11437,御奶茶小馆,面食小吃,8.0,2026-07-20 20:57:59,天津,北辰区,25.8,5.0
TO202401011481,U11281,真美食,烧烤,80.61,2026-07-25 10:07:05,南京,雨花台区,30.4,4.5
TO202401011482,U11552,鲜美食,西餐,-41.53,2026-07-13 20:04:34,青岛,城阳区,23.9,5.0
TO202401011483,U11104,百川湘私房菜,快餐便当,82.98,2026-07-28 19:14:36,厦门,集美区,31.5,3.0
TO202401011484,U11153,亿私房菜,烧烤,18.08,2026-07-28 13:20:30,天津,河西区,15.5,5.0
TO202401011485,U10338,万小馆,川湘菜,13.87,2026-08-04 18:59:10,南京,鼓楼区,34.0,5.0
TO202401011486,U10102,鲜外卖,快餐便当,60.13,2026-07-16 19:25:37,成都,成华区,28.8,4.0
TO202401011487,U11130,银食府,麻辣烫,39.71,2026-08-02 12:50:05,南京,玄武区,22.8,5.0
TO202401011488,U11189,真快餐味道,麻辣烫,26.24,2026-08-08 18:35:14,杭州,余杭区,45.1,3.0
TO202401011489,U10542,万味道,快餐便当,29.91,2026-08-08 21:44:40,广州,天河区,51.1,5.0
TO202401011490,U10728,银日料餐厅,饺子馄饨,27.24,2026-07-21 08:00:09,广州,白云区,32.9,2.0
TO202401011491,U11094,小麻辣厨快餐,面食小吃,11.49,2026-07-24 17:08:00,广州,番禺区,34.8,5.0
TO202401011492,U11232,御奶茶小馆,汉堡薯条,26.84,2026-07-30 20:08:16,西安,碑林区,39.2,4.5
TO202401011493,U10508,鼎食堂,川湘菜,43.81,2026-08-06 09:04:13,成都,成华区,35.0,1.0
TO202401011494,U10834,百奶茶食府,火锅,40.18,2026-07-31 11:52:55,苏州,高新区,46.8,4.5
TO202401011495,U10339,优食府,轻食沙拉,48.42,2026-07-13 12:35:32,上海,黄浦区,41.0,5.0
TO202401011496,U10560,皇食堂,饺子馄饨,11.47,2026-07-27 12:39:06,大连,沙河口区,42.5,4.0
TO202401011497,U11433,正川湘小馆,甜品蛋糕,68.17,2026-08-06 15:47:30,武汉,汉阳区,18.2,4.5
TO202401011498,U10556,亿私房菜,西餐,53.21,2026-07-31 17:58:46,杭州,滨江区,35.2,5.0
TO202401011499,U10542,好麻辣食府,日料寿司,29.68,2026-08-06 09:14:53,广州,白云区,41.8,5.0
TO202401011500,U10780,豪私房菜,烧烤,15.17,2026-07-30 21:44:37,南京,雨花台区,45.1,3.0
TO202401011501,U11391,味厨快餐,快餐便当,30.32,2026-07-22 17:20:51,重庆,渝中区,30.1,4.0
TO202401011502,U10865,香私房菜,奶茶果汁,39.17,2026-08-11 11:59:24,长沙,开福区,32.7,4.5
TO202401011503,U10204,金厨房,甜品蛋糕,23.02,2026-08-04 17:25:13,长沙,雨花区,39.3,4.5
TO202401011504,U10611,大大饭店,甜品蛋糕,60.98,2026-07-30 13:00:03,广州,海珠区,37.7,4.0
TO202401011505,U10890,小奶茶记餐厅,西餐,55.91,2026-07-21 13:24:43,广州,天河区,19.2,4.5
TO202401011506,U11548,亿甜品美食,火锅,38.91,2026-08-05 12:00:52,成都,金牛区,25.0,5.0
TO202401011507,U10059,万味道,麻辣烫,29.66,2026-07-29 19:19:49,杭州,西湖区,42.7,4.0
TO202401011508,U10592,亿美食,汉堡薯条,52.36,2026-07-20 13:24:50,广州,海珠区,47.5,5.0
TO202401011509,U10242,百川湘私房菜,麻辣烫,-25.13,2026-07-30 12:59:03,深圳,罗湖区,36.6,3.5
TO202401011510,U10799,皇食堂,汉堡薯条,17.01,2026-07-25 20:44:42,广州,荔湾区,37.0,4.5
TO202401011511,U11058,鲜粤菜大饭店,快餐便当,55.98,2026-08-02 09:23:58,北京,东城区,32.6,4.5
TO202401011512,U10162,百川湘私房菜,甜品蛋糕,14.12,2026-07-12 15:33:25,北京,丰台区,36.7,5.0
TO202401011513,U10538,皇奶茶食府,川湘菜,,2026-07-25 19:00:59,南京,建邺区,22.6,4.5
TO202401011514,U10700,小日料食府,日料寿司,38.91,2026-07-16 09:10:03,天津,和平区,43.7,3.5
TO202401011515,U10542,金厨房,麻辣烫,18.78,2026-08-03 20:34:03,深圳,龙岗区,37.7,5.0
TO202401011516,U10549,亿美食,快餐便当,28.81,2026-08-01 18:14:32,广州,天河区,43.2,2.0
TO202401011517,U10157,御西餐记餐厅,麻辣烫,-25.71,2026-07-20 18:18:41,重庆,九龙坡区,39.0,3.5
TO202401011518,U11271,亿私房菜,西餐,8.0,2026-08-09 23:18:49,厦门,湖里区,30.3,4.5
TO202401011519,U11705,大记餐厅,面食小吃,16.32,2026-08-04 11:18:41,成都,武侯区,19.7,5.0
TO202401011520,U11605,鲜粤菜大饭店,奶茶果汁,57.45,2026-08-06 21:22:45,深圳,福田区,36.2,5.0
TO202401011521,U11030,鲜饺子食府,烧烤,10.25,2026-07-22 18:02:24,天津,河西区,21.5,4.0
TO202401011522,U10212,金厨房,汉堡薯条,74.52,2026-07-22 11:19:00,南京,玄武区,41.0,4.5
TO202401011523,U10520,优食府,烧烤,52.28,2026-07-25 16:32:57,西安,未央区,40.2,5.0
TO202401011524,U11442,小私房菜,汉堡薯条,30.71,2026-08-06 11:34:56,广州,天河区,38.4,5.0
TO202401011525,U11028,金厨房,川湘菜,23.92,2026-08-01 21:46:42,北京,通州区,50.6,4.5
TO202401011526,U11565,万小馆,快餐便当,13.65,2026-08-03 19:36:37,广州,白云区,42.2,5.0
TO202401011527,U10476,亿味道,饺子馄饨,62.26,2026-07-26 18:53:30,广州,海珠区,49.0,5.0
TO202401011528,U11328,味外卖,甜品蛋糕,34.76,2026-08-11 17:24:45,北京,通州区,44.5,3.5
TO202401011529,U10802,正外卖,轻食沙拉,86.7,2026-07-19 17:06:09,成都,成华区,29.7,4.5
TO202401011530,U11671,御西餐记餐厅,快餐便当,8.0,2026-07-27 16:03:45,武汉,武昌区,22.2,5.0
TO202401011531,U11040,万小馆,川湘菜,20.52,2026-08-08 01:44:33,上海,黄浦区,43.4,3.0
TO202401011532,U10591,香私房菜,轻食沙拉,48.03,2026-07-26 13:00:35,郑州,郑东新区,40.0,4.0
TO202401011533,U10565,亿甜品小馆,饺子馄饨,57.52,2026-07-21 12:15:41,西安,新城区,29.4,4.0
TO202401011534,U10071,百奶茶食府,奶茶果汁,51.02,2026-07-31 11:19:26,苏州,高新区,23.1,4.0
TO202401011535,U11520,真美食,日料寿司,68.19,2026-07-26 19:58:11,西安,雁塔区,35.5,5.0
TO202401011536,U10151,小味道,轻食沙拉,8.0,2026-07-22 21:02:27,成都,锦江区,45.5,5.0
TO202401011537,U11654,鼎小馆,面食小吃,65.65,2026-07-21 09:05:45,重庆,南岸区,10.0,5.0
TO202401011538,U11583,大记餐厅,饺子馄饨,37.85,2026-07-30 21:37:17,深圳,宝安区,21.6,5.0
TO202401011539,U11242,亿西餐私房菜,饺子馄饨,12.23,2026-07-28 12:09:24,上海,长宁区,31.7,5.0
TO202401011540,U11312,千厨快餐,饺子馄饨,29.04,2026-07-28 17:33:57,北京,海淀区,30.5,4.0
TO202401011541,U10047,万小馆,奶茶果汁,12.38,2026-07-13 19:27:11,南京,建邺区,52.5,3.5
TO202401011542,U10382,御记餐厅,快餐便当,8.0,2026-07-16 20:48:22,上海,浦东新区,43.7,4.5
TO202401011543,U10687,金厨房,火锅,28.32,2026-07-29 00:57:36,广州,天河区,39.8,4.5
TO202401011544,U11605,鲜烧烤外卖,汉堡薯条,30.33,2026-07-26 14:45:05,大连,中山区,29.3,4.5
TO202401011545,U10288,亿麻辣大饭店,西餐,8.0,2026-07-29 12:38:45,武汉,江岸区,19.4,5.0
TO202401011546,U10270,大餐厅,披萨意面,72.34,2026-07-14 07:45:56,深圳,龙岗区,34.3,5.0
TO202401011547,U10289,豪餐厅,披萨意面,21.86,2026-07-21 15:53:02,武汉,江岸区,53.9,3.5
TO202401011548,U10700,银奶茶餐厅,烧烤,59.22,2026-08-06 18:01:46,郑州,管城区,40.2,4.0
TO202401011549,U11251,亿外卖,轻食沙拉,71.81,2026-07-17 20:17:54,厦门,海沧区,10.0,3.0
TO202401011550,U11468,鼎小馆,奶茶果汁,66.23,2026-07-12 09:33:41,西安,莲湖区,27.6,4.0
TO202401011551,U11151,香私房菜,汉堡薯条,87.91,2026-07-14 21:34:59,北京,西城区,26.4,4.0
TO202401011552,U10380,万味道,汉堡薯条,,2026-08-10 18:54:29,上海,徐汇区,31.2,5.0
TO202401011553,U10067,鲜轻食大饭店,汉堡薯条,36.62,2026-08-03 11:52:55,苏州,姑苏区,31.2,5.0
TO202401011554,U11175,亿面食厨快餐,面食小吃,63.15,2026-07-21 01:30:16,天津,河东区,22.4,3.5
TO202401011555,U11756,银奶茶餐厅,火锅,16.56,2026-07-21 19:09:51,西安,长安区,29.5,4.5
TO202401011556,U10289,鲜记餐厅,奶茶果汁,38.99,2026-07-20 15:07:26,上海,徐汇区,30.6,4.0
TO202401011557,U11250,小麻辣厨快餐,奶茶果汁,122.22,2026-07-14 21:46:49,天津,河东区,39.0,4.5
TO202401011558,U11687,百汉堡厨快餐,火锅,39.3,2026-07-26 12:56:50,重庆,渝中区,24.0,4.0
TO202401011559,U11204,小私房菜,奶茶果汁,54.08,2026-07-25 08:55:17,郑州,二七区,33.3,4.5
TO202401011560,U11633,正记餐厅,日料寿司,8.0,2026-08-08 21:32:12,沈阳,大东区,25.8,5.0
TO202401011561,U11269,亿记餐厅,火锅,21.39,2026-07-13 12:28:52,青岛,城阳区,38.3,5.0
TO202401011562,U10664,大餐厅,快餐便当,39.73,2026-07-17 17:46:52,北京,西城区,35.2,3.5
TO202401011563,U11595,御奶茶厨快餐,日料寿司,41.34,2026-07-21 05:38:06,杭州,余杭区,31.5,5.0
TO202401011564,U10344,皇食堂,日料寿司,60.48,2026-07-13 12:18:45,北京,通州区,28.6,4.0
TO202401011565,U10169,御厨快餐,麻辣烫,30.16,2026-08-09 12:58:59,西安,莲湖区,63.3,1.0
TO202401011566,U11432,亿美食,汉堡薯条,37.55,2026-08-05 21:22:55,成都,金牛区,34.6,4.0
TO202401011567,U10531,亿甜品美食,川湘菜,68.91,2026-07-18 19:11:58,深圳,罗湖区,13.4,4.0
TO202401011568,U11218,小私房菜,快餐便当,50.76,2026-07-13 12:53:31,郑州,中原区,42.6,5.0
TO202401011569,U10804,千奶茶餐厅,川湘菜,57.83,2026-08-03 18:41:01,青岛,黄岛区,25.8,5.0
TO202401011570,U10439,万味道,快餐便当,33.77,2026-08-04 01:44:57,南京,建邺区,34.6,3.0
TO202401011571,U11339,味小馆,轻食沙拉,27.35,2026-08-10 12:04:34,杭州,余杭区,50.7,5.0
TO202401011572,U10740,鲜粤菜大饭店,汉堡薯条,35.7,2026-08-10 13:48:48,南京,玄武区,46.6,5.0
TO202401011573,U11688,小私房菜,快餐便当,23.81,2026-08-10 17:36:00,北京,西城区,25.5,3.0
TO202401011574,U11393,豪餐厅,粤菜,30.5,2026-08-02 15:02:49,北京,西城区,26.6,5.0
TO202401011575,U10005,真快餐味道,西餐,8.0,2026-08-01 17:18:19,郑州,二七区,20.0,5.0
TO202401011576,U10641,正烧烤小馆,麻辣烫,-28.3,2026-07-22 00:10:40,成都,青羊区,36.5,2.0
TO202401011577,U11595,亿食府,奶茶果汁,12.99,2026-07-21 14:16:11,郑州,二七区,26.7,4.5
TO202401011578,U11718,鲜私房菜,火锅,40.46,2026-07-22 09:00:47,天津,河西区,19.8,3.5
TO202401011579,U10181,鲜粤菜大饭店,日料寿司,21.6,2026-08-04 17:58:26,广州,番禺区,34.4,3.5
TO202401011580,U11152,大记餐厅,饺子馄饨,10.2,2026-07-30 00:57:43,成都,青羊区,63.1,5.0
TO202401014729,U10809,鲜私房菜,奶茶果汁,49.01,2026-07-22 17:11:05,沈阳,皇姑区,52.2,5.0
TO202401011582,U10382,鲜烧烤外卖,烧烤,62.67,2026-07-25 19:11:51,厦门,湖里区,36.0,5.0
TO202401011583,U10462,小私房菜,快餐便当,42.42,2026-08-08 18:08:00,成都,武侯区,31.7,3.5
TO202401011584,U11074,鲜美食,面食小吃,14.41,2026-08-02 11:41:50,上海,长宁区,23.9,3.5
TO202401011585,U10760,亿记餐厅,面食小吃,8.0,2026-08-03 18:36:06,武汉,汉阳区,43.4,5.0
TO202401011586,U11138,大美食,快餐便当,27.56,2026-07-30 12:47:29,武汉,江岸区,22.4,5.0
TO202401011587,U11246,亿食府,面食小吃,23.87,2026-08-08 15:48:51,西安,莲湖区,12.5,2.0
TO202401011588,U11052,御厨快餐,麻辣烫,50.08,2026-08-08 19:17:21,青岛,崂山区,32.5,5.0
TO202401011589,U10468,御厨快餐,川湘菜,18.26,2026-07-17 07:35:13,西安,未央区,25.2,3.5
TO202401011590,U11531,御西餐记餐厅,汉堡薯条,18.58,2026-07-20 12:31:17,厦门,思明区,18.9,3.5
TO202401011591,U11298,味轻食味道,快餐便当,21.36,2026-07-29 18:44:00,成都,金牛区,17.7,5.0
TO202401011592,U10211,银食府,火锅,30.64,2026-08-02 11:08:08,广州,番禺区,21.2,5.0
TO202401011593,U10005,香私房菜,火锅,8.0,2026-08-08 19:32:05,西安,雁塔区,47.3,5.0
TO202401011594,U10270,鲜烧烤外卖,川湘菜,11.0,2026-07-19 20:29:29,西安,新城区,55.4,4.5
TO202401011595,U11245,鲜私房菜,披萨意面,54.19,2026-08-11 09:43:56,北京,海淀区,10.0,5.0
TO202401011596,U10565,豪川湘私房菜,甜品蛋糕,48.36,2026-08-03 17:07:50,厦门,同安区,36.7,4.5
TO202401011597,U10754,亿甜品小馆,披萨意面,86.71,2026-07-17 08:55:12,深圳,福田区,30.3,4.5
TO202401011598,U11048,真快餐味道,火锅,14.25,2026-07-26 19:57:02,大连,甘井子区,47.5,5.0
TO202401011599,U10402,亿面食厨快餐,甜品蛋糕,33.48,2026-07-29 19:50:16,深圳,罗湖区,38.1,5.0
TO202401011600,U10345,鲜粤菜大饭店,麻辣烫,24.46,2026-07-19 13:00:19,苏州,吴江区,25.7,5.0
TO202401011601,U11340,大记餐厅,粤菜,40.95,2026-07-15 22:16:13,成都,锦江区,17.7,4.0
TO202401011602,U11216,小快餐味道,粤菜,8.0,2026-07-17 18:54:32,深圳,龙华区,12.4,4.5
TO202401011603,U10539,味外卖,奶茶果汁,38.25,2026-07-16 11:19:58,南京,秦淮区,30.4,4.0
TO202401011604,U11088,百汉堡厨快餐,奶茶果汁,46.42,2026-08-08 19:18:29,武汉,武昌区,33.8,5.0
TO202401011605,U11022,小麻辣厨快餐,快餐便当,59.9,2026-08-09 06:44:15,广州,越秀区,43.8,4.0
TO202401011606,U11630,亿西餐私房菜,日料寿司,13.73,2026-07-20 20:49:46,深圳,龙华区,46.7,4.5
TO202401011607,U10894,豪西餐厨快餐,甜品蛋糕,49.07,2026-08-05 12:49:57,南京,江宁区,29.5,2.0
TO202401011608,U10574,豪餐厅,汉堡薯条,8.0,2026-07-24 21:38:49,杭州,下城区,34.5,5.0
TO202401011609,U10627,金厨房,汉堡薯条,8.0,2026-07-23 17:58:00,上海,徐汇区,22.9,3.0
TO202401011610,U10372,御西餐记餐厅,披萨意面,56.91,2026-08-04 17:20:50,天津,南开区,29.2,3.5
TO202401011611,U10788,鲜美食,轻食沙拉,15.68,2026-07-26 22:08:15,青岛,市南区,49.1,5.0
TO202401011612,U11672,御西餐记餐厅,烧烤,23.24,2026-08-11 22:41:34,天津,和平区,30.5,3.0
TO202401011613,U11394,优汉堡餐厅,快餐便当,12.51,2026-07-18 19:28:36,苏州,相城区,44.2,5.0
TO202401011614,U11494,小私房菜,西餐,28.26,2026-08-03 15:33:52,杭州,余杭区,40.7,5.0
TO202401011615,U11035,亿西餐私房菜,烧烤,49.3,2026-07-20 10:23:52,北京,丰台区,33.1,4.5
TO202401011616,U11670,皇食堂,粤菜,9.18,2026-07-31 18:03:07,广州,番禺区,35.3,4.5
TO202401011617,U10663,银奶茶餐厅,奶茶果汁,16.41,2026-08-07 20:14:57,杭州,下城区,39.5,4.5
TO202401011618,U11666,亿甜品美食,轻食沙拉,64.25,2026-07-15 21:41:52,上海,浦东新区,40.9,4.0
TO202401011619,U10364,豪餐厅,汉堡薯条,98.24,2026-08-09 13:41:33,杭州,西湖区,31.9,3.5
TO202401011620,U11621,鲜美食,饺子馄饨,13.13,2026-07-26 20:12:07,广州,海珠区,42.4,4.5
TO202401011621,U11274,皇大饭店,火锅,74.33,2026-07-28 18:05:31,青岛,崂山区,33.9,5.0
TO202401011622,U11605,银食府,火锅,25.68,2026-08-04 11:46:01,西安,新城区,30.4,3.5
TO202401011623,U11310,亿甜品美食,奶茶果汁,28.27,2026-08-10 12:57:55,上海,徐汇区,28.0,5.0
TO202401011624,U11600,味外卖,饺子馄饨,26.81,2026-08-08 17:11:00,西安,碑林区,57.8,4.0
TO202401011625,U10940,鲜私房菜,面食小吃,54.96,2026-07-19 14:32:22,深圳,福田区,32.6,5.0
TO202401011626,U10028,千厨快餐,汉堡薯条,46.86,2026-07-27 22:48:32,上海,静安区,13.8,5.0
TO202401011627,U10374,亿披萨食府,披萨意面,43.01,2026-07-23 20:52:35,上海,浦东新区,65.3,4.5
TO202401011628,U11543,正川湘小馆,麻辣烫,54.88,2026-07-25 18:16:34,杭州,余杭区,18.9,5.0
TO202401011629,U10598,正烧烤小馆,麻辣烫,53.77,2026-08-10 23:09:10,上海,黄浦区,28.1,4.0
TO202401011630,U10724,小麻辣厨快餐,快餐便当,21.07,2026-08-07 17:45:52,深圳,龙华区,19.3,5.0
TO202401011631,U11478,老厨快餐,披萨意面,52.03,2026-08-11 12:23:41,深圳,龙岗区,38.6,4.5
TO202401011632,U10012,千厨快餐,川湘菜,9.54,2026-08-07 09:03:17,天津,和平区,47.9,4.0
TO202401011633,U10789,百川湘私房菜,日料寿司,33.67,2026-08-09 19:41:35,深圳,龙岗区,36.8,5.0
TO202401011634,U11496,正食堂,饺子馄饨,44.62,2026-08-05 18:14:36,重庆,沙坪坝区,23.0,5.0
TO202401011635,U11475,鲜外卖,汉堡薯条,59.37,2026-07-22 17:51:11,杭州,下城区,28.2,4.5
TO202401011636,U10433,真美食,火锅,42.2,2026-07-22 14:01:36,北京,通州区,32.9,4.5
TO202401011637,U10324,小味道,汉堡薯条,44.77,2026-07-23 11:30:51,成都,武侯区,35.0,4.5
TO202401011638,U11467,小奶茶记餐厅,轻食沙拉,39.14,2026-07-27 10:42:05,南京,江宁区,38.8,5.0
TO202401011639,U10873,千厨快餐,轻食沙拉,78.65,2026-07-26 17:29:25,厦门,海沧区,41.8,5.0
TO202401011640,U10694,御奶茶小馆,面食小吃,18.47,2026-08-05 23:11:08,杭州,西湖区,39.5,4.5
TO202401011641,U11430,亿面食厨快餐,奶茶果汁,27.01,2026-07-31 13:15:53,杭州,拱墅区,28.8,4.5
TO202401011642,U10685,味厨快餐,奶茶果汁,56.17,2026-07-31 13:19:12,上海,浦东新区,37.8,4.5
TO202401011643,U10579,豪私房菜,川湘菜,51.5,2026-07-17 17:22:53,上海,浦东新区,36.6,5.0
TO202401011644,U11362,小奶茶记餐厅,西餐,14.69,2026-07-26 18:00:08,成都,金牛区,42.3,5.0
TO202401011645,U10873,亿味道,烧烤,52.51,2026-07-25 14:19:56,深圳,龙岗区,30.5,3.5
TO202401011646,U10557,豪私房菜,日料寿司,37.2,2026-07-13 11:20:44,长沙,岳麓区,42.9,5.0
TO202401011647,U10421,亿美食,粤菜,29.25,2026-07-25 09:40:36,南京,秦淮区,29.7,5.0
TO202401011648,U10613,百汉堡厨快餐,汉堡薯条,40.63,2026-08-03 11:22:07,深圳,宝安区,41.0,5.0
TO202401011649,U10576,银奶茶餐厅,川湘菜,51.46,2026-07-21 16:54:35,长沙,雨花区,17.8,5.0
TO202401011650,U11608,鲜烧烤外卖,饺子馄饨,48.98,2026-08-10 19:55:57,成都,金牛区,31.5,4.0
TO202401011651,U10529,正食堂,甜品蛋糕,35.84,2026-07-16 17:38:37,郑州,惠济区,51.4,3.0
TO202401011652,U10350,鲜饺子食府,奶茶果汁,65.19,2026-07-29 12:26:16,成都,青羊区,37.2,4.0
TO202401011653,U11315,大美食,甜品蛋糕,32.91,2026-07-27 10:46:30,北京,东城区,26.7,4.0
TO202401011654,U11762,老厨快餐,饺子馄饨,36.26,2026-07-15 10:00:57,长沙,天心区,22.0,5.0
TO202401011655,U11639,银日料餐厅,麻辣烫,28.47,2026-07-21 20:22:12,北京,东城区,53.4,5.0
TO202401011656,U11481,味外卖,甜品蛋糕,8.0,2026-07-13 00:19:17,长沙,芙蓉区,25.5,5.0
TO202401011657,U11758,真快餐味道,披萨意面,40.82,2026-07-16 19:22:06,北京,朝阳区,39.5,4.5
TO202401011658,U10881,亿私房菜,轻食沙拉,11.11,2026-07-30 11:37:21,深圳,龙华区,18.5,4.5
TO202401011659,U10173,鲜烧烤外卖,奶茶果汁,30.83,2026-08-09 12:23:35,武汉,武昌区,43.9,5.0
TO202401011660,U10277,亿味道,披萨意面,48.71,2026-07-23 20:18:56,厦门,同安区,55.6,4.0
TO202401011661,U11186,亿甜品小馆,面食小吃,53327.41,2026-07-26 11:26:13,广州,海珠区,33.1,4.5
TO202401011662,U11333,御汉堡厨快餐,粤菜,37.27,2026-08-05 13:52:34,西安,长安区,32.3,2.0
TO202401011663,U11357,千厨快餐,西餐,45.03,2026-07-29 12:48:37,西安,碑林区,33.2,5.0
TO202401011664,U11620,优食府,快餐便当,39.13,2026-07-26 11:02:19,郑州,金水区,45.1,4.5
TO202401011665,U11553,正外卖,奶茶果汁,47.59,2026-07-30 12:25:21,上海,静安区,53.2,4.0
TO202401011666,U10441,味轻食味道,轻食沙拉,41.34,2026-08-11 18:14:00,上海,静安区,39.9,1.0
TO202401011667,U10934,优食府,轻食沙拉,60.17,2026-07-19 12:29:28,北京,朝阳区,42.6,4.5
TO202401011668,U10116,百川湘私房菜,烧烤,11.87,2026-08-07 10:30:39,天津,河北区,22.3,3.5
TO202401011669,U10349,百汉堡厨快餐,快餐便当,37.86,2026-07-14 21:11:58,重庆,江北区,50.7,4.0
TO202401011670,U11657,优汉堡餐厅,汉堡薯条,15.7,2026-08-09 19:02:08,上海,闵行区,31.7,4.0
TO202401011671,U10847,正川湘小馆,川湘菜,51.48,2026-08-10 18:08:18,成都,青羊区,38.7,3.5
TO202401011672,U10847,大餐厅,甜品蛋糕,9.69,2026-08-03 22:53:58,郑州,管城区,37.5,4.0
TO202401011673,U10902,亿食府,饺子馄饨,15.56,2026-08-09 11:16:03,天津,河东区,46.2,3.5
TO202401011674,U10702,鲜粤菜大饭店,日料寿司,,2026-07-16 16:59:04,重庆,渝北区,44.5,4.0
TO202401011675,U11174,鲜烧烤外卖,饺子馄饨,43.15,2026-08-02 21:46:47,苏州,相城区,42.2,5.0
TO202401011676,U11409,小私房菜,日料寿司,14.14,2026-07-15 22:07:33,上海,黄浦区,38.8,5.0
TO202401011677,U11420,亿味道,饺子馄饨,66.63,2026-07-30 18:57:57,天津,北辰区,45.6,4.5
TO202401011678,U11565,御西餐记餐厅,西餐,14.47,2026-07-30 12:37:39,重庆,江北区,22.6,5.0
TO202401011679,U10738,优汉堡味道,麻辣烫,34.64,2026-07-16 15:24:47,北京,海淀区,43.5,5.0
TO202401011680,U10399,百奶茶食府,粤菜,32.52,2026-07-17 18:43:51,上海,长宁区,59.6,3.0
TO202401011681,U11022,金厨房,甜品蛋糕,59.43,2026-07-18 12:19:28,武汉,武昌区,19.2,3.5
TO202401011682,U11401,皇大饭店,汉堡薯条,52.39,2026-07-12 14:51:10,武汉,洪山区,35.8,4.0
TO202401011683,U10428,正外卖,轻食沙拉,8.0,2026-07-18 18:31:16,南京,建邺区,16.8,4.5
TO202401011684,U11161,亿食府,快餐便当,19.23,2026-07-24 12:28:58,南京,建邺区,35.1,3.0
TO202401011685,U10309,真美食,烧烤,52.49,2026-07-22 09:51:38,成都,武侯区,48.0,3.0
TO202401011686,U11435,银日料餐厅,日料寿司,37.04,2026-08-09 22:49:26,上海,徐汇区,41.7,4.0
TO202401011687,U10368,鲜私房菜,日料寿司,8.0,2026-07-26 19:09:41,广州,越秀区,47.2,4.0
TO202401011688,U10456,万汉堡小馆,饺子馄饨,26.99,2026-08-01 18:01:41,深圳,罗湖区,25.5,4.0
TO202401011689,U11741,亿食府,汉堡薯条,32.02,2026-07-20 17:54:14,长沙,岳麓区,28.3,5.0
TO202401011690,U10891,好麻辣食府,日料寿司,15.55,2026-08-04 13:18:32,厦门,湖里区,13.8,4.5
TO202401011691,U10633,亿面食厨快餐,饺子馄饨,47.35,2026-07-21 00:48:37,杭州,拱墅区,41.8,5.0
TO202401011692,U10983,银食府,披萨意面,71.0,2026-07-12 19:11:36,上海,闵行区,23.3,4.5
TO202401011693,U10243,万小馆,日料寿司,27.79,2026-08-04 22:40:25,广州,海珠区,58.8,4.0
TO202401011694,U10374,优汉堡餐厅,烧烤,30.78,2026-07-21 11:39:09,西安,碑林区,22.5,5.0
TO202401011695,U11163,御西餐记餐厅,汉堡薯条,37.5,2026-07-21 18:34:13,重庆,渝中区,29.4,3.0
TO202401011696,U10197,正外卖,面食小吃,8.0,2026-07-25 20:26:37,成都,成华区,14.1,4.0
TO202401011697,U11446,百奶茶食府,快餐便当,18.18,2026-08-03 02:14:56,西安,雁塔区,40.1,4.0
TO202401011698,U10367,鲜外卖,奶茶果汁,155.82,2026-08-03 17:12:34,北京,海淀区,49.8,5.0
TO202401011699,U11351,豪私房菜,饺子馄饨,19.71,2026-07-28 00:22:35,郑州,二七区,10.0,4.5
TO202401011700,U10363,大记餐厅,轻食沙拉,48.33,2026-07-26 17:27:10,南京,鼓楼区,16.9,3.5
TO202401011701,U10170,御奶茶厨快餐,火锅,47.11,2026-07-30 13:50:56,上海,静安区,32.9,3.5
TO202401011702,U11130,亿面食厨快餐,饺子馄饨,36.27,2026-08-10 21:48:52,重庆,渝北区,27.6,5.0
TO202401011703,U11107,金厨房,粤菜,38.89,2026-07-18 18:50:10,北京,朝阳区,43.2,5.0
TO202401011704,U11507,优汉堡餐厅,日料寿司,48.65,2026-08-08 14:38:46,大连,沙河口区,23.4,3.0
TO202401011705,U11300,万汉堡小馆,面食小吃,36.0,2026-07-27 09:02:27,厦门,海沧区,15.8,5.0
TO202401011706,U11030,御西餐记餐厅,火锅,52.12,2026-08-05 11:04:39,北京,通州区,46.8,5.0
TO202401011707,U10034,亿食府,粤菜,29.12,2026-07-29 17:15:34,大连,甘井子区,24.6,4.0
TO202401011708,U10283,亿外卖,西餐,33048.65,2026-08-02 20:34:24,深圳,罗湖区,18.6,4.0
TO202401011709,U10018,亿甜品美食,粤菜,23.75,2026-07-27 17:10:21,上海,静安区,49.5,4.5
TO202401011710,U10623,豪川湘私房菜,饺子馄饨,28.04,2026-07-29 17:28:17,广州,越秀区,30.2,4.5
TO202401011711,U11145,鼎食堂,川湘菜,38.96,2026-07-24 02:00:35,成都,成华区,22.0,4.5
TO202401011712,U10946,银食府,烧烤,45.54,2026-07-21 12:32:12,南京,雨花台区,14.6,5.0
TO202401011713,U11590,银日料餐厅,面食小吃,8.0,2026-08-09 12:25:46,长沙,雨花区,24.3,5.0
TO202401011714,U10350,鲜美食,披萨意面,6899.62,2026-07-21 19:10:42,北京,东城区,18.2,5.0
TO202401011715,U11720,好麻辣食府,麻辣烫,23.13,2026-07-17 10:29:02,郑州,金水区,41.0,5.0
TO202401012292,U11647,鲜私房菜,火锅,13.97,2026-07-23 09:14:00,广州,海珠区,29.8,3.5
TO202401011717,U11133,皇大饭店,日料寿司,33.85,2026-08-05 17:39:38,杭州,余杭区,25.7,1.0
TO202401011718,U10799,小麻辣厨快餐,汉堡薯条,85.51,2026-07-12 21:28:50,沈阳,沈河区,36.4,5.0
TO202401011719,U11690,亿甜品美食,面食小吃,28.82,2026-07-23 11:58:22,南京,雨花台区,38.5,4.5
TO202401011720,U10848,亿味道,快餐便当,94.2,2026-07-25 17:32:48,重庆,南岸区,37.4,4.5
TO202401011721,U10269,万小馆,甜品蛋糕,84384.76,2026-07-25 20:07:03,上海,黄浦区,61.7,2.0
TO202401011722,U10079,御记餐厅,麻辣烫,49.9,2026-07-26 18:27:35,厦门,海沧区,28.0,5.0
TO202401011723,U10365,味厨快餐,披萨意面,16.11,2026-07-15 21:39:38,天津,南开区,40.3,4.5
TO202401011724,U10629,老厨快餐,轻食沙拉,25.97,2026-07-12 11:59:40,上海,静安区,27.0,5.0
TO202401011725,U11674,小日料食府,面食小吃,38.28,2026-07-21 19:23:38,深圳,龙岗区,47.7,3.5
TO202401014464,U11765,万小馆,快餐便当,26.71,2026-07-27 08:08:18,广州,天河区,44.6,4.0
TO202401011727,U11594,鲜饺子食府,川湘菜,63.16,2026-07-24 18:05:59,北京,海淀区,14.7,5.0
TO202401011728,U11382,亿外卖,面食小吃,22.01,2026-07-17 19:34:41,大连,甘井子区,32.5,5.0
TO202401011729,U11028,亿外卖,西餐,18.83,2026-07-30 12:43:53,深圳,福田区,50.6,4.5
TO202401011730,U10529,鼎小馆,西餐,9.81,2026-07-25 07:58:03,深圳,南山区,31.9,4.5
TO202401011731,U11747,优汉堡味道,汉堡薯条,37.12,2026-07-19 13:13:22,广州,荔湾区,25.0,4.0
TO202401011732,U11235,味轻食味道,快餐便当,54.81,2026-07-16 17:44:51,长沙,开福区,33.3,3.5
TO202401011733,U10411,百汉堡厨快餐,披萨意面,16.5,2026-07-27 05:12:07,深圳,宝安区,32.7,5.0
TO202401011734,U10139,鼎食堂,饺子馄饨,13.01,2026-08-10 14:02:32,重庆,沙坪坝区,37.4,3.0
TO202401011735,U10911,亿面食厨快餐,日料寿司,20.61,2026-07-26 00:52:35,上海,静安区,39.2,5.0
TO202401011736,U10219,鼎食堂,日料寿司,47.0,2026-07-18 12:14:30,深圳,龙华区,15.6,4.5
TO202401011737,U11656,真快餐味道,甜品蛋糕,33.2,2026-07-21 20:31:05,重庆,江北区,22.1,5.0
TO202401011738,U10536,味小馆,快餐便当,24.02,2026-07-19 19:08:37,青岛,李沧区,29.3,4.0
TO202401011739,U10034,万汉堡小馆,轻食沙拉,58.12,2026-07-30 05:02:07,南京,雨花台区,39.8,5.0
TO202401011740,U10348,优汉堡味道,日料寿司,17.11,2026-08-02 11:45:05,广州,番禺区,31.9,3.5
TO202401011741,U10349,大记餐厅,轻食沙拉,48.24,2026-08-04 12:48:57,广州,白云区,21.0,5.0
TO202401011742,U10105,百川湘私房菜,麻辣烫,8.0,2026-07-22 18:22:48,郑州,管城区,31.4,3.5
TO202401011743,U10612,大大饭店,面食小吃,62.79,2026-07-29 19:38:42,北京,通州区,21.0,4.0
TO202401011744,U10537,亿记餐厅,饺子馄饨,50.99,2026-08-08 14:05:29,上海,静安区,36.0,5.0
TO202401011745,U10169,味厨快餐,粤菜,50.38,2026-08-05 11:31:48,北京,东城区,24.6,4.5
TO202401011746,U11006,万汉堡小馆,汉堡薯条,40.16,2026-07-18 16:48:27,上海,浦东新区,30.2,5.0
TO202401011747,U11173,皇奶茶食府,披萨意面,42.33,2026-07-29 20:01:47,广州,海珠区,18.1,3.5
TO202401011748,U11616,豪西餐厨快餐,汉堡薯条,61.37,2026-07-29 13:09:35,北京,西城区,14.1,5.0
TO202401011749,U11369,御汉堡厨快餐,奶茶果汁,35.57,2026-07-21 16:48:01,南京,江宁区,21.6,4.0
TO202401011750,U11746,御奶茶小馆,西餐,195.02,2026-07-13 19:07:36,上海,长宁区,50.9,4.5
TO202401011751,U11095,小快餐味道,披萨意面,13.94,2026-08-07 12:15:46,广州,番禺区,42.0,5.0
TO202401011752,U10702,大大饭店,西餐,26.3,2026-07-13 12:56:08,杭州,西湖区,53.1,5.0
TO202401011753,U10723,百汉堡厨快餐,饺子馄饨,18.3,2026-07-16 14:13:44,上海,长宁区,50.6,5.0
TO202401011754,U10597,鼎小馆,川湘菜,69.18,2026-07-12 12:20:55,南京,江宁区,31.6,5.0
TO202401011755,U10236,小快餐味道,日料寿司,14.91,2026-07-22 13:24:15,广州,番禺区,27.1,4.0
TO202401011756,U10057,正外卖,面食小吃,55.86,2026-08-10 18:42:08,广州,荔湾区,12.6,5.0
TO202401011757,U10140,银奶茶餐厅,汉堡薯条,28.91,2026-07-23 00:58:15,南京,江宁区,49.0,5.0
TO202401011758,U10613,银奶茶餐厅,披萨意面,47.63,2026-07-31 18:20:40,北京,朝阳区,28.2,4.5
TO202401011759,U10292,千厨快餐,日料寿司,25.71,2026-08-10 06:42:35,广州,海珠区,33.1,5.0
TO202401011760,U11185,小日料食府,甜品蛋糕,16.96,2026-08-09 16:06:16,上海,黄浦区,21.6,4.5
TO202401011761,U11350,亿麻辣大饭店,川湘菜,55.22,2026-08-09 17:36:51,深圳,福田区,38.9,4.0
TO202401011762,U10655,皇大饭店,汉堡薯条,61.72,2026-07-29 11:34:48,大连,中山区,13.0,4.0
TO202401011763,U10402,优汉堡餐厅,川湘菜,42.6,2026-08-06 19:34:47,长沙,芙蓉区,31.0,4.5
TO202401011764,U11568,亿味道,奶茶果汁,36.63,2026-08-10 23:50:06,大连,高新园区,12.1,4.0
TO202401011765,U10735,金厨房,奶茶果汁,22.8,2026-07-30 19:57:04,广州,越秀区,34.6,4.0
TO202401011766,U11275,御西餐记餐厅,火锅,38.83,2026-07-24 19:28:00,西安,碑林区,30.3,4.5
TO202401011767,U10080,正川湘小馆,汉堡薯条,41.69,2026-08-07 22:11:34,上海,闵行区,39.6,5.0
TO202401011768,U10549,正食堂,汉堡薯条,60.54,2026-08-07 11:05:39,重庆,江北区,38.8,5.0
TO202401011769,U11599,百汉堡厨快餐,披萨意面,31.78,2026-08-02 18:53:45,北京,通州区,50.3,5.0
TO202401011770,U11114,鲜轻食大饭店,快餐便当,55.77,2026-07-14 15:39:19,武汉,江汉区,44.9,4.0
TO202401011771,U10160,鼎大饭店,披萨意面,50.62,2026-07-29 10:24:16,南京,江宁区,23.3,5.0
TO202401011772,U11092,亿美食,快餐便当,25.7,2026-07-18 01:53:56,广州,越秀区,18.2,5.0
TO202401011773,U11336,皇奶茶食府,快餐便当,37.66,2026-07-28 09:24:13,上海,长宁区,35.6,4.5
TO202401011774,U10143,御奶茶小馆,火锅,39.72,2026-08-04 06:21:49,厦门,湖里区,23.5,4.0
TO202401011775,U10683,豪私房菜,快餐便当,31.49,2026-07-29 00:29:30,上海,静安区,33.2,5.0
TO202401011776,U10418,好麻辣食府,披萨意面,39.7,2026-07-18 14:12:48,北京,西城区,17.8,5.0
TO202401011777,U10519,御汉堡厨快餐,披萨意面,27.31,2026-08-03 15:04:41,深圳,南山区,39.2,4.0
TO202401011778,U11708,百奶茶食府,西餐,14.47,2026-08-03 19:31:07,青岛,李沧区,28.6,5.0
TO202401011779,U10269,味厨快餐,火锅,37.33,2026-07-24 23:09:52,广州,越秀区,45.0,3.0
TO202401011780,U11360,优汉堡餐厅,甜品蛋糕,47.12,2026-07-24 10:11:13,上海,闵行区,30.0,3.0
TO202401011781,U11313,鼎食堂,火锅,45.58,2026-08-06 19:30:56,广州,番禺区,50.1,5.0
TO202401011782,U10706,鼎食堂,甜品蛋糕,196.48,2026-07-26 08:29:38,北京,海淀区,17.6,5.0
TO202401011783,U11723,亿披萨食府,麻辣烫,27.17,2026-07-23 10:06:36,武汉,江汉区,25.9,4.5
TO202401011784,U11138,万味道,饺子馄饨,31.44,2026-08-07 23:44:18,天津,河东区,13.5,5.0
TO202401011785,U10934,正川湘小馆,快餐便当,74.31,2026-08-01 10:29:24,郑州,惠济区,34.9,5.0
TO202401011786,U10267,亿私房菜,日料寿司,38.58,2026-07-25 18:05:36,杭州,上城区,37.0,3.5
TO202401011787,U11245,豪餐厅,披萨意面,63.13,2026-07-24 19:48:33,广州,天河区,26.6,5.0
TO202401011788,U10240,味外卖,甜品蛋糕,16.86,2026-08-10 12:17:32,上海,徐汇区,40.0,4.5
TO202401011789,U11488,千厨快餐,川湘菜,41.73,2026-07-22 14:09:45,大连,甘井子区,29.3,5.0
TO202401011790,U10771,银食府,饺子馄饨,82.47,2026-08-07 13:21:00,厦门,湖里区,21.0,4.5
TO202401011791,U11163,亿披萨食府,汉堡薯条,33.88,2026-08-11 14:37:07,广州,番禺区,34.4,4.0
TO202401011792,U10481,御厨快餐,川湘菜,54.5,2026-08-05 03:54:54,广州,荔湾区,43.5,5.0
TO202401011793,U10018,好麻辣食府,饺子馄饨,17.33,2026-08-03 17:34:49,杭州,拱墅区,28.8,5.0
TO202401011794,U10501,鲜私房菜,快餐便当,50.16,2026-07-28 20:05:54,西安,莲湖区,23.8,5.0
TO202401011795,U11710,银食府,西餐,29.53,2026-08-05 22:32:17,北京,丰台区,26.7,5.0
TO202401011796,U10289,御奶茶小馆,饺子馄饨,14.42,2026-07-28 09:05:42,北京,朝阳区,24.5,5.0
TO202401011797,U10845,银奶茶餐厅,快餐便当,52.05,2026-07-18 12:54:42,广州,天河区,35.9,5.0
TO202401011798,U10303,亿美食,汉堡薯条,10.56,2026-08-09 17:16:18,成都,武侯区,25.8,4.5
TO202401011799,U10311,御厨快餐,川湘菜,54.78,2026-07-20 18:01:51,北京,海淀区,50.8,4.0
TO202401011800,U11017,正川湘小馆,粤菜,121.6,2026-07-30 19:00:09,上海,长宁区,32.1,3.5
TO202401011801,U10705,亿西餐私房菜,快餐便当,32906.62,2026-07-26 19:22:40,深圳,福田区,32.8,3.0
TO202401011802,U11406,亿甜品小馆,汉堡薯条,56.7,2026-07-17 09:49:35,北京,朝阳区,30.3,4.5
TO202401011803,U10951,亿麻辣大饭店,麻辣烫,15.77,2026-08-10 12:01:18,南京,江宁区,13.2,5.0
TO202401011804,U11481,百川湘私房菜,奶茶果汁,14.73,2026-07-25 03:05:08,上海,徐汇区,29.5,5.0
TO202401011805,U11464,豪西餐厨快餐,快餐便当,188.53,2026-07-29 23:40:27,沈阳,沈河区,37.2,3.0
TO202401011806,U11485,鲜私房菜,轻食沙拉,65.87,2026-07-25 12:52:49,杭州,拱墅区,18.2,5.0
TO202401011807,U11273,亿披萨食府,火锅,44.1,2026-08-08 22:26:14,广州,越秀区,26.9,5.0
TO202401011808,U10716,大记餐厅,日料寿司,50.09,2026-07-27 19:40:13,广州,海珠区,32.7,5.0
TO202401011809,U10375,真快餐味道,西餐,56.81,2026-07-28 11:20:48,北京,西城区,45.8,4.0
TO202401011810,U11752,豪餐厅,烧烤,73.29,2026-07-24 13:51:24,沈阳,铁西区,23.9,3.0
TO202401011811,U10600,鲜记餐厅,西餐,14.36,2026-08-07 20:26:54,沈阳,铁西区,30.9,4.0
TO202401011812,U10621,御奶茶厨快餐,甜品蛋糕,53.49,2026-07-17 08:13:23,天津,北辰区,36.2,4.0
TO202401011813,U11513,御记餐厅,面食小吃,33.31,2026-08-10 10:20:55,杭州,下城区,43.2,4.0
TO202401011814,U10525,御奶茶小馆,饺子馄饨,48.59,2026-07-17 12:40:27,上海,浦东新区,21.4,5.0
TO202401011815,U11009,真外卖,面食小吃,47.78,2026-08-01 12:18:41,上海,长宁区,16.4,4.0
TO202401011816,U10588,御奶茶厨快餐,披萨意面,21.1,2026-07-16 12:54:42,武汉,硚口区,39.4,4.5
TO202401011817,U11585,优汉堡餐厅,火锅,42.08,2026-08-03 16:17:37,长沙,芙蓉区,20.9,4.5
TO202401011818,U11642,味厨快餐,奶茶果汁,46.2,2026-08-11 11:10:52,长沙,岳麓区,27.8,5.0
TO202401011819,U10291,小快餐味道,粤菜,53.02,2026-08-02 07:39:47,长沙,岳麓区,31.2,5.0
TO202401011820,U11695,真美食,甜品蛋糕,60.77,2026-07-24 23:12:10,西安,新城区,42.1,4.5
TO202401011821,U10219,鼎大饭店,粤菜,45.07,2026-07-14 19:02:00,南京,鼓楼区,61.1,5.0
TO202401011822,U10318,鼎食堂,川湘菜,34.82,2026-08-04 17:02:49,北京,西城区,10.1,3.5
TO202401011823,U10746,小味道,川湘菜,24.17,2026-08-03 12:37:41,西安,雁塔区,67.4,4.5
TO202401011824,U11082,亿甜品美食,面食小吃,39.59,2026-08-10 12:21:33,上海,黄浦区,40.2,5.0
TO202401011825,U10056,小私房菜,粤菜,30.6,2026-07-16 15:48:03,苏州,工业园区,21.8,5.0
TO202401011826,U10786,正烧烤小馆,西餐,42.08,2026-07-26 20:08:57,杭州,滨江区,50.4,4.5
TO202401011827,U10014,味厨快餐,饺子馄饨,70.76,2026-07-28 15:53:14,杭州,西湖区,41.2,5.0
TO202401011828,U11333,正烧烤小馆,川湘菜,13.4,2026-08-01 18:23:50,广州,天河区,54.3,5.0
TO202401011829,U10077,鲜粤菜大饭店,甜品蛋糕,45.44,2026-08-05 10:56:25,郑州,二七区,33.4,5.0
TO202401011830,U10730,豪川湘私房菜,日料寿司,33.19,2026-07-29 20:16:25,重庆,九龙坡区,32.9,4.0
TO202401011831,U10659,香私房菜,粤菜,15.27,2026-07-19 20:58:59,南京,鼓楼区,50.0,5.0
TO202401011832,U11665,大美食,饺子馄饨,76.25,2026-08-08 20:24:04,上海,长宁区,35.8,5.0
TO202401011833,U11109,优汉堡味道,面食小吃,52.01,2026-07-20 11:47:44,广州,越秀区,44.7,5.0
TO202401011834,U10468,鲜私房菜,麻辣烫,8.57,2026-07-12 21:47:27,北京,朝阳区,22.1,5.0
TO202401011835,U11626,银食府,奶茶果汁,22.96,2026-07-23 19:48:51,北京,朝阳区,10.0,4.5
TO202401011836,U10565,鼎大饭店,日料寿司,48.31,2026-08-07 11:35:05,重庆,沙坪坝区,40.9,3.5
TO202401011837,U10690,亿外卖,粤菜,8.0,2026-07-27 20:37:50,广州,越秀区,48.9,5.0
TO202401011838,U10762,豪私房菜,西餐,48.46,2026-07-16 19:57:28,苏州,姑苏区,29.1,5.0
TO202401011839,U11503,鲜粤菜大饭店,快餐便当,60.76,2026-07-23 10:54:40,杭州,下城区,40.1,5.0
TO202401011840,U10132,亿甜品美食,汉堡薯条,29.16,2026-07-25 19:23:49,上海,徐汇区,55.3,5.0
TO202401011841,U11313,小日料食府,西餐,24.48,2026-07-14 16:07:23,北京,海淀区,41.2,4.5
TO202401011842,U10149,正记餐厅,面食小吃,8.0,2026-07-18 15:19:14,重庆,渝中区,31.1,5.0
TO202401011843,U11081,小麻辣厨快餐,麻辣烫,20.06,2026-07-26 11:03:10,长沙,望城区,30.9,5.0
TO202401011844,U10423,鲜饺子食府,西餐,158.32,2026-07-29 20:02:28,郑州,二七区,39.6,5.0
TO202401011845,U11236,豪餐厅,奶茶果汁,52.83,2026-07-18 12:46:35,厦门,翔安区,32.5,5.0
TO202401011846,U11071,真快餐味道,甜品蛋糕,111.59,2026-08-03 20:38:03,郑州,管城区,44.9,3.0
TO202401011847,U11708,亿麻辣大饭店,饺子馄饨,35.18,2026-07-14 12:23:49,重庆,江北区,36.3,4.0
TO202401011848,U10643,亿厨快餐,川湘菜,18.82,2026-07-29 19:57:20,上海,黄浦区,27.6,4.0
TO202401011849,U10325,小奶茶记餐厅,披萨意面,18.42,2026-07-24 08:30:32,重庆,南岸区,27.4,5.0
TO202401011850,U11535,豪餐厅,西餐,32.89,2026-08-07 11:50:33,北京,通州区,58.1,3.5
TO202401011851,U10759,千厨快餐,日料寿司,26.51,2026-07-14 11:41:09,西安,碑林区,35.6,4.5
TO202401011852,U11714,小私房菜,日料寿司,55.45,2026-07-15 11:49:18,南京,秦淮区,55.8,5.0
TO202401011853,U10366,味厨快餐,快餐便当,13.93,2026-07-13 11:06:53,武汉,武昌区,42.2,3.5
TO202401011854,U11389,真快餐味道,烧烤,27.32,2026-07-24 22:36:50,郑州,郑东新区,33.4,5.0
TO202401011855,U11651,亿私房菜,日料寿司,8.0,2026-07-14 17:55:04,杭州,西湖区,42.6,3.0
TO202401011856,U10846,亿西餐私房菜,麻辣烫,39.65,2026-08-08 06:21:43,青岛,崂山区,35.2,5.0
TO202401011857,U10494,大记餐厅,快餐便当,38.81,2026-07-23 11:07:55,广州,海珠区,28.4,4.5
TO202401011858,U11674,小私房菜,火锅,34.33,2026-07-13 13:59:20,武汉,硚口区,42.0,4.0
TO202401011859,U10178,正外卖,轻食沙拉,18.1,2026-07-19 17:08:29,北京,丰台区,10.0,4.5
TO202401011860,U10859,鼎小馆,日料寿司,17.42,2026-07-19 18:19:49,武汉,汉阳区,30.1,4.5
TO202401011861,U11283,真美食,火锅,27.46,2026-07-26 11:41:19,重庆,江北区,41.4,4.5
TO202401011862,U10845,优汉堡餐厅,麻辣烫,42.56,2026-07-12 20:27:19,北京,通州区,23.6,5.0
TO202401011863,U10760,正记餐厅,轻食沙拉,48.53,2026-08-01 21:36:53,北京,朝阳区,21.6,4.0
TO202401011864,U10394,银食府,奶茶果汁,47.55,2026-07-13 12:36:58,天津,河东区,36.8,5.0
TO202401011865,U10121,御西餐记餐厅,甜品蛋糕,16.6,2026-07-19 08:09:51,上海,黄浦区,47.4,3.5
TO202401011866,U11665,小私房菜,饺子馄饨,33.08,2026-08-11 12:50:45,郑州,二七区,32.1,4.5
TO202401011867,U10334,真美食,日料寿司,36.01,2026-08-04 18:48:49,武汉,江岸区,59.5,5.0
TO202401011868,U10551,鲜外卖,汉堡薯条,48.03,2026-07-13 17:47:34,上海,静安区,35.0,2.0
TO202401011869,U10115,鲜美食,麻辣烫,8.0,2026-07-14 19:48:38,上海,静安区,51.3,4.5
TO202401011870,U10373,万小馆,饺子馄饨,22.64,2026-07-24 08:29:19,广州,荔湾区,29.9,5.0
TO202401011871,U10914,鲜烧烤外卖,粤菜,11.87,2026-07-15 11:28:21,郑州,郑东新区,20.1,5.0
TO202401011872,U11041,小麻辣厨快餐,烧烤,43.83,2026-07-23 19:08:27,广州,荔湾区,27.4,4.0
TO202401011873,U11519,万汉堡小馆,轻食沙拉,148.53,2026-08-02 20:27:07,深圳,福田区,41.5,5.0
TO202401011874,U10650,小快餐味道,烧烤,60.47,2026-07-20 11:45:06,广州,越秀区,42.1,5.0
TO202401011875,U11210,鲜轻食大饭店,川湘菜,32.12,2026-07-15 18:19:15,上海,黄浦区,31.7,4.5
TO202401011876,U10483,正烧烤小馆,川湘菜,34.92,2026-07-30 10:44:47,上海,长宁区,41.4,4.5
TO202401011877,U10084,小奶茶记餐厅,西餐,172.6,2026-08-02 17:07:37,天津,河西区,59.9,4.5
TO202401011878,U10733,香私房菜,麻辣烫,46.55,2026-07-18 11:15:48,重庆,沙坪坝区,49.0,5.0
TO202401011879,U10735,大大饭店,面食小吃,55.4,2026-07-28 12:27:17,深圳,龙华区,40.1,4.0
TO202401011880,U10036,金厨房,烧烤,-41.61,2026-07-28 22:20:44,上海,闵行区,43.2,4.0
TO202401011881,U10764,亿私房菜,饺子馄饨,66.83,2026-08-01 19:23:19,深圳,福田区,24.0,5.0
TO202401011882,U11359,小麻辣厨快餐,麻辣烫,43.52,2026-07-29 11:55:22,南京,玄武区,35.3,4.0
TO202401011883,U10347,正外卖,奶茶果汁,37.44,2026-07-25 17:12:37,苏州,相城区,10.3,5.0
TO202401011884,U11702,亿甜品美食,快餐便当,40.82,2026-07-21 17:38:00,青岛,市南区,19.1,5.0
TO202401011885,U10379,豪川湘私房菜,西餐,37.79,2026-07-12 21:57:21,上海,长宁区,31.5,4.5
TO202401011886,U11562,真外卖,面食小吃,63.94,2026-07-13 18:39:04,长沙,望城区,41.3,5.0
TO202401011887,U10859,优汉堡餐厅,轻食沙拉,47.13,2026-07-17 20:05:05,南京,玄武区,32.4,4.0
TO202401011888,U10112,鲜记餐厅,日料寿司,8.0,2026-07-27 06:25:17,杭州,拱墅区,51.0,3.5
TO202401011889,U10555,万味道,汉堡薯条,58.42,2026-07-20 18:45:22,郑州,管城区,36.0,5.0
TO202401011890,U10025,正川湘小馆,烧烤,44.97,2026-08-01 20:43:07,成都,武侯区,58.2,4.5
TO202401011891,U11533,真外卖,西餐,23.91,2026-07-21 21:45:06,西安,未央区,41.2,5.0
TO202401011892,U11418,味轻食味道,饺子馄饨,71.37,2026-08-01 13:23:30,上海,长宁区,27.3,4.5
TO202401011893,U10204,金厨房,面食小吃,58.87,2026-07-17 22:52:17,广州,海珠区,20.1,3.5
TO202401011894,U10587,大记餐厅,奶茶果汁,40.7,2026-08-06 15:39:36,成都,锦江区,44.4,3.5
TO202401011895,U11026,鲜粤菜大饭店,甜品蛋糕,38.2,2026-08-04 08:31:10,成都,金牛区,45.8,4.0
TO202401011896,U11558,御厨快餐,日料寿司,28.99,2026-08-04 00:22:55,广州,白云区,49.3,5.0
TO202401011897,U10006,万小馆,火锅,9.23,2026-07-20 15:12:33,武汉,江汉区,42.6,5.0
TO202401011898,U11208,亿麻辣大饭店,快餐便当,43.2,2026-07-31 12:47:17,广州,海珠区,45.6,5.0
TO202401011899,U11300,银奶茶餐厅,粤菜,33.59,2026-07-29 11:34:04,长沙,岳麓区,47.6,3.5
TO202401011900,U11110,鼎小馆,披萨意面,31.79,2026-07-26 22:33:16,北京,海淀区,48.1,5.0
TO202401011901,U11133,豪川湘私房菜,火锅,8.42,2026-08-07 12:26:54,重庆,南岸区,38.7,5.0
TO202401011902,U11424,皇奶茶食府,甜品蛋糕,31.36,2026-07-15 13:33:47,重庆,渝北区,33.0,4.5
TO202401011903,U10483,优食府,日料寿司,8.0,2026-08-04 12:02:44,长沙,岳麓区,41.5,5.0
TO202401011904,U10432,皇食堂,日料寿司,35.18,2026-07-13 21:14:45,苏州,工业园区,44.5,4.5
TO202401011905,U10374,味厨快餐,日料寿司,23.56,2026-08-01 03:25:30,杭州,拱墅区,11.1,3.0
TO202401011906,U10882,亿记餐厅,奶茶果汁,11.73,2026-08-08 18:49:05,成都,武侯区,21.4,4.5
TO202401011907,U11665,皇奶茶食府,粤菜,23.0,2026-08-01 19:02:24,杭州,下城区,36.5,5.0
TO202401011908,U11737,优汉堡餐厅,披萨意面,69.29,2026-08-07 16:30:25,杭州,滨江区,38.5,4.5
TO202401011909,U11433,鲜烧烤外卖,面食小吃,21.51,2026-07-29 10:07:44,重庆,南岸区,37.6,4.5
TO202401011910,U11183,小味道,西餐,37.47,2026-08-03 05:25:13,长沙,望城区,38.9,4.0
TO202401011911,U10327,千厨快餐,汉堡薯条,14.89,2026-07-29 19:32:53,上海,静安区,23.1,4.5
TO202401011912,U10012,万汉堡小馆,日料寿司,36.86,2026-08-02 22:49:13,武汉,汉阳区,26.3,4.0
TO202401011913,U11361,百汉堡厨快餐,轻食沙拉,41.7,2026-07-30 11:37:18,天津,河西区,41.8,4.5
TO202401011914,U10857,鼎小馆,快餐便当,31.88,2026-08-10 12:40:38,北京,海淀区,29.5,4.5
TO202401011915,U10332,鲜外卖,奶茶果汁,33.95,2026-07-17 18:52:34,沈阳,铁西区,35.3,4.5
TO202401011916,U11683,鲜烧烤外卖,西餐,57516.31,2026-08-03 12:50:15,武汉,硚口区,17.8,4.0
TO202401011917,U11388,御西餐记餐厅,火锅,21.77,2026-07-24 16:59:00,西安,雁塔区,42.6,4.0
TO202401011918,U11189,鲜饺子食府,轻食沙拉,51.67,2026-07-29 19:57:58,郑州,惠济区,38.7,3.5
TO202401011919,U10844,正记餐厅,快餐便当,54.6,2026-07-15 00:28:49,长沙,雨花区,38.9,2.0
TO202401011920,U10326,小麻辣厨快餐,麻辣烫,8.0,2026-07-18 16:34:02,成都,锦江区,32.2,5.0
TO202401011921,U10061,优汉堡餐厅,西餐,39.35,2026-08-09 17:41:55,杭州,滨江区,12.5,5.0
TO202401011922,U11105,百奶茶食府,日料寿司,22.29,2026-08-01 22:36:11,上海,静安区,24.5,5.0
TO202401011923,U10031,大记餐厅,快餐便当,41.96,2026-07-15 17:57:24,厦门,翔安区,29.3,5.0
TO202401011924,U10541,正食堂,烧烤,35.52,2026-07-19 10:03:40,杭州,西湖区,27.6,5.0
TO202401011925,U10012,亿私房菜,麻辣烫,23.99,2026-07-23 18:41:16,上海,静安区,47.6,4.5
TO202401011926,U10038,银日料餐厅,汉堡薯条,27.13,2026-07-21 18:42:09,北京,通州区,51.8,4.5
TO202401011927,U11671,香私房菜,奶茶果汁,51.2,2026-08-10 14:15:00,厦门,湖里区,59.0,4.5
TO202401011928,U11412,亿面食厨快餐,快餐便当,30.27,2026-08-04 00:58:48,南京,江宁区,46.2,4.0
TO202401011929,U10570,优汉堡餐厅,奶茶果汁,54.52,2026-08-02 13:32:48,深圳,福田区,42.1,5.0
TO202401011930,U11020,银食府,面食小吃,45.13,2026-07-20 20:32:34,郑州,郑东新区,43.9,4.5
TO202401011931,U11588,大大饭店,日料寿司,35.61,2026-07-24 10:12:08,深圳,龙华区,38.3,4.5
TO202401011932,U10276,亿美食,烧烤,8.0,2026-07-16 17:36:52,广州,天河区,37.6,3.5
TO202401011933,U10929,豪私房菜,甜品蛋糕,66871.79,2026-07-24 11:26:36,上海,静安区,33.8,5.0
TO202401011934,U11509,亿麻辣大饭店,饺子馄饨,53.77,2026-08-08 13:37:58,成都,青羊区,24.6,4.5
TO202401011935,U11014,鼎小馆,甜品蛋糕,8.0,2026-07-19 12:35:47,厦门,同安区,39.5,4.5
TO202401011936,U11245,银食府,汉堡薯条,45.23,2026-07-12 10:16:33,上海,长宁区,47.9,5.0
TO202401011937,U10136,优汉堡味道,烧烤,82.64,2026-07-28 11:48:38,深圳,龙岗区,53.7,5.0
TO202401011938,U11517,小日料食府,披萨意面,12.86,2026-08-02 21:09:53,北京,通州区,21.7,4.0
TO202401011939,U10311,好麻辣食府,西餐,43.96,2026-08-03 17:13:19,北京,东城区,40.5,4.5
TO202401011940,U11428,御厨快餐,烧烤,27.83,2026-07-30 14:20:53,上海,静安区,26.1,4.0
TO202401011941,U10992,万味道,日料寿司,21.96,2026-07-31 18:09:03,青岛,李沧区,34.0,5.0
TO202401011942,U11590,好麻辣食府,轻食沙拉,8.0,2026-07-31 12:57:39,南京,鼓楼区,50.6,2.0
TO202401011943,U11286,百奶茶食府,西餐,36.13,2026-07-31 20:25:34,大连,中山区,35.8,5.0
TO202401011944,U11314,优汉堡味道,披萨意面,45.27,2026-07-15 16:36:21,南京,秦淮区,34.1,3.0
TO202401011945,U10397,老厨快餐,川湘菜,42.81,2026-07-19 21:31:16,长沙,天心区,39.9,5.0
TO202401011946,U10127,味外卖,日料寿司,38.62,2026-07-15 07:31:31,南京,秦淮区,41.9,2.0
TO202401011947,U11479,鲜烧烤外卖,甜品蛋糕,23.46,2026-08-04 11:02:09,北京,丰台区,13.6,4.5
TO202401011948,U11733,鼎小馆,烧烤,31.25,2026-07-18 14:12:19,上海,长宁区,13.3,5.0
TO202401011949,U10645,豪川湘私房菜,轻食沙拉,34.97,2026-08-04 15:01:28,武汉,江汉区,20.2,4.0
TO202401011950,U11409,大记餐厅,披萨意面,39.22,2026-08-02 15:20:04,大连,中山区,18.8,4.5
TO202401011951,U10394,正烧烤小馆,快餐便当,50.83,2026-07-15 18:42:10,苏州,相城区,22.9,5.0
TO202401011952,U10657,鼎小馆,烧烤,25021.32,2026-07-29 12:00:22,南京,鼓楼区,51.2,4.0
TO202401011953,U10005,亿美食,烧烤,48.46,2026-07-24 13:38:42,广州,白云区,43.1,4.0
TO202401011954,U11558,银食府,甜品蛋糕,28.47,2026-08-08 19:45:19,北京,海淀区,44.4,2.0
TO202401011955,U11571,鲜私房菜,奶茶果汁,47.18,2026-07-28 11:51:34,青岛,黄岛区,36.2,4.0
TO202401011956,U10025,亿食府,日料寿司,64.25,2026-07-29 18:17:40,杭州,滨江区,31.5,4.5
TO202401011957,U11479,百汉堡厨快餐,火锅,31.09,2026-08-02 09:57:24,深圳,龙岗区,47.6,3.5
TO202401011958,U10109,小奶茶记餐厅,西餐,24.17,2026-07-18 21:38:29,西安,碑林区,57.2,4.5
TO202401011959,U11259,亿披萨食府,面食小吃,59.61,2026-08-10 17:02:38,北京,通州区,64.1,4.5
TO202401011960,U10798,御记餐厅,汉堡薯条,45.57,2026-07-31 22:55:14,长沙,望城区,38.8,5.0
TO202401011961,U11216,小麻辣厨快餐,快餐便当,44.45,2026-07-20 12:03:21,北京,丰台区,45.4,5.0
TO202401011962,U10974,老厨快餐,烧烤,47.8,2026-08-05 18:10:09,广州,荔湾区,36.0,4.0
TO202401011963,U11311,真外卖,汉堡薯条,52.76,2026-07-21 19:50:03,深圳,罗湖区,21.3,5.0
TO202401011964,U11623,千厨快餐,饺子馄饨,8.86,2026-07-21 19:52:39,成都,锦江区,26.5,4.5
TO202401011965,U10027,御厨快餐,粤菜,28.15,2026-07-16 13:15:20,深圳,宝安区,20.0,5.0
TO202401011966,U10099,亿记餐厅,轻食沙拉,188.82,2026-07-28 01:23:31,深圳,龙华区,10.9,4.5
TO202401011967,U11312,亿披萨食府,川湘菜,43.28,2026-07-19 13:15:27,天津,河北区,24.8,4.5
TO202401011968,U11649,百汉堡厨快餐,川湘菜,94.19,2026-08-06 18:37:07,重庆,南岸区,35.6,5.0
TO202401011969,U10957,万小馆,火锅,23.43,2026-07-16 18:21:10,北京,东城区,16.0,5.0
TO202401011970,U10949,皇大饭店,轻食沙拉,62.21,2026-07-29 20:25:02,广州,天河区,40.8,5.0
TO202401011971,U10585,大记餐厅,甜品蛋糕,31.29,2026-08-09 18:16:51,天津,河北区,51.7,5.0
TO202401011972,U10797,皇大饭店,川湘菜,11.23,2026-08-09 11:05:07,广州,海珠区,29.0,4.5
TO202401011973,U11626,豪西餐厨快餐,麻辣烫,10.64,2026-07-20 20:18:48,深圳,福田区,64.5,5.0
TO202401011974,U11721,御厨快餐,烧烤,82.42,2026-07-27 12:26:24,上海,静安区,37.4,4.0
TO202401011975,U10402,鼎食堂,饺子馄饨,45.66,2026-07-25 12:55:40,武汉,江汉区,45.4,5.0
TO202401011976,U10184,万味道,西餐,32.16,2026-07-27 05:23:12,沈阳,大东区,30.9,4.0
TO202401011977,U10502,真美食,火锅,43.75,2026-07-25 12:28:36,天津,河西区,37.4,5.0
TO202401011978,U10957,银日料餐厅,快餐便当,34.63,2026-07-20 18:16:46,广州,白云区,26.7,5.0
TO202401011979,U11522,正记餐厅,披萨意面,21.33,2026-07-16 21:05:48,深圳,宝安区,23.5,5.0
TO202401011980,U10540,大记餐厅,西餐,23.82,2026-07-18 12:56:07,西安,新城区,32.4,4.5
TO202401011981,U11641,亿披萨食府,面食小吃,91.43,2026-07-23 15:49:11,深圳,南山区,28.0,3.5
TO202401011982,U11741,鲜饺子食府,粤菜,51.78,2026-08-05 09:11:10,广州,天河区,36.8,5.0
TO202401011983,U11148,御厨快餐,火锅,8.0,2026-07-26 19:08:13,西安,长安区,25.5,5.0
TO202401011984,U10899,鲜记餐厅,轻食沙拉,9.62,2026-08-05 21:57:29,广州,越秀区,51.7,5.0
TO202401011985,U11178,小快餐味道,烧烤,31.78,2026-07-17 19:55:21,广州,番禺区,32.0,5.0
TO202401011986,U10608,鼎大饭店,川湘菜,41.49,2026-07-14 18:14:48,重庆,渝中区,21.2,5.0
TO202401011987,U11725,鲜外卖,粤菜,27.46,2026-07-28 20:00:51,北京,丰台区,25.5,5.0
TO202401011988,U10452,鲜美食,快餐便当,12.56,2026-07-14 21:20:27,深圳,宝安区,28.1,4.5
TO202401011989,U11595,亿食府,轻食沙拉,52.48,2026-08-05 23:13:43,北京,西城区,52.1,4.5
TO202401011990,U10822,正记餐厅,粤菜,51.19,2026-07-26 11:04:26,上海,长宁区,25.7,3.0
TO202401011991,U11031,正记餐厅,麻辣烫,31.55,2026-07-12 17:03:15,杭州,拱墅区,37.2,5.0
TO202401011992,U10037,小奶茶记餐厅,西餐,27.43,2026-08-03 06:30:50,重庆,渝中区,16.3,4.5
TO202401011993,U10327,小味道,披萨意面,8.0,2026-07-27 14:26:08,苏州,相城区,54.8,4.5
TO202401011994,U11629,正川湘小馆,日料寿司,13.74,2026-07-24 19:42:22,北京,通州区,19.1,3.5
TO202401011995,U11202,御奶茶小馆,川湘菜,27.49,2026-07-29 12:38:31,西安,莲湖区,28.5,5.0
TO202401011996,U10070,真美食,粤菜,38.42,2026-08-06 18:53:38,杭州,滨江区,26.0,4.5
TO202401011997,U10893,优汉堡味道,奶茶果汁,27.16,2026-08-05 01:18:38,南京,建邺区,18.1,4.5
TO202401011998,U11092,鲜烧烤外卖,川湘菜,41.67,2026-07-19 17:57:24,上海,闵行区,38.3,4.5
TO202401011999,U10922,小奶茶记餐厅,粤菜,35.45,2026-07-22 12:59:21,郑州,金水区,37.2,5.0
TO202401012000,U11304,正外卖,火锅,30.56,2026-07-16 11:37:33,西安,碑林区,25.2,5.0
TO202401012001,U10419,鼎小馆,面食小吃,13.85,2026-08-03 18:04:54,深圳,宝安区,33.8,2.0
TO202401012002,U10409,正烧烤小馆,甜品蛋糕,163.7,2026-07-26 12:34:54,重庆,渝北区,46.5,2.0
TO202401012003,U11391,亿外卖,面食小吃,8.0,2026-07-21 19:36:38,重庆,九龙坡区,29.5,5.0
TO202401012004,U11271,亿甜品美食,麻辣烫,44.53,2026-07-31 17:50:24,成都,武侯区,51.9,5.0
TO202401012005,U10857,亿外卖,火锅,39.77,2026-07-13 17:36:56,上海,浦东新区,38.9,5.0
TO202401012006,U11539,鼎食堂,轻食沙拉,8.0,2026-07-25 16:17:21,青岛,黄岛区,35.1,5.0
TO202401012007,U11067,亿甜品小馆,饺子馄饨,34.68,2026-08-11 11:30:27,杭州,西湖区,36.4,4.5
TO202401012008,U10525,正记餐厅,烧烤,24.77,2026-07-21 08:04:26,杭州,上城区,41.2,5.0
TO202401012009,U11094,万味道,快餐便当,56.64,2026-07-30 15:18:00,北京,丰台区,53.3,4.5
TO202401012010,U10093,正记餐厅,饺子馄饨,32.55,2026-08-06 20:55:02,杭州,上城区,21.9,4.5
TO202401012011,U11252,万汉堡小馆,奶茶果汁,49.9,2026-08-08 16:26:03,厦门,湖里区,54.0,5.0
TO202401012012,U10135,亿麻辣大饭店,西餐,32.17,2026-08-04 12:04:13,北京,丰台区,50.7,4.5
TO202401012013,U11248,鲜外卖,面食小吃,57.87,2026-08-07 10:17:21,南京,雨花台区,34.0,5.0
TO202401012014,U10029,御奶茶小馆,火锅,38.78,2026-08-08 14:22:48,北京,东城区,15.1,2.0
TO202401012015,U10287,小奶茶记餐厅,快餐便当,53.21,2026-08-10 17:43:01,杭州,余杭区,24.7,4.5
TO202401012016,U11086,万小馆,饺子馄饨,55.1,2026-07-20 10:55:51,上海,静安区,18.1,5.0
TO202401012017,U11361,亿西餐私房菜,西餐,91.56,2026-07-20 20:01:29,上海,静安区,44.7,4.0
TO202401012018,U11406,大美食,粤菜,27.2,2026-07-26 18:07:42,广州,荔湾区,48.4,5.0
TO202401012019,U11053,正食堂,汉堡薯条,10.17,2026-07-27 19:08:53,上海,浦东新区,21.9,5.0
TO202401012020,U11467,正食堂,麻辣烫,8.44,2026-07-19 19:10:57,武汉,武昌区,43.4,4.5
TO202401012021,U10437,亿披萨食府,火锅,128.34,2026-07-21 16:06:54,成都,武侯区,34.1,3.5
TO202401012022,U11686,优食府,披萨意面,25.09,2026-08-09 19:05:29,北京,丰台区,33.3,3.5
TO202401012023,U10295,味外卖,川湘菜,72.73,2026-07-24 17:53:01,深圳,罗湖区,23.8,4.5
TO202401012024,U10073,万味道,火锅,44.65,2026-07-31 21:01:09,杭州,拱墅区,29.2,4.5
TO202401012025,U10661,正川湘小馆,汉堡薯条,46.17,2026-07-28 18:03:42,天津,北辰区,28.7,4.5
TO202401012026,U11278,鲜私房菜,披萨意面,8.0,2026-07-25 12:12:37,南京,秦淮区,29.4,4.5
TO202401012027,U11044,亿麻辣大饭店,饺子馄饨,24.53,2026-07-26 08:37:04,成都,青羊区,49.7,5.0
TO202401012028,U11763,亿食府,快餐便当,33.16,2026-07-17 20:13:32,西安,未央区,49.3,4.5
TO202401012029,U10057,亿记餐厅,粤菜,41.88,2026-07-14 11:25:43,重庆,九龙坡区,38.7,4.0
TO202401012030,U10201,金厨房,饺子馄饨,9.96,2026-07-15 21:41:50,北京,丰台区,30.7,4.0
TO202401012031,U10242,亿美食,西餐,11.8,2026-07-31 15:58:25,上海,浦东新区,48.1,5.0
TO202401012032,U11446,金厨房,川湘菜,16.29,2026-07-26 10:35:09,南京,玄武区,45.6,5.0
TO202401012033,U11257,银奶茶餐厅,披萨意面,138.9,2026-08-01 17:29:58,青岛,崂山区,40.4,4.5
TO202401012034,U11514,小快餐味道,饺子馄饨,23.07,2026-08-07 23:12:21,杭州,余杭区,45.3,4.5
TO202401012035,U11384,亿味道,火锅,32.14,2026-08-08 11:20:21,上海,闵行区,38.0,5.0
TO202401012036,U10091,亿面食厨快餐,火锅,33.52,2026-07-28 18:43:56,上海,浦东新区,20.6,5.0
TO202401012037,U10209,亿食府,轻食沙拉,27.56,2026-07-18 22:19:04,沈阳,铁西区,47.9,3.0
TO202401012038,U11677,万汉堡小馆,甜品蛋糕,15.99,2026-08-05 20:12:25,广州,番禺区,32.1,4.0
TO202401012039,U11308,正记餐厅,饺子馄饨,18.5,2026-07-29 14:55:28,北京,朝阳区,24.9,5.0
TO202401012040,U10474,万味道,粤菜,58.27,2026-07-23 16:16:26,苏州,相城区,32.7,3.0
TO202401012041,U10426,鲜美食,火锅,19.41,2026-08-05 08:13:08,长沙,天心区,26.0,4.5
TO202401012042,U11042,真快餐味道,面食小吃,57.61,2026-07-23 18:10:38,武汉,汉阳区,25.4,5.0
TO202401012043,U10335,小日料食府,奶茶果汁,26.55,2026-08-02 10:53:05,苏州,吴中区,45.0,5.0
TO202401012044,U10886,鲜粤菜大饭店,快餐便当,10.96,2026-07-23 23:23:04,上海,浦东新区,29.8,5.0
TO202401012045,U11294,御奶茶小馆,火锅,30.45,2026-07-21 19:54:30,厦门,湖里区,23.5,5.0
TO202401012046,U10006,味小馆,快餐便当,72.68,2026-07-14 18:17:47,武汉,江岸区,23.5,5.0
TO202401012047,U10202,小日料食府,饺子馄饨,10.44,2026-07-14 18:25:36,厦门,湖里区,29.5,3.5
TO202401012048,U11660,鼎小馆,烧烤,31.16,2026-08-01 13:56:03,苏州,相城区,26.2,4.0
TO202401012049,U11578,皇食堂,饺子馄饨,68310.88,2026-07-30 19:08:34,北京,海淀区,45.0,2.0
TO202401012050,U11142,亿厨快餐,日料寿司,31.41,2026-07-22 21:01:36,上海,闵行区,19.3,5.0
TO202401012051,U10807,百汉堡厨快餐,烧烤,28.34,2026-07-16 19:26:26,深圳,宝安区,36.9,5.0
TO202401012052,U10081,鲜烧烤外卖,轻食沙拉,13.73,2026-07-16 20:08:08,上海,浦东新区,10.0,4.5
TO202401012053,U10926,鲜烧烤外卖,火锅,20.1,2026-07-25 13:14:57,沈阳,浑南区,40.4,5.0
TO202401012054,U10128,亿西餐私房菜,烧烤,45.63,2026-07-20 13:17:18,上海,徐汇区,36.2,3.5
TO202401012055,U11539,豪餐厅,日料寿司,30.77,2026-07-25 12:55:51,长沙,天心区,37.8,5.0
TO202401012056,U11552,正外卖,川湘菜,11.24,2026-07-30 19:47:57,上海,静安区,15.1,5.0
TO202401012057,U11667,小私房菜,火锅,191.28,2026-07-25 20:16:51,上海,闵行区,44.0,2.0
TO202401012659,U11596,千奶茶餐厅,轻食沙拉,32.85,2026-08-03 12:04:46,北京,海淀区,26.9,2.0
TO202401012059,U10478,豪川湘私房菜,烧烤,12.12,2026-07-24 10:34:58,重庆,沙坪坝区,31.5,4.0
TO202401012060,U10190,御西餐记餐厅,烧烤,29.2,2026-07-23 19:05:23,青岛,李沧区,25.8,5.0
TO202401012061,U10028,银日料餐厅,火锅,32.34,2026-07-26 16:37:52,西安,新城区,39.0,5.0
TO202401012062,U10122,小快餐味道,粤菜,44.55,2026-07-27 14:06:32,广州,荔湾区,52.5,4.5
TO202401012063,U10985,万汉堡小馆,日料寿司,41.83,2026-08-10 09:13:37,西安,未央区,37.7,5.0
TO202401012064,U10655,万味道,烧烤,160.57,2026-08-09 01:51:35,上海,浦东新区,41.2,4.5
TO202401012065,U10405,银食府,轻食沙拉,40.24,2026-08-06 13:35:41,上海,长宁区,29.3,4.5
TO202401012066,U10378,御奶茶厨快餐,日料寿司,41.08,2026-07-23 12:45:47,天津,和平区,46.5,5.0
TO202401012067,U10195,小快餐味道,烧烤,16.9,2026-08-02 12:44:01,郑州,郑东新区,11.2,5.0
TO202401012068,U10195,小麻辣厨快餐,日料寿司,49.06,2026-07-24 15:06:20,天津,和平区,39.8,5.0
TO202401012069,U11202,豪餐厅,麻辣烫,118.34,2026-08-06 16:08:08,郑州,二七区,27.3,3.5
TO202401012070,U10233,味轻食味道,烧烤,63.62,2026-07-23 10:01:06,重庆,渝中区,30.2,3.5
TO202401012071,U11631,银食堂,麻辣烫,40.22,2026-07-19 09:14:41,杭州,上城区,41.8,2.0
TO202401012072,U10611,正记餐厅,甜品蛋糕,33.06,2026-07-20 20:26:43,广州,白云区,41.1,4.5
TO202401012073,U10730,银食府,日料寿司,38.88,2026-07-17 17:27:27,成都,锦江区,42.0,4.0
TO202401012074,U10363,鲜记餐厅,披萨意面,36.25,2026-08-01 18:55:52,苏州,吴江区,52.7,4.5
TO202401012075,U11152,豪川湘私房菜,烧烤,85.96,2026-08-06 09:44:11,广州,荔湾区,34.4,4.0
TO202401012076,U10215,鲜外卖,西餐,30.93,2026-08-10 13:15:55,杭州,拱墅区,31.7,4.5
TO202401012077,U10554,真快餐味道,日料寿司,24.77,2026-07-19 13:37:44,苏州,相城区,42.2,1.0
TO202401012078,U11568,御奶茶小馆,面食小吃,19.74,2026-07-19 11:37:44,西安,长安区,10.0,4.5
TO202401012079,U10609,大餐厅,火锅,20.46,2026-07-19 12:56:58,郑州,郑东新区,10.0,4.5
TO202401012080,U10663,鲜外卖,奶茶果汁,24.63,2026-07-31 20:44:59,杭州,上城区,38.9,3.0
TO202401012081,U11496,万汉堡小馆,麻辣烫,35.54,2026-07-24 12:47:27,厦门,集美区,50.8,5.0
TO202401012082,U10725,味外卖,川湘菜,52.39,2026-07-30 11:38:48,广州,荔湾区,25.3,4.5
TO202401012083,U10970,豪餐厅,日料寿司,82.77,2026-07-15 21:32:41,厦门,思明区,47.6,4.0
TO202401012084,U11457,优汉堡餐厅,面食小吃,31.29,2026-07-17 20:00:06,北京,通州区,51.4,3.0
TO202401012085,U11573,正记餐厅,饺子馄饨,84.62,2026-08-03 17:07:08,郑州,管城区,30.7,5.0
TO202401012086,U11438,优汉堡味道,火锅,34.53,2026-07-17 18:53:09,苏州,工业园区,10.0,5.0
TO202401012087,U10615,小味道,奶茶果汁,61.78,2026-08-08 11:06:29,苏州,吴中区,56.2,4.5
TO202401012088,U10598,豪私房菜,西餐,54.9,2026-07-20 20:05:42,深圳,龙岗区,46.0,5.0
TO202401012089,U10067,大餐厅,日料寿司,44.83,2026-07-26 18:26:43,北京,西城区,29.5,4.5
TO202401012090,U10069,亿私房菜,奶茶果汁,37.21,2026-08-05 17:07:25,北京,东城区,26.1,4.0
TO202401012091,U10560,万汉堡小馆,饺子馄饨,16.95,2026-08-10 11:58:42,广州,海珠区,41.7,3.0
TO202401012092,U11229,银食堂,快餐便当,40.47,2026-08-06 17:44:16,北京,朝阳区,37.3,4.5
TO202401012093,U10170,皇食堂,快餐便当,58.37,2026-08-08 09:25:00,北京,东城区,32.6,4.0
TO202401012094,U10243,小麻辣厨快餐,轻食沙拉,48.53,2026-08-08 11:58:02,长沙,望城区,47.5,3.5
TO202401012095,U10410,正川湘小馆,面食小吃,49.5,2026-08-03 08:39:38,武汉,江汉区,37.5,3.5
TO202401012096,U11158,小快餐味道,西餐,,2026-07-21 12:09:03,郑州,中原区,42.7,4.0
TO202401012097,U10176,鼎大饭店,汉堡薯条,62.76,2026-07-15 21:24:03,长沙,雨花区,45.2,4.0
TO202401012098,U10950,百奶茶食府,麻辣烫,64.67,2026-08-04 09:43:19,上海,黄浦区,25.1,5.0
TO202401012099,U10649,御厨快餐,轻食沙拉,60.25,2026-07-29 18:18:05,大连,高新园区,50.7,4.5
TO202401012100,U10877,亿厨快餐,甜品蛋糕,13.73,2026-07-14 21:13:27,杭州,余杭区,37.1,5.0
TO202401012101,U10250,御奶茶小馆,烧烤,10.14,2026-08-05 08:58:40,北京,丰台区,35.1,2.0
TO202401012102,U10105,银奶茶餐厅,甜品蛋糕,46.77,2026-07-17 12:56:03,上海,闵行区,39.1,5.0
TO202401012103,U11343,鼎大饭店,粤菜,41.4,2026-07-18 08:35:16,重庆,渝北区,25.0,5.0
TO202401012104,U11223,正食堂,面食小吃,33.79,2026-07-12 18:18:31,广州,天河区,30.7,4.5
TO202401012105,U10217,真美食,川湘菜,59.14,2026-07-25 17:32:36,杭州,下城区,33.2,5.0
TO202401012106,U10298,味厨快餐,西餐,20.99,2026-07-25 12:42:58,西安,莲湖区,41.6,5.0
TO202401012107,U10046,鲜私房菜,汉堡薯条,125.93,2026-07-26 13:08:48,重庆,渝中区,25.0,5.0
TO202401012108,U11763,味厨快餐,烧烤,52.48,2026-08-09 09:14:00,广州,番禺区,34.0,2.0
TO202401012109,U11108,万小馆,快餐便当,82.29,2026-07-27 19:06:56,北京,通州区,36.0,4.5
TO202401012110,U11623,正外卖,麻辣烫,25.17,2026-07-27 17:00:30,重庆,渝中区,39.3,5.0
TO202401012111,U10394,鼎食堂,甜品蛋糕,49.47,2026-07-16 11:09:18,广州,白云区,35.8,5.0
TO202401012112,U10763,大餐厅,粤菜,35.12,2026-07-13 12:02:46,南京,建邺区,25.5,5.0
TO202401012113,U10298,皇奶茶食府,饺子馄饨,28.79,2026-07-22 05:54:49,上海,黄浦区,44.7,4.5
TO202401012114,U11002,大记餐厅,快餐便当,26.7,2026-07-16 20:50:59,重庆,沙坪坝区,37.3,4.0
TO202401012115,U10589,亿记餐厅,奶茶果汁,41.96,2026-07-28 05:59:34,南京,秦淮区,35.5,5.0
TO202401012116,U10961,大记餐厅,日料寿司,8.0,2026-07-22 19:50:48,广州,白云区,33.3,5.0
TO202401012117,U10457,优汉堡餐厅,日料寿司,46.66,2026-08-03 18:35:02,天津,河西区,50.3,3.0
TO202401012118,U11583,御西餐记餐厅,川湘菜,61.4,2026-07-27 21:41:45,上海,徐汇区,31.4,4.5
TO202401012119,U10824,万小馆,甜品蛋糕,8.0,2026-08-06 18:57:45,上海,黄浦区,44.5,4.0
TO202401012120,U11115,正食堂,麻辣烫,40.15,2026-07-29 22:58:31,北京,东城区,19.3,4.0
TO202401012121,U11244,好麻辣食府,日料寿司,17.14,2026-07-12 13:27:36,武汉,江岸区,21.0,5.0
TO202401012122,U10088,亿私房菜,日料寿司,36.17,2026-08-03 13:26:29,北京,朝阳区,48.1,4.5
TO202401012123,U10732,味外卖,川湘菜,20.9,2026-07-24 21:26:42,深圳,宝安区,31.3,5.0
TO202401012124,U10941,鼎大饭店,披萨意面,48.19,2026-07-18 19:39:39,北京,东城区,49.0,5.0
TO202401012125,U10435,正记餐厅,面食小吃,28.96,2026-08-05 19:34:18,青岛,李沧区,27.1,5.0
TO202401012126,U11229,大餐厅,火锅,47.4,2026-07-20 14:08:19,北京,朝阳区,41.9,3.5
TO202401012127,U10030,正外卖,烧烤,45.95,2026-07-26 20:37:59,杭州,下城区,36.3,4.0
TO202401012128,U10734,味厨快餐,轻食沙拉,21.2,2026-07-14 23:13:14,上海,长宁区,21.1,4.5
TO202401012129,U10286,亿麻辣大饭店,日料寿司,22.27,2026-07-22 17:51:08,上海,浦东新区,33.6,3.0
TO202401012130,U10054,正记餐厅,汉堡薯条,8.0,2026-07-30 09:10:06,深圳,龙华区,37.7,4.0
TO202401012131,U10429,鲜记餐厅,披萨意面,25.38,2026-08-09 11:07:22,成都,成华区,20.3,5.0
TO202401012132,U10321,御奶茶厨快餐,快餐便当,35.46,2026-07-24 23:52:22,沈阳,和平区,10.0,5.0
TO202401012133,U10433,豪西餐厨快餐,甜品蛋糕,32.3,2026-07-12 10:26:06,广州,海珠区,31.7,4.5
TO202401012134,U10203,御记餐厅,麻辣烫,28.03,2026-07-27 17:00:03,广州,白云区,28.9,5.0
TO202401012135,U10633,百奶茶食府,粤菜,13.4,2026-07-23 18:17:44,上海,徐汇区,35.7,2.0
TO202401012136,U11521,小日料食府,汉堡薯条,39.5,2026-08-05 10:00:18,成都,成华区,24.4,5.0
TO202401012137,U10589,银食府,西餐,36.7,2026-07-31 15:50:34,大连,开发区,25.2,4.5
TO202401012138,U11372,鼎小馆,西餐,43.3,2026-07-16 12:48:22,北京,通州区,50.6,3.0
TO202401012139,U10054,御奶茶小馆,麻辣烫,20.9,2026-08-02 12:22:11,成都,武侯区,20.4,5.0
TO202401012140,U10503,豪川湘私房菜,川湘菜,18.15,2026-07-31 15:03:26,武汉,江岸区,16.7,5.0
TO202401012141,U10503,御厨快餐,麻辣烫,9.56,2026-07-31 18:28:01,上海,长宁区,49.7,5.0
TO202401012142,U11325,金厨房,火锅,46.94,2026-07-16 12:09:04,上海,长宁区,26.4,4.0
TO202401012143,U10689,银食府,甜品蛋糕,169.57,2026-07-14 12:09:38,成都,武侯区,37.3,4.5
TO202401012144,U11349,御奶茶厨快餐,披萨意面,31.01,2026-08-08 10:15:44,苏州,高新区,27.3,5.0
TO202401012145,U11398,鼎大饭店,日料寿司,33.09,2026-07-18 22:48:34,深圳,龙岗区,29.5,5.0
TO202401012146,U10062,鲜粤菜大饭店,饺子馄饨,29.83,2026-08-07 12:13:58,深圳,南山区,34.5,5.0
TO202401012147,U11649,鲜饺子食府,西餐,59.5,2026-07-25 12:27:28,深圳,龙华区,16.7,5.0
TO202401012148,U11538,鲜粤菜大饭店,甜品蛋糕,35.3,2026-07-21 12:51:58,上海,徐汇区,64.4,5.0
TO202401012149,U11450,豪西餐厨快餐,披萨意面,25.35,2026-07-20 14:18:37,成都,武侯区,38.2,4.5
TO202401012150,U10683,御西餐记餐厅,麻辣烫,8.0,2026-07-24 10:00:26,上海,徐汇区,19.9,5.0
TO202401012151,U11514,御汉堡厨快餐,粤菜,55.16,2026-08-07 19:48:28,天津,和平区,21.7,3.0
TO202401012152,U10895,豪西餐厨快餐,轻食沙拉,33.81,2026-07-30 11:43:56,北京,西城区,41.5,5.0
TO202401012153,U11494,百奶茶食府,烧烤,8.0,2026-08-05 12:31:29,北京,海淀区,27.7,4.0
TO202401012154,U10939,皇食堂,奶茶果汁,9.8,2026-08-03 14:56:08,青岛,崂山区,52.1,4.0
TO202401012155,U10497,亿厨快餐,西餐,16.59,2026-07-28 09:28:35,广州,白云区,10.0,5.0
TO202401012156,U11568,亿甜品美食,快餐便当,34.19,2026-08-02 21:44:45,重庆,江北区,39.3,4.5
TO202401012157,U10137,御厨快餐,轻食沙拉,41.9,2026-07-31 18:54:55,深圳,宝安区,13.7,5.0
TO202401012158,U10259,鲜粤菜大饭店,披萨意面,55.61,2026-07-13 21:03:57,天津,南开区,23.4,3.0
TO202401012159,U11043,皇奶茶食府,粤菜,50.76,2026-07-18 23:13:27,广州,白云区,20.4,3.0
TO202401012160,U11242,千奶茶餐厅,轻食沙拉,35.64,2026-07-27 19:05:44,武汉,汉阳区,36.5,4.0
TO202401012161,U10384,鲜饺子食府,烧烤,14.61,2026-07-16 17:23:58,成都,成华区,42.6,5.0
TO202401012162,U10679,优汉堡味道,日料寿司,56.52,2026-08-08 21:23:03,南京,鼓楼区,10.0,5.0
TO202401012163,U11072,金厨房,甜品蛋糕,33.37,2026-08-05 16:44:57,北京,东城区,30.9,5.0
TO202401012164,U10788,金厨房,火锅,40.94,2026-08-03 12:40:04,重庆,渝北区,36.6,5.0
TO202401012165,U10654,鼎食堂,面食小吃,52.27,2026-08-06 11:40:41,北京,海淀区,43.7,5.0
TO202401012166,U11721,鼎小馆,面食小吃,19.34,2026-07-31 01:59:25,北京,朝阳区,33.9,5.0
TO202401012167,U11079,大记餐厅,川湘菜,8.0,2026-08-10 18:09:56,广州,天河区,41.2,3.5
TO202401012168,U10865,御西餐记餐厅,汉堡薯条,17.21,2026-08-02 14:06:23,西安,未央区,33.8,4.5
TO202401012169,U10134,鲜记餐厅,披萨意面,33.06,2026-08-06 13:22:37,武汉,汉阳区,20.5,5.0
TO202401012170,U10712,万味道,火锅,25.23,2026-08-07 12:34:13,北京,东城区,41.5,5.0
TO202401012171,U10326,鲜粤菜大饭店,日料寿司,13.73,2026-07-28 11:15:15,成都,青羊区,27.4,5.0
TO202401012172,U10871,万味道,面食小吃,28.78,2026-07-26 19:30:21,重庆,渝中区,33.4,4.0
TO202401012173,U10946,百川湘私房菜,西餐,47.56,2026-07-12 20:12:00,杭州,上城区,46.8,3.5
TO202401012174,U10337,御汉堡厨快餐,麻辣烫,24.57,2026-07-30 19:14:16,苏州,工业园区,50.6,4.0
TO202401012175,U11096,豪私房菜,轻食沙拉,41.7,2026-08-09 14:15:00,郑州,中原区,22.3,3.0
TO202401012176,U11624,鲜记餐厅,西餐,40.91,2026-08-06 18:48:53,成都,高新区,58.7,3.0
TO202401012177,U11336,御奶茶厨快餐,轻食沙拉,25.11,2026-08-09 09:56:48,成都,高新区,34.9,4.0
TO202401012178,U10570,鲜饺子食府,奶茶果汁,41.09,2026-08-04 08:28:58,深圳,南山区,37.3,4.0
TO202401012179,U10961,小快餐味道,饺子馄饨,33.55,2026-07-27 20:03:22,广州,海珠区,21.2,4.0
TO202401012180,U10889,皇大饭店,饺子馄饨,17.26,2026-08-08 21:43:37,南京,江宁区,28.2,4.0
TO202401012181,U10544,优汉堡餐厅,快餐便当,25.82,2026-07-24 07:39:46,深圳,宝安区,21.7,5.0
TO202401012182,U10401,亿西餐私房菜,甜品蛋糕,84.66,2026-07-17 21:53:18,南京,建邺区,23.1,4.0
TO202401012183,U10043,优食府,粤菜,35.87,2026-07-17 20:37:04,上海,闵行区,26.0,5.0
TO202401012184,U10673,亿味道,粤菜,9.28,2026-07-19 07:07:21,广州,番禺区,35.8,3.5
TO202401012185,U11469,味轻食味道,川湘菜,128.16,2026-07-14 18:58:09,西安,雁塔区,36.5,4.5
TO202401012186,U11461,味轻食味道,火锅,45.58,2026-08-08 17:55:35,广州,荔湾区,31.0,4.5
TO202401012187,U11455,御奶茶厨快餐,轻食沙拉,27.25,2026-07-30 09:36:25,杭州,西湖区,35.9,5.0
TO202401012188,U11013,御厨快餐,披萨意面,36.48,2026-07-24 12:53:15,成都,高新区,32.6,3.0
TO202401012189,U10340,鼎大饭店,川湘菜,22.33,2026-07-23 19:09:19,重庆,九龙坡区,41.7,4.5
TO202401012190,U10176,正记餐厅,川湘菜,30.51,2026-07-13 06:56:47,上海,浦东新区,29.1,4.0
TO202401012191,U10820,真外卖,粤菜,28.54,2026-07-22 17:35:49,苏州,姑苏区,42.0,3.5
TO202401012192,U11459,真外卖,饺子馄饨,62.94,2026-08-02 11:15:20,北京,通州区,21.2,5.0
TO202401012193,U10233,百奶茶食府,饺子馄饨,45.32,2026-07-14 06:03:33,北京,朝阳区,20.6,4.5
TO202401012194,U11229,味厨快餐,甜品蛋糕,12.21,2026-08-10 11:41:14,厦门,同安区,60.4,4.5
TO202401012195,U10855,真快餐味道,麻辣烫,38.58,2026-08-03 07:16:45,重庆,沙坪坝区,47.8,5.0
TO202401012196,U11747,御奶茶小馆,烧烤,61.85,2026-07-13 19:05:08,杭州,余杭区,33.3,5.0
TO202401012197,U10180,亿味道,火锅,62.45,2026-08-10 19:54:00,苏州,吴江区,16.0,1.0
TO202401012198,U11031,优汉堡味道,麻辣烫,18.98,2026-08-01 19:00:55,重庆,江北区,25.8,4.5
TO202401012199,U10729,皇食堂,饺子馄饨,23.43,2026-08-11 19:08:42,北京,丰台区,39.1,4.0
TO202401012200,U11347,大大饭店,面食小吃,52.16,2026-08-05 14:44:55,西安,未央区,43.1,3.5
TO202401012201,U11589,正外卖,西餐,167.45,2026-07-24 11:34:33,天津,南开区,25.1,5.0
TO202401012202,U11408,亿厨快餐,西餐,8.0,2026-07-30 11:27:27,青岛,市北区,42.8,4.5
TO202401012203,U11101,亿麻辣大饭店,快餐便当,50.42,2026-08-09 23:20:10,重庆,渝中区,59.7,3.5
TO202401012204,U10311,小奶茶记餐厅,火锅,47.5,2026-07-29 19:36:34,成都,成华区,41.6,4.5
TO202401012205,U10060,鲜烧烤外卖,轻食沙拉,49.72,2026-07-23 04:53:12,大连,甘井子区,29.0,5.0
TO202401012206,U11685,御厨快餐,甜品蛋糕,19.28,2026-07-16 14:57:49,西安,莲湖区,43.9,4.5
TO202401012207,U11076,万味道,快餐便当,27.79,2026-08-07 12:05:34,大连,沙河口区,34.0,2.0
TO202401012208,U10915,大记餐厅,披萨意面,40.78,2026-07-23 07:45:38,北京,通州区,43.7,5.0
TO202401012209,U10208,亿食府,火锅,15.6,2026-07-31 23:40:14,郑州,中原区,18.8,5.0
TO202401012210,U11354,万小馆,火锅,23.99,2026-07-31 13:40:02,重庆,渝中区,35.3,5.0
TO202401012211,U10085,小味道,饺子馄饨,37.21,2026-07-17 20:26:38,上海,黄浦区,40.9,5.0
TO202401012212,U10531,御奶茶小馆,西餐,43.63,2026-07-18 21:51:16,厦门,翔安区,10.0,4.5
TO202401012213,U11652,正食堂,烧烤,29.79,2026-08-09 19:18:01,深圳,宝安区,24.9,4.0
TO202401012214,U11615,味轻食味道,火锅,125.65,2026-08-10 13:26:43,深圳,龙华区,21.2,3.5
TO202401012215,U11098,亿甜品小馆,火锅,51.15,2026-08-09 11:21:46,重庆,南岸区,39.7,4.5
TO202401012216,U10723,小私房菜,日料寿司,39.82,2026-07-18 19:17:32,青岛,城阳区,44.5,5.0
TO202401012217,U11661,亿西餐私房菜,西餐,30.21,2026-08-06 11:25:53,重庆,九龙坡区,44.9,3.5
TO202401012218,U11249,大记餐厅,奶茶果汁,36.23,2026-07-12 16:38:18,深圳,宝安区,55.7,4.0
TO202401012219,U10048,亿面食厨快餐,火锅,62.56,2026-07-20 11:46:27,重庆,渝北区,34.6,5.0
TO202401012220,U10937,真外卖,烧烤,32.59,2026-08-11 06:11:34,天津,河西区,48.3,5.0
TO202401012221,U11208,御汉堡厨快餐,烧烤,8.0,2026-08-04 17:44:29,上海,静安区,43.7,5.0
TO202401012222,U10719,御西餐记餐厅,火锅,30.99,2026-08-01 22:00:15,重庆,南岸区,33.9,5.0
TO202401012223,U10703,小日料食府,轻食沙拉,46.39,2026-08-02 18:19:21,北京,海淀区,36.1,5.0
TO202401012224,U11704,亿记餐厅,奶茶果汁,21.58,2026-07-30 19:43:43,北京,西城区,14.5,4.5
TO202401012225,U10821,鼎食堂,麻辣烫,21.97,2026-08-03 09:09:15,北京,通州区,21.9,3.5
TO202401012226,U11072,优食府,西餐,62.09,2026-07-16 14:43:24,郑州,中原区,22.9,4.0
TO202401012227,U10083,亿麻辣大饭店,披萨意面,30.97,2026-07-29 18:22:18,上海,黄浦区,39.1,4.5
TO202401012228,U11547,味外卖,粤菜,14.37,2026-07-30 12:05:30,青岛,市南区,11.6,5.0
TO202401012229,U10512,鲜粤菜大饭店,汉堡薯条,26.73,2026-08-09 13:30:11,成都,锦江区,33.4,5.0
TO202401012230,U10341,万味道,烧烤,21.69,2026-08-06 18:53:30,沈阳,沈河区,43.9,3.5
TO202401012231,U10028,真美食,甜品蛋糕,71.09,2026-08-04 05:16:33,郑州,二七区,57.2,5.0
TO202401012232,U10688,鲜烧烤外卖,日料寿司,36.9,2026-07-29 09:53:27,厦门,海沧区,56.2,4.5
TO202401012233,U11386,亿甜品小馆,西餐,17.02,2026-07-21 06:21:46,苏州,姑苏区,24.4,4.0
TO202401012234,U10078,亿面食厨快餐,面食小吃,41.67,2026-08-09 22:13:17,广州,天河区,12.9,4.5
TO202401012235,U11759,鲜饺子食府,面食小吃,12.44,2026-08-01 18:03:09,深圳,南山区,51.2,5.0
TO202401012236,U11248,豪川湘私房菜,汉堡薯条,23.8,2026-07-19 11:08:30,上海,闵行区,43.8,5.0
TO202401012237,U10612,银食府,日料寿司,37.61,2026-07-30 19:40:16,西安,莲湖区,39.8,5.0
TO202401012238,U10990,鲜美食,川湘菜,21.07,2026-07-19 19:56:02,郑州,中原区,13.3,4.5
TO202401012239,U11602,味小馆,饺子馄饨,75.05,2026-07-12 10:37:07,重庆,南岸区,26.1,5.0
TO202401012240,U11031,千厨快餐,奶茶果汁,10.43,2026-07-18 11:07:53,北京,西城区,43.0,5.0
TO202401012241,U10943,小奶茶记餐厅,饺子馄饨,28.49,2026-07-17 17:15:25,天津,南开区,33.1,5.0
TO202401012242,U11516,亿私房菜,火锅,15.62,2026-07-23 17:43:28,杭州,西湖区,36.0,3.5
TO202401012243,U11652,大美食,奶茶果汁,36.95,2026-07-20 12:00:51,长沙,岳麓区,34.9,5.0
TO202401012244,U10818,鼎小馆,饺子馄饨,10.98,2026-07-30 20:47:19,武汉,硚口区,16.1,5.0
TO202401012245,U10940,皇大饭店,烧烤,41.12,2026-07-31 07:00:38,深圳,福田区,14.2,4.0
TO202401012246,U11125,豪餐厅,西餐,27.18,2026-08-02 10:50:27,南京,雨花台区,33.6,5.0
TO202401012247,U10005,小快餐味道,奶茶果汁,33.78,2026-08-07 12:15:15,上海,浦东新区,39.1,5.0
TO202401012248,U11540,鲜粤菜大饭店,面食小吃,38.88,2026-07-17 19:11:02,杭州,滨江区,15.5,5.0
TO202401012249,U11436,老厨快餐,奶茶果汁,8.69,2026-07-24 13:00:15,上海,闵行区,30.8,4.5
TO202401012250,U10047,鼎食堂,麻辣烫,27.81,2026-07-12 19:37:45,西安,新城区,48.0,5.0
TO202401012251,U11626,皇食堂,饺子馄饨,43.85,2026-08-02 19:30:58,北京,通州区,35.3,4.5
TO202401012252,U11599,银日料餐厅,饺子馄饨,13.65,2026-08-06 12:11:13,重庆,沙坪坝区,38.8,5.0
TO202401012253,U10693,鲜粤菜大饭店,披萨意面,18.95,2026-08-05 12:16:59,北京,东城区,47.4,5.0
TO202401012254,U11026,御奶茶厨快餐,日料寿司,9.21,2026-07-26 16:15:28,上海,黄浦区,41.0,4.0
TO202401012255,U11113,味外卖,快餐便当,33.5,2026-07-19 12:06:08,苏州,工业园区,14.6,4.0
TO202401012256,U10339,御厨快餐,奶茶果汁,47.28,2026-07-18 09:34:54,深圳,宝安区,24.0,1.0
TO202401012257,U10868,味轻食味道,粤菜,24.85,2026-08-04 12:24:04,重庆,渝北区,55.0,5.0
TO202401012258,U10209,豪西餐厨快餐,麻辣烫,27.98,2026-08-10 09:51:29,上海,徐汇区,37.7,4.5
TO202401012259,U11723,正烧烤小馆,日料寿司,8.0,2026-07-15 13:34:47,广州,越秀区,46.9,4.5
TO202401012260,U10473,百奶茶食府,快餐便当,31.24,2026-08-10 13:32:57,广州,白云区,35.3,4.5
TO202401012261,U11180,味厨快餐,粤菜,24.48,2026-07-27 17:41:14,广州,越秀区,40.0,4.0
TO202401012262,U10573,豪川湘私房菜,快餐便当,55.82,2026-08-11 17:42:41,厦门,翔安区,59.4,4.5
TO202401012263,U10575,老厨快餐,汉堡薯条,53.7,2026-07-23 21:09:37,青岛,市南区,43.4,4.5
TO202401012264,U10983,亿记餐厅,川湘菜,41.18,2026-07-15 09:44:37,杭州,西湖区,10.0,3.5
TO202401012265,U10919,万小馆,快餐便当,34.7,2026-08-03 20:33:41,成都,成华区,50.7,4.5
TO202401012266,U11510,小快餐味道,面食小吃,54.3,2026-07-15 10:17:34,深圳,福田区,18.1,5.0
TO202401012267,U11447,御汉堡厨快餐,日料寿司,45.98,2026-07-15 21:00:27,南京,江宁区,38.8,3.5
TO202401012268,U11675,百川湘私房菜,粤菜,8.0,2026-08-11 11:06:10,长沙,岳麓区,15.8,5.0
TO202401012269,U11718,银食堂,面食小吃,42.98,2026-07-15 17:38:26,郑州,管城区,61.0,5.0
TO202401012270,U11563,味轻食味道,川湘菜,8.0,2026-07-30 17:37:03,长沙,望城区,55.8,5.0
TO202401012271,U11415,亿厨快餐,日料寿司,42.8,2026-07-14 23:22:12,天津,河北区,17.2,5.0
TO202401012272,U11233,香私房菜,奶茶果汁,34.45,2026-07-14 18:33:21,青岛,市北区,38.3,5.0
TO202401012273,U11680,百汉堡厨快餐,川湘菜,38.53,2026-07-30 19:23:33,杭州,上城区,21.0,4.5
TO202401012274,U10297,亿外卖,饺子馄饨,75.13,2026-07-28 20:09:30,南京,雨花台区,10.0,4.5
TO202401012275,U10136,正烧烤小馆,披萨意面,11.13,2026-07-15 19:04:53,大连,沙河口区,23.4,3.5
TO202401012276,U10248,好麻辣食府,日料寿司,31.69,2026-08-08 21:06:52,杭州,拱墅区,27.7,4.0
TO202401012277,U10797,银食堂,饺子馄饨,31.18,2026-07-20 12:52:13,广州,白云区,19.9,5.0
TO202401012278,U10094,真美食,日料寿司,13.57,2026-07-12 19:30:38,北京,海淀区,45.4,3.0
TO202401012279,U11534,亿麻辣大饭店,披萨意面,44.56,2026-07-23 19:34:29,重庆,南岸区,42.3,4.5
TO202401012280,U11040,豪川湘私房菜,汉堡薯条,14.4,2026-07-26 18:57:12,上海,浦东新区,60.5,4.5
TO202401012281,U10463,优汉堡味道,快餐便当,15.36,2026-08-10 15:59:27,郑州,二七区,39.0,4.5
TO202401012282,U11621,小日料食府,饺子馄饨,30.91,2026-07-21 18:41:10,西安,碑林区,10.0,4.5
TO202401012283,U11619,亿面食厨快餐,烧烤,186.99,2026-08-01 11:46:15,天津,河北区,39.2,5.0
TO202401012284,U11713,豪西餐厨快餐,快餐便当,163.18,2026-08-04 17:54:17,广州,海珠区,63.9,5.0
TO202401012285,U10688,亿甜品小馆,烧烤,56.66,2026-07-25 12:57:05,西安,莲湖区,48.2,5.0
TO202401012286,U10079,御汉堡厨快餐,烧烤,16.85,2026-07-21 12:22:12,北京,丰台区,23.5,5.0
TO202401012287,U11761,鲜烧烤外卖,川湘菜,30.92,2026-07-21 12:05:43,天津,南开区,32.0,5.0
TO202401012288,U10072,百川湘私房菜,奶茶果汁,26.53,2026-07-13 11:24:20,青岛,市南区,29.9,1.0
TO202401012289,U11100,鲜粤菜大饭店,汉堡薯条,9.83,2026-07-23 17:59:27,杭州,余杭区,22.8,5.0
TO202401012290,U11626,亿面食厨快餐,麻辣烫,154.53,2026-08-06 18:34:50,武汉,江汉区,18.6,5.0
TO202401012291,U10412,正记餐厅,川湘菜,25.01,2026-08-07 12:24:27,广州,番禺区,22.3,4.5
TO202401012292,U11253,正烧烤小馆,粤菜,8.0,2026-07-19 11:13:30,杭州,滨江区,55.6,5.0
TO202401012293,U10273,小私房菜,火锅,28.8,2026-08-04 13:18:11,北京,西城区,53.9,3.0
TO202401012294,U11297,大美食,饺子馄饨,20.31,2026-07-20 12:53:01,深圳,宝安区,29.8,3.5
TO202401012295,U11239,万味道,烧烤,54.99,2026-07-30 20:58:30,南京,建邺区,15.0,4.5
TO202401012296,U10412,百奶茶食府,快餐便当,28.43,2026-07-30 20:30:25,深圳,罗湖区,43.2,4.5
TO202401012297,U11321,小麻辣厨快餐,川湘菜,38.39,2026-07-22 10:32:29,苏州,高新区,44.3,4.0
TO202401012298,U11747,优汉堡餐厅,披萨意面,34.83,2026-07-25 17:39:37,深圳,宝安区,37.2,4.5
TO202401012299,U10533,鼎小馆,汉堡薯条,171.05,2026-07-30 09:16:39,长沙,开福区,36.8,4.0
TO202401012300,U10040,小快餐味道,日料寿司,51.37,2026-08-06 13:46:20,深圳,宝安区,35.0,4.5
TO202401012301,U11310,小奶茶记餐厅,甜品蛋糕,42.83,2026-07-20 20:43:11,杭州,下城区,52.7,5.0
TO202401012302,U11754,御奶茶小馆,饺子馄饨,35.2,2026-08-07 23:17:20,杭州,西湖区,32.8,4.5
TO202401012303,U10147,鲜记餐厅,披萨意面,-48.45,2026-07-22 07:52:45,厦门,海沧区,25.6,4.5
TO202401012304,U11765,百汉堡厨快餐,面食小吃,33.53,2026-07-17 12:28:07,西安,新城区,38.0,5.0
TO202401012305,U11288,银奶茶餐厅,饺子馄饨,10.79,2026-08-11 14:11:48,深圳,龙华区,50.9,4.0
TO202401012306,U10661,金厨房,火锅,15.76,2026-07-31 17:48:47,苏州,高新区,43.5,5.0
TO202401012307,U10172,味轻食味道,快餐便当,36.72,2026-08-06 02:05:54,上海,闵行区,22.1,4.5
TO202401012308,U11554,鲜记餐厅,快餐便当,54.11,2026-08-09 20:09:58,苏州,吴江区,21.1,4.5
TO202401012309,U11218,正川湘小馆,日料寿司,22.83,2026-07-22 10:12:47,郑州,管城区,39.3,5.0
TO202401012310,U10759,亿甜品美食,川湘菜,40.5,2026-07-23 19:15:14,杭州,滨江区,37.8,5.0
TO202401012311,U10731,鲜轻食大饭店,西餐,60.45,2026-08-02 19:03:28,成都,武侯区,19.6,5.0
TO202401012312,U11257,小私房菜,轻食沙拉,53.29,2026-08-01 20:24:15,郑州,二七区,30.5,5.0
TO202401012313,U10584,御奶茶厨快餐,粤菜,50.66,2026-08-05 12:31:49,郑州,管城区,22.2,4.0
TO202401012314,U11605,百汉堡厨快餐,西餐,43.56,2026-07-23 11:47:29,深圳,龙岗区,11.0,2.0
TO202401012315,U10164,亿面食厨快餐,甜品蛋糕,61.6,2026-07-29 12:16:55,深圳,宝安区,59.5,4.5
TO202401012316,U10119,亿味道,川湘菜,37.71,2026-07-21 08:48:30,成都,青羊区,17.7,4.5
TO202401012317,U10594,正川湘小馆,火锅,23.22,2026-08-07 19:50:26,西安,新城区,43.1,5.0
TO202401012318,U10842,小奶茶记餐厅,快餐便当,73.19,2026-08-01 13:15:21,广州,海珠区,27.4,5.0
TO202401012319,U10122,银食府,披萨意面,8.0,2026-08-04 20:02:16,重庆,渝北区,39.9,5.0
TO202401012320,U11707,御汉堡厨快餐,汉堡薯条,25.98,2026-07-23 13:05:38,广州,番禺区,20.0,4.0
TO202401012321,U10638,亿面食厨快餐,西餐,65.77,2026-08-01 12:13:47,北京,朝阳区,30.0,4.5
TO202401012322,U10842,小麻辣厨快餐,川湘菜,34.8,2026-07-27 19:26:32,成都,锦江区,35.0,4.0
TO202401012323,U11229,真美食,火锅,33.28,2026-07-28 10:39:01,重庆,九龙坡区,16.1,5.0
TO202401012324,U10380,鼎大饭店,日料寿司,90714.75,2026-07-31 12:10:44,北京,通州区,43.7,4.5
TO202401012325,U10112,鼎食堂,汉堡薯条,21.51,2026-07-21 20:43:15,青岛,市南区,26.2,5.0
TO202401012326,U10184,正烧烤小馆,西餐,22.2,2026-07-28 13:19:31,上海,浦东新区,57.6,4.5
TO202401012327,U10577,大餐厅,快餐便当,31.95,2026-07-22 12:19:55,西安,新城区,40.9,4.5
TO202401012328,U10168,万汉堡小馆,轻食沙拉,39.25,2026-08-07 11:46:14,青岛,黄岛区,21.6,5.0
TO202401012329,U10416,优食府,汉堡薯条,49.16,2026-08-04 13:19:59,苏州,吴江区,24.6,5.0
TO202401012330,U11668,亿私房菜,火锅,30.24,2026-07-12 12:23:12,杭州,上城区,63.7,5.0
TO202401012331,U11275,香私房菜,饺子馄饨,39.47,2026-08-09 19:23:40,上海,静安区,40.3,5.0
TO202401012332,U11654,大美食,披萨意面,65.24,2026-08-02 18:04:58,武汉,洪山区,72.1,5.0
TO202401012333,U10637,万汉堡小馆,饺子馄饨,37.65,2026-07-23 12:39:11,郑州,金水区,42.9,4.5
TO202401012334,U10788,亿厨快餐,烧烤,46.18,2026-07-28 18:02:46,厦门,思明区,37.7,4.0
TO202401012335,U11722,百汉堡厨快餐,饺子馄饨,54.68,2026-08-10 11:58:10,上海,静安区,44.9,4.5
TO202401012336,U10178,优汉堡味道,粤菜,26.99,2026-08-03 09:04:32,长沙,雨花区,47.5,5.0
TO202401012337,U10079,亿厨快餐,快餐便当,12.28,2026-07-19 12:41:22,深圳,福田区,52.7,5.0
TO202401012338,U10834,优食府,甜品蛋糕,26.04,2026-07-12 14:05:42,天津,河西区,10.3,3.5
TO202401012339,U10621,鲜美食,饺子馄饨,45.2,2026-08-04 12:26:47,武汉,江岸区,24.2,5.0
TO202401012340,U10628,亿私房菜,轻食沙拉,50.22,2026-07-30 09:26:39,武汉,武昌区,22.4,5.0
TO202401012341,U10191,优汉堡餐厅,快餐便当,28.99,2026-08-05 03:06:58,南京,江宁区,23.9,4.0
TO202401012342,U10854,御奶茶厨快餐,轻食沙拉,34.99,2026-08-03 18:10:42,郑州,郑东新区,56.5,4.5
TO202401012343,U11164,御记餐厅,麻辣烫,27.88,2026-07-14 19:22:59,上海,闵行区,29.4,3.5
TO202401012344,U11637,鼎食堂,西餐,148.24,2026-07-31 15:51:59,北京,海淀区,15.8,5.0
TO202401012345,U11731,鲜外卖,面食小吃,37.45,2026-07-29 14:45:12,上海,黄浦区,37.5,4.0
TO202401012346,U10685,味厨快餐,轻食沙拉,26.06,2026-08-03 12:12:35,深圳,宝安区,36.4,5.0
TO202401012347,U11056,小麻辣厨快餐,快餐便当,36.27,2026-07-22 23:56:59,西安,雁塔区,32.5,3.0
TO202401012348,U10615,老厨快餐,烧烤,41.9,2026-07-21 05:50:59,天津,和平区,26.9,5.0
TO202401012349,U11492,银日料餐厅,面食小吃,34.22,2026-08-02 17:21:02,成都,武侯区,32.4,4.5
TO202401012350,U10275,味外卖,面食小吃,48.05,2026-08-10 12:02:06,深圳,宝安区,28.7,4.5
TO202401012351,U11276,百汉堡厨快餐,汉堡薯条,21.11,2026-07-27 16:46:56,武汉,硚口区,43.6,2.0
TO202401012352,U11488,亿厨快餐,面食小吃,90.58,2026-08-10 13:08:56,上海,闵行区,24.8,5.0
TO202401012353,U10438,金厨房,快餐便当,8.0,2026-07-26 17:42:48,深圳,罗湖区,43.1,4.5
TO202401012354,U10345,豪私房菜,烧烤,8.0,2026-08-04 19:54:33,上海,浦东新区,16.0,5.0
TO202401012355,U10262,大记餐厅,奶茶果汁,29.81,2026-08-02 10:29:51,广州,白云区,33.5,5.0
TO202401012356,U11495,真快餐味道,西餐,56.77,2026-08-10 13:13:40,南京,鼓楼区,40.4,5.0
TO202401012357,U10679,御记餐厅,粤菜,43.73,2026-07-20 16:33:25,北京,丰台区,21.5,3.5
TO202401012358,U10337,万汉堡小馆,轻食沙拉,23.74,2026-08-08 13:42:42,重庆,沙坪坝区,33.3,4.5
TO202401012359,U11489,正记餐厅,川湘菜,72.17,2026-07-28 10:23:13,北京,朝阳区,41.7,4.5
TO202401012360,U10448,老厨快餐,烧烤,78.63,2026-07-27 13:31:32,厦门,海沧区,38.4,4.0
TO202401012361,U10660,皇大饭店,川湘菜,49.87,2026-07-22 17:21:09,西安,新城区,40.4,3.0
TO202401012362,U10178,豪川湘私房菜,粤菜,24.65,2026-07-30 10:32:44,天津,河西区,28.3,2.0
TO202401012363,U10241,鼎大饭店,日料寿司,20.67,2026-07-24 20:59:10,重庆,沙坪坝区,39.6,4.0
TO202401012364,U10228,小麻辣厨快餐,西餐,50.25,2026-07-20 13:50:20,广州,越秀区,39.9,5.0
TO202401012365,U10376,香私房菜,披萨意面,77.71,2026-07-19 19:58:51,杭州,拱墅区,44.2,4.5
TO202401012366,U10296,豪餐厅,面食小吃,11.74,2026-08-06 09:47:20,北京,海淀区,27.0,3.0
TO202401012367,U11287,大美食,饺子馄饨,18.37,2026-08-05 11:49:42,广州,白云区,26.9,5.0
TO202401012368,U10402,正记餐厅,面食小吃,68.68,2026-08-02 22:51:40,广州,番禺区,12.3,4.0
TO202401012369,U10213,皇大饭店,火锅,41.09,2026-08-07 14:15:23,北京,东城区,20.9,4.0
TO202401012370,U10547,小麻辣厨快餐,川湘菜,39.06,2026-08-07 12:37:09,广州,荔湾区,32.8,4.5
TO202401012371,U10128,大餐厅,甜品蛋糕,13.02,2026-07-16 18:47:13,西安,未央区,46.4,4.5
TO202401012372,U11511,鲜私房菜,麻辣烫,32.14,2026-07-28 22:26:28,重庆,渝北区,10.0,4.5
TO202401012373,U11379,鼎大饭店,西餐,19.4,2026-08-10 19:54:50,沈阳,大东区,20.9,3.5
TO202401012374,U10978,金厨房,烧烤,40.75,2026-07-28 09:10:24,深圳,罗湖区,43.5,5.0
TO202401012375,U11152,豪私房菜,汉堡薯条,55.4,2026-07-12 17:49:53,广州,荔湾区,36.9,4.0
TO202401012376,U11237,皇奶茶食府,火锅,10.34,2026-07-26 13:04:09,南京,鼓楼区,26.9,4.0
TO202401012377,U10688,御奶茶小馆,西餐,8.3,2026-07-25 12:34:11,上海,浦东新区,32.7,4.0
TO202401012378,U11254,正川湘小馆,川湘菜,51.53,2026-07-25 13:20:37,广州,荔湾区,26.8,5.0
TO202401012379,U11639,豪私房菜,麻辣烫,9.37,2026-07-31 12:49:27,天津,南开区,30.9,3.5
TO202401012380,U10493,正记餐厅,披萨意面,38.77,2026-07-12 17:49:39,厦门,翔安区,31.9,3.0
TO202401012381,U10946,亿西餐私房菜,披萨意面,30.53,2026-07-23 14:07:03,上海,黄浦区,30.0,4.5
TO202401012382,U10354,鼎食堂,火锅,46.04,2026-07-30 12:42:04,广州,海珠区,19.0,4.5
TO202401012383,U10805,万汉堡小馆,火锅,29.02,2026-07-22 12:14:21,成都,成华区,66.0,5.0
TO202401012384,U11131,优汉堡餐厅,披萨意面,35.77,2026-07-26 18:20:09,郑州,中原区,41.7,5.0
TO202401012385,U10200,银奶茶餐厅,日料寿司,34.7,2026-07-29 22:22:31,苏州,吴江区,24.8,3.0
TO202401012386,U11341,正记餐厅,西餐,38.09,2026-08-04 12:40:07,北京,丰台区,22.8,4.0
TO202401012387,U11009,真美食,西餐,54.52,2026-07-26 12:51:37,北京,朝阳区,34.8,5.0
TO202401012388,U10443,鼎大饭店,烧烤,29.69,2026-07-19 12:35:22,西安,长安区,19.8,4.5
TO202401012389,U11388,皇食堂,川湘菜,38.75,2026-07-13 14:12:38,深圳,宝安区,30.1,5.0
TO202401012390,U10885,万小馆,麻辣烫,11.72,2026-07-25 06:24:29,长沙,岳麓区,27.4,4.5
TO202401012391,U10484,小私房菜,饺子馄饨,51.66,2026-07-21 09:57:45,厦门,集美区,51.6,4.0
TO202401012392,U11379,鼎食堂,粤菜,66.83,2026-07-25 13:15:22,天津,河东区,34.8,5.0
TO202401012393,U10472,皇大饭店,披萨意面,22.78,2026-07-13 08:08:08,杭州,拱墅区,33.2,2.0
TO202401012394,U10634,小日料食府,日料寿司,8.0,2026-07-30 08:12:03,北京,海淀区,19.0,4.5
TO202401012395,U11422,鲜外卖,面食小吃,32.34,2026-08-09 12:45:49,成都,高新区,22.7,3.5
TO202401012396,U11647,优食府,饺子馄饨,40.84,2026-08-02 20:57:42,大连,西岗区,35.3,4.0
TO202401012397,U11370,亿甜品小馆,奶茶果汁,8.0,2026-07-29 10:52:01,南京,建邺区,32.2,3.0
TO202401012398,U10799,万味道,甜品蛋糕,38.07,2026-08-05 21:45:49,郑州,管城区,28.7,4.0
TO202401012399,U10325,御记餐厅,汉堡薯条,42.08,2026-08-01 22:50:51,北京,海淀区,43.1,5.0
TO202401012400,U10807,御汉堡厨快餐,西餐,69.31,2026-07-27 18:36:51,青岛,城阳区,31.9,3.5
TO202401012401,U10156,御西餐记餐厅,面食小吃,38.83,2026-07-31 13:23:44,大连,开发区,46.3,5.0
TO202401012402,U10037,味小馆,麻辣烫,28.14,2026-07-28 20:57:44,北京,通州区,42.0,5.0
TO202401012403,U10616,小快餐味道,面食小吃,18.73,2026-08-06 18:06:44,北京,丰台区,27.8,4.5
TO202401012404,U11069,银食府,奶茶果汁,29.82,2026-08-07 21:16:24,苏州,相城区,28.7,5.0
TO202401012405,U10003,金厨房,西餐,13.95,2026-08-10 21:07:11,广州,海珠区,40.3,5.0
TO202401012406,U10891,大餐厅,面食小吃,34.71,2026-08-09 15:30:02,郑州,管城区,33.3,4.0
TO202401012407,U10852,味厨快餐,汉堡薯条,8.91,2026-07-23 19:23:00,广州,荔湾区,36.8,5.0
TO202401012408,U11176,味外卖,快餐便当,10.58,2026-07-20 16:33:25,杭州,西湖区,28.4,5.0
TO202401012409,U11205,亿私房菜,日料寿司,38.94,2026-07-17 20:41:21,广州,番禺区,26.1,5.0
TO202401012410,U10067,豪私房菜,粤菜,66.28,2026-08-08 19:38:43,北京,通州区,37.7,4.0
TO202401012411,U11398,亿美食,汉堡薯条,60.01,2026-07-31 11:08:21,西安,未央区,10.0,4.5
TO202401012412,U10022,鲜轻食大饭店,烧烤,16.97,2026-08-07 17:06:12,武汉,江岸区,44.1,4.5
TO202401012413,U10351,小麻辣厨快餐,饺子馄饨,58.66,2026-08-09 08:15:40,上海,徐汇区,23.7,5.0
TO202401012414,U11053,小味道,麻辣烫,62.89,2026-07-15 17:59:48,北京,海淀区,38.0,4.0
TO202401012415,U11272,亿私房菜,快餐便当,37.56,2026-07-19 19:23:34,长沙,雨花区,49.1,4.0
TO202401012416,U11580,皇大饭店,汉堡薯条,18.78,2026-07-19 19:54:05,成都,武侯区,36.4,4.5
TO202401012417,U11170,亿记餐厅,火锅,35.98,2026-08-03 12:58:51,北京,海淀区,28.2,5.0
TO202401012418,U10204,鼎大饭店,轻食沙拉,49.89,2026-07-29 15:37:00,杭州,余杭区,30.5,4.5
TO202401012419,U10265,正烧烤小馆,轻食沙拉,8.0,2026-08-02 11:22:26,杭州,拱墅区,34.9,5.0
TO202401012420,U10656,味轻食味道,奶茶果汁,22.35,2026-07-12 09:25:16,厦门,海沧区,32.8,4.5
TO202401012421,U10124,小味道,日料寿司,90940.01,2026-07-20 19:29:48,成都,成华区,23.5,4.5
TO202401012422,U11724,小日料食府,披萨意面,64.28,2026-07-22 22:53:45,广州,海珠区,26.0,4.5
TO202401012423,U10924,亿记餐厅,轻食沙拉,32.16,2026-08-04 07:14:11,北京,西城区,56.2,4.0
TO202401012424,U11758,鲜私房菜,甜品蛋糕,35.34,2026-08-08 12:55:21,苏州,工业园区,35.2,3.5
TO202401012425,U10990,亿美食,西餐,120.91,2026-08-03 11:07:34,广州,荔湾区,41.1,5.0
TO202401012426,U10220,亿美食,西餐,59.96,2026-08-08 13:37:45,南京,雨花台区,21.2,5.0
TO202401012427,U11048,豪私房菜,饺子馄饨,27.63,2026-07-26 12:28:23,厦门,同安区,54.2,4.5
TO202401012428,U11187,小味道,甜品蛋糕,12.39,2026-07-24 17:18:32,成都,青羊区,59.5,4.0
TO202401012429,U10372,银奶茶餐厅,汉堡薯条,54.15,2026-07-23 20:47:26,杭州,余杭区,35.9,4.0
TO202401012430,U10899,万小馆,火锅,9.62,2026-08-09 19:30:02,上海,黄浦区,18.1,3.5
TO202401012431,U11526,亿甜品美食,汉堡薯条,42.88,2026-07-18 17:52:26,成都,高新区,41.7,5.0
TO202401012432,U11624,亿味道,日料寿司,51.35,2026-07-14 14:15:22,重庆,渝中区,45.7,5.0
TO202401012433,U10441,真美食,轻食沙拉,50.14,2026-08-08 12:10:14,武汉,江岸区,61.8,4.0
TO202401012434,U10529,小日料食府,川湘菜,-7.94,2026-07-23 19:52:45,广州,海珠区,20.4,5.0
TO202401012435,U10625,亿披萨食府,麻辣烫,8.0,2026-07-30 18:12:21,青岛,崂山区,44.4,5.0
TO202401012436,U11138,味小馆,烧烤,8.0,2026-07-26 20:02:50,杭州,上城区,54.2,3.5
TO202401012437,U10741,皇大饭店,烧烤,35.7,2026-07-19 09:37:40,杭州,下城区,13.5,5.0
TO202401012438,U10061,老厨快餐,面食小吃,35.97,2026-08-05 12:28:26,青岛,城阳区,24.8,5.0
TO202401012439,U10345,鲜美食,奶茶果汁,166.65,2026-07-28 18:28:34,长沙,开福区,45.9,3.0
TO202401012440,U11212,御奶茶小馆,川湘菜,53.96,2026-07-13 21:39:45,郑州,管城区,26.2,3.0
TO202401012441,U10515,正外卖,饺子馄饨,50.88,2026-07-29 19:10:58,上海,长宁区,25.7,4.0
TO202401012442,U10874,小味道,奶茶果汁,8.68,2026-08-05 11:52:07,广州,海珠区,37.9,5.0
TO202401012443,U11402,亿私房菜,麻辣烫,143.25,2026-07-28 16:30:00,上海,黄浦区,35.6,5.0
TO202401012444,U10556,豪川湘私房菜,日料寿司,63.84,2026-08-01 19:41:48,厦门,湖里区,35.4,5.0
TO202401012445,U10955,御汉堡厨快餐,川湘菜,70.4,2026-07-31 18:44:04,广州,荔湾区,43.6,5.0
TO202401012446,U11477,真快餐味道,快餐便当,21.33,2026-07-23 13:43:36,西安,雁塔区,38.1,5.0
TO202401012447,U10290,百汉堡厨快餐,粤菜,42.02,2026-07-21 17:51:12,杭州,下城区,49.9,3.0
TO202401012448,U10314,小日料食府,麻辣烫,45.17,2026-07-28 18:27:03,武汉,汉阳区,12.0,2.0
TO202401012449,U10090,大餐厅,甜品蛋糕,27.81,2026-07-20 18:21:32,深圳,南山区,19.0,5.0
TO202401012450,U10244,大记餐厅,麻辣烫,44.32,2026-08-10 22:42:08,成都,成华区,36.1,5.0
TO202401012451,U10404,老厨快餐,甜品蛋糕,112.24,2026-07-23 11:45:09,武汉,江岸区,32.5,4.5
TO202401012452,U11725,银食堂,饺子馄饨,68.51,2026-07-30 09:34:40,深圳,福田区,20.5,5.0
TO202401012453,U11759,御西餐记餐厅,饺子馄饨,38.8,2026-07-14 17:01:57,南京,秦淮区,24.5,5.0
TO202401012454,U11059,好麻辣食府,奶茶果汁,25.83,2026-07-21 19:52:15,大连,西岗区,31.5,4.5
TO202401012455,U11450,鲜轻食大饭店,西餐,15.68,2026-07-21 17:50:58,重庆,江北区,37.5,4.5
TO202401012456,U11014,皇奶茶食府,甜品蛋糕,61.52,2026-07-21 18:12:40,上海,徐汇区,19.1,4.5
TO202401012457,U11385,鲜私房菜,披萨意面,35.59,2026-07-23 09:57:25,大连,甘井子区,11.6,4.5
TO202401012458,U11190,亿甜品小馆,快餐便当,31.58,2026-07-13 19:17:59,上海,静安区,34.5,5.0
TO202401012459,U10589,皇奶茶食府,日料寿司,20.3,2026-07-13 12:38:04,南京,江宁区,40.5,4.5
TO202401012460,U10108,万小馆,饺子馄饨,37.65,2026-08-06 10:16:38,深圳,龙华区,37.6,4.5
TO202401012461,U11455,御西餐记餐厅,饺子馄饨,48.07,2026-08-09 18:03:58,北京,东城区,41.4,5.0
TO202401012462,U10023,豪川湘私房菜,面食小吃,50.55,2026-07-24 21:16:31,成都,青羊区,32.3,4.0
TO202401012463,U10323,御奶茶小馆,面食小吃,8.0,2026-08-05 11:21:39,广州,白云区,31.6,5.0
TO202401012464,U10722,银食府,披萨意面,52.52,2026-08-04 18:43:26,重庆,渝北区,27.7,3.0
TO202401012465,U10087,真外卖,麻辣烫,25.81,2026-07-17 19:10:47,南京,玄武区,53.4,5.0
TO202401012466,U11320,亿面食厨快餐,烧烤,8.0,2026-07-29 18:40:03,南京,鼓楼区,44.5,3.5
TO202401012467,U10360,银食府,汉堡薯条,24.05,2026-07-27 20:45:20,上海,静安区,51.0,3.0
TO202401012468,U11169,味外卖,甜品蛋糕,,2026-07-30 19:47:03,深圳,宝安区,22.1,3.5
TO202401012469,U10375,皇大饭店,麻辣烫,29.75,2026-08-01 13:01:17,上海,黄浦区,42.5,4.5
TO202401012470,U10040,老厨快餐,奶茶果汁,50.7,2026-08-02 12:12:15,杭州,滨江区,15.1,5.0
TO202401012471,U10312,优汉堡味道,饺子馄饨,40.48,2026-07-31 20:13:03,广州,越秀区,42.9,3.5
TO202401012472,U10091,亿外卖,轻食沙拉,30.6,2026-07-13 17:23:12,杭州,下城区,22.0,5.0
TO202401012473,U10664,万汉堡小馆,披萨意面,43.73,2026-07-16 20:20:06,北京,朝阳区,22.4,3.0
TO202401012474,U10612,味小馆,日料寿司,33.49,2026-08-10 12:44:03,杭州,滨江区,41.8,4.0
TO202401012475,U10072,千厨快餐,饺子馄饨,40.9,2026-07-30 10:52:23,广州,天河区,30.0,4.0
TO202401012476,U11410,亿面食厨快餐,甜品蛋糕,32.89,2026-07-15 12:46:56,杭州,滨江区,37.1,5.0
TO202401012477,U10248,真快餐味道,日料寿司,22.32,2026-07-30 20:07:21,大连,中山区,12.8,4.5
TO202401012478,U10840,御厨快餐,披萨意面,32.15,2026-08-10 18:08:17,天津,南开区,36.2,5.0
TO202401012479,U11595,百奶茶食府,西餐,53.17,2026-08-01 17:23:57,长沙,望城区,30.9,5.0
TO202401012480,U11335,亿甜品小馆,甜品蛋糕,14.34,2026-07-21 12:03:20,成都,锦江区,24.0,5.0
TO202401012481,U10090,亿私房菜,轻食沙拉,171.86,2026-07-21 18:44:27,成都,锦江区,39.2,5.0
TO202401012482,U10201,万汉堡小馆,甜品蛋糕,18.2,2026-08-03 20:46:13,广州,荔湾区,26.9,4.5
TO202401012483,U11040,鲜记餐厅,粤菜,24.87,2026-08-05 21:42:07,上海,徐汇区,40.9,4.5
TO202401012484,U11353,真美食,日料寿司,13.73,2026-07-15 20:22:59,杭州,下城区,42.7,4.5
TO202401012485,U10320,百奶茶食府,粤菜,193.91,2026-08-04 17:10:24,深圳,宝安区,37.0,4.0
TO202401012486,U10579,优汉堡餐厅,西餐,10.92,2026-07-15 18:55:18,重庆,沙坪坝区,40.5,5.0
TO202401012487,U11556,万小馆,甜品蛋糕,52.32,2026-08-03 19:34:14,杭州,余杭区,38.7,3.5
TO202401012488,U10793,老厨快餐,烧烤,25.5,2026-07-23 18:22:18,南京,雨花台区,29.9,5.0
TO202401012489,U10206,亿私房菜,日料寿司,9.76,2026-07-23 16:26:28,武汉,汉阳区,52.3,4.5
TO202401012490,U10183,御奶茶厨快餐,快餐便当,40.29,2026-07-13 18:50:23,广州,荔湾区,27.6,3.0
TO202401014159,U10877,亿记餐厅,饺子馄饨,33.17,2026-07-25 17:09:01,青岛,黄岛区,28.7,2.0
TO202401012492,U11141,老厨快餐,汉堡薯条,36.37,2026-08-04 18:30:50,天津,南开区,53.0,4.5
TO202401012493,U11361,香私房菜,麻辣烫,24.68,2026-08-06 09:18:35,南京,玄武区,35.8,5.0
TO202401012494,U10074,豪私房菜,甜品蛋糕,19.01,2026-07-22 03:03:21,厦门,集美区,71.0,4.0
TO202401012495,U10802,银食堂,快餐便当,36.77,2026-07-29 15:40:29,青岛,市北区,49.3,5.0
TO202401012496,U11259,亿面食厨快餐,甜品蛋糕,58.36,2026-07-19 11:42:03,上海,徐汇区,37.7,5.0
TO202401012497,U10555,银奶茶餐厅,饺子馄饨,13.44,2026-07-27 22:17:06,厦门,思明区,40.9,4.5
TO202401012498,U10926,亿外卖,川湘菜,8.0,2026-07-31 18:22:06,深圳,龙岗区,32.1,5.0
TO202401012499,U10924,大餐厅,麻辣烫,46.79,2026-07-17 12:08:14,深圳,南山区,29.0,4.0
TO202401012500,U11765,御奶茶厨快餐,轻食沙拉,31.83,2026-07-23 17:02:52,深圳,龙华区,62.1,5.0
TO202401012501,U10999,大大饭店,面食小吃,,2026-07-14 13:02:45,青岛,李沧区,33.4,4.5
TO202401012502,U10800,亿外卖,披萨意面,26.31,2026-07-27 18:37:35,广州,海珠区,40.3,5.0
TO202401012503,U11114,真快餐味道,奶茶果汁,39.25,2026-07-21 10:09:10,武汉,洪山区,26.1,5.0
TO202401012504,U10225,万汉堡小馆,快餐便当,26.35,2026-08-07 11:04:19,西安,碑林区,41.4,3.5
TO202401012505,U11175,银奶茶餐厅,快餐便当,62.79,2026-08-01 18:51:07,重庆,九龙坡区,24.8,5.0
TO202401012506,U11668,银日料餐厅,饺子馄饨,51.32,2026-07-20 21:50:05,深圳,南山区,23.9,3.5
TO202401012507,U11147,小私房菜,川湘菜,30.55,2026-08-03 20:24:42,天津,南开区,29.0,4.5
TO202401012508,U11756,大记餐厅,川湘菜,32.69,2026-07-14 07:16:05,苏州,相城区,42.8,5.0
TO202401012509,U11202,百奶茶食府,烧烤,32.0,2026-08-09 12:05:44,北京,朝阳区,28.3,4.5
TO202401012510,U10204,优汉堡味道,川湘菜,34.12,2026-07-27 13:36:47,广州,天河区,38.7,5.0
TO202401012511,U10644,鲜记餐厅,麻辣烫,32.4,2026-07-28 08:12:06,天津,河北区,56.7,5.0
TO202401012512,U10439,鼎小馆,烧烤,34.29,2026-07-26 18:30:38,厦门,湖里区,39.0,5.0
TO202401012513,U10468,真快餐味道,粤菜,78.02,2026-07-29 21:33:28,广州,番禺区,35.7,5.0
TO202401012514,U10343,万味道,饺子馄饨,41.72,2026-07-21 11:40:25,大连,高新园区,34.0,5.0
TO202401012515,U11403,亿味道,汉堡薯条,55.01,2026-07-19 08:41:35,天津,河西区,38.9,5.0
TO202401012516,U10591,优汉堡餐厅,快餐便当,37.48,2026-07-30 18:18:26,北京,丰台区,28.0,5.0
TO202401012517,U11062,真美食,烧烤,47.56,2026-08-09 13:38:19,广州,海珠区,26.8,4.5
TO202401012518,U10933,鲜轻食大饭店,快餐便当,27.93,2026-07-14 01:41:15,杭州,滨江区,38.2,3.0
TO202401012519,U11656,真外卖,披萨意面,26.14,2026-07-27 22:55:14,苏州,工业园区,26.4,4.5
TO202401012520,U10106,亿味道,烧烤,42.64,2026-07-25 09:59:56,沈阳,和平区,37.6,4.5
TO202401012521,U10916,正食堂,奶茶果汁,65.86,2026-08-09 12:18:05,南京,玄武区,27.6,4.5
TO202401012522,U10468,豪私房菜,汉堡薯条,11.64,2026-08-01 12:36:46,广州,番禺区,45.3,3.0
TO202401012523,U11264,银日料餐厅,甜品蛋糕,35.04,2026-07-13 11:14:23,杭州,余杭区,35.6,5.0
TO202401012524,U10934,百汉堡厨快餐,汉堡薯条,25.87,2026-07-24 12:46:24,上海,闵行区,10.0,4.5
TO202401012525,U10311,真外卖,饺子馄饨,31.43,2026-08-10 20:48:27,沈阳,沈河区,28.5,4.0
TO202401012526,U10981,鲜粤菜大饭店,面食小吃,22.3,2026-08-06 20:24:54,苏州,高新区,50.5,5.0
TO202401012527,U11247,鲜粤菜大饭店,西餐,33.23,2026-07-20 08:59:15,成都,锦江区,42.9,4.0
TO202401012528,U10242,鲜美食,日料寿司,22.15,2026-07-12 13:41:06,厦门,海沧区,36.2,4.5
TO202401012529,U10820,味轻食味道,披萨意面,49.0,2026-07-24 19:35:39,上海,浦东新区,57.7,5.0
TO202401012530,U10472,万小馆,粤菜,60.67,2026-07-30 01:18:42,南京,江宁区,32.5,5.0
TO202401012531,U10309,优食府,火锅,17.55,2026-07-16 18:06:46,广州,番禺区,31.9,4.5
TO202401012532,U11677,御西餐记餐厅,川湘菜,89.62,2026-07-14 03:59:11,上海,闵行区,37.5,3.0
TO202401012533,U10516,金厨房,汉堡薯条,56.59,2026-07-14 12:04:26,苏州,姑苏区,41.8,5.0
TO202401012534,U10620,御记餐厅,披萨意面,25.72,2026-08-07 00:43:47,上海,浦东新区,32.7,4.5
TO202401012535,U11380,银食堂,汉堡薯条,29.1,2026-08-04 18:56:58,武汉,江汉区,20.1,5.0
TO202401012536,U10845,优食府,火锅,53.93,2026-07-20 10:43:56,北京,通州区,30.4,4.5
TO202401012537,U10436,亿私房菜,面食小吃,57.62,2026-07-30 10:04:49,西安,雁塔区,34.2,5.0
TO202401012538,U10318,亿厨快餐,日料寿司,18.64,2026-08-06 10:24:04,西安,未央区,22.1,4.0
TO202401012539,U10847,鲜轻食大饭店,日料寿司,19.3,2026-08-02 14:15:27,广州,天河区,34.6,4.5
TO202401012540,U10286,万汉堡小馆,麻辣烫,28.25,2026-07-16 19:42:04,广州,越秀区,16.0,2.0
TO202401012541,U11239,豪私房菜,火锅,52.14,2026-08-05 19:58:06,郑州,郑东新区,57.4,4.5
TO202401012542,U11556,银食府,饺子馄饨,23.07,2026-08-09 12:58:39,长沙,芙蓉区,39.7,4.5
TO202401012543,U11603,味外卖,奶茶果汁,8.0,2026-07-25 18:34:27,青岛,黄岛区,33.9,5.0
TO202401012544,U10712,万小馆,川湘菜,15.98,2026-07-13 18:01:20,北京,东城区,29.8,5.0
TO202401012545,U10106,皇奶茶食府,轻食沙拉,58.98,2026-07-14 18:24:44,重庆,渝北区,21.6,3.0
TO202401012546,U10365,真快餐味道,日料寿司,77.81,2026-08-02 01:46:17,深圳,南山区,26.6,5.0
TO202401012547,U11268,真美食,甜品蛋糕,32.96,2026-07-16 12:19:04,西安,碑林区,34.7,5.0
TO202401012548,U11185,御汉堡厨快餐,饺子馄饨,12.98,2026-08-04 19:58:50,厦门,海沧区,28.0,4.5
TO202401012549,U10443,真快餐味道,轻食沙拉,9.0,2026-08-10 19:16:46,深圳,龙岗区,40.5,4.5
TO202401012550,U10747,大记餐厅,烧烤,54.37,2026-08-02 14:22:25,成都,青羊区,31.5,5.0
TO202401012551,U11040,鲜饺子食府,甜品蛋糕,52.48,2026-07-18 05:00:34,西安,碑林区,38.2,4.0
TO202401012552,U10226,鲜私房菜,轻食沙拉,8.0,2026-07-20 18:08:32,大连,开发区,41.4,5.0
TO202401012553,U10595,好麻辣食府,火锅,8.35,2026-07-28 11:10:40,成都,高新区,41.9,4.0
TO202401012554,U11699,豪川湘私房菜,日料寿司,47.79,2026-07-26 00:39:28,上海,浦东新区,22.4,4.5
TO202401012555,U11496,亿外卖,火锅,39.56,2026-07-27 18:48:56,重庆,江北区,46.7,4.5
TO202401012556,U11574,正烧烤小馆,粤菜,53.88,2026-08-02 02:23:56,深圳,龙华区,42.0,4.0
TO202401012557,U10659,亿味道,麻辣烫,35.66,2026-08-07 11:03:00,上海,长宁区,36.7,5.0
TO202401012558,U10935,亿记餐厅,饺子馄饨,33.64,2026-07-19 18:12:42,苏州,高新区,41.6,5.0
TO202401012559,U11452,真快餐味道,奶茶果汁,39.29,2026-08-10 19:09:54,上海,浦东新区,34.2,3.5
TO202401012560,U10765,正食堂,轻食沙拉,33.9,2026-07-30 20:30:46,上海,长宁区,33.5,5.0
TO202401012561,U11504,亿记餐厅,面食小吃,30.62,2026-07-24 14:16:37,广州,天河区,35.7,5.0
TO202401012562,U10007,真美食,麻辣烫,62.09,2026-08-03 09:26:19,北京,东城区,57.6,5.0
TO202401012563,U10851,小快餐味道,粤菜,9.86,2026-07-23 12:01:41,广州,天河区,21.2,2.0
TO202401012564,U11624,小私房菜,轻食沙拉,15.62,2026-07-16 20:45:21,西安,碑林区,48.3,5.0
TO202401012565,U10117,亿面食厨快餐,西餐,20.58,2026-08-06 11:29:41,北京,丰台区,38.5,5.0
TO202401012566,U10675,正外卖,披萨意面,30.41,2026-08-09 19:43:12,沈阳,沈河区,32.9,5.0
TO202401012567,U10168,亿甜品美食,烧烤,28.51,2026-08-02 20:29:28,深圳,龙岗区,20.4,5.0
TO202401012568,U11554,真美食,西餐,42.18,2026-08-10 02:58:22,杭州,西湖区,21.0,5.0
TO202401012569,U10450,豪西餐厨快餐,粤菜,20.86,2026-07-25 19:54:53,上海,静安区,59.0,1.0
TO202401012570,U10833,亿甜品美食,火锅,38.97,2026-08-04 18:23:38,深圳,龙华区,32.5,5.0
TO202401012571,U10037,亿面食厨快餐,饺子馄饨,42.42,2026-07-30 20:06:43,成都,成华区,47.1,4.5
TO202401012572,U11125,豪私房菜,轻食沙拉,37.92,2026-08-10 14:16:20,深圳,宝安区,16.9,5.0
TO202401012573,U10371,御西餐记餐厅,饺子馄饨,36.51,2026-07-29 21:02:51,长沙,雨花区,10.4,2.0
TO202401012574,U11532,鲜烧烤外卖,麻辣烫,56.6,2026-08-02 17:24:03,上海,长宁区,35.7,4.5
TO202401012575,U10216,御西餐记餐厅,粤菜,38.9,2026-07-29 16:39:46,重庆,渝北区,53.1,5.0
TO202401012576,U10672,真快餐味道,轻食沙拉,50.45,2026-07-30 18:36:56,广州,白云区,22.6,4.5
TO202401012577,U10748,大记餐厅,披萨意面,54.94,2026-07-18 18:47:34,北京,海淀区,22.8,5.0
TO202401012578,U10497,亿美食,粤菜,34.32,2026-07-27 09:49:49,南京,秦淮区,43.8,5.0
TO202401012579,U11490,正记餐厅,饺子馄饨,13.77,2026-07-12 00:15:31,青岛,城阳区,26.3,3.5
TO202401012580,U10825,银日料餐厅,轻食沙拉,39.48,2026-08-01 18:16:55,广州,荔湾区,25.8,5.0
TO202401012581,U10726,豪私房菜,汉堡薯条,20.48,2026-07-25 13:49:59,天津,北辰区,49.6,4.5
TO202401012582,U10674,豪私房菜,粤菜,87809.89,2026-08-09 19:15:21,重庆,渝中区,22.1,4.5
TO202401012583,U11376,鼎大饭店,火锅,19.38,2026-08-02 17:27:23,北京,丰台区,34.6,5.0
TO202401012584,U10116,亿甜品美食,川湘菜,180.92,2026-07-14 15:19:52,成都,成华区,45.1,4.0
TO202401012585,U10052,百奶茶食府,西餐,54.99,2026-08-06 15:24:06,重庆,渝北区,22.5,5.0
TO202401012586,U10387,银奶茶餐厅,甜品蛋糕,30.43,2026-07-24 10:12:12,杭州,上城区,21.2,5.0
TO202401012587,U10283,真快餐味道,火锅,46.17,2026-07-16 17:43:49,南京,建邺区,37.1,1.0
TO202401012588,U11413,亿美食,奶茶果汁,40.33,2026-07-19 18:45:21,上海,长宁区,25.8,5.0
TO202401012589,U11454,鼎食堂,火锅,13.0,2026-07-19 15:04:18,上海,黄浦区,42.6,4.5
TO202401012590,U10856,亿面食厨快餐,烧烤,53.03,2026-07-26 23:58:09,深圳,龙华区,37.8,5.0
TO202401012591,U11357,万小馆,汉堡薯条,43.14,2026-07-29 19:51:25,厦门,集美区,39.6,5.0
TO202401012592,U10315,皇奶茶食府,披萨意面,43.78,2026-07-26 19:50:00,大连,西岗区,26.1,4.5
TO202401012593,U10508,百奶茶食府,轻食沙拉,25.05,2026-07-31 18:40:01,上海,静安区,42.6,4.0
TO202401012594,U10013,鼎大饭店,西餐,80.14,2026-07-22 21:37:21,广州,海珠区,45.0,5.0
TO202401012595,U10392,御奶茶小馆,粤菜,40.44,2026-07-30 18:59:50,杭州,滨江区,51.9,3.5
TO202401012596,U11476,鲜饺子食府,日料寿司,47.96,2026-08-01 13:01:33,南京,建邺区,52.8,4.5
TO202401012597,U10820,大餐厅,西餐,53.04,2026-07-12 21:11:09,郑州,惠济区,39.9,4.0
TO202401012598,U10079,香私房菜,奶茶果汁,40.83,2026-07-25 21:29:01,苏州,姑苏区,32.8,5.0
TO202401012599,U11491,鲜烧烤外卖,面食小吃,8.0,2026-07-20 18:29:27,武汉,武昌区,20.2,5.0
TO202401012600,U11183,御记餐厅,饺子馄饨,31.6,2026-07-19 18:14:37,重庆,渝北区,11.5,4.5
TO202401012601,U10113,大记餐厅,麻辣烫,24.47,2026-07-15 20:14:01,重庆,江北区,35.9,5.0
TO202401012602,U10663,千厨快餐,粤菜,48.0,2026-07-19 14:47:17,郑州,惠济区,54.0,4.5
TO202401012603,U11701,皇食堂,汉堡薯条,45.92,2026-08-05 20:59:09,武汉,汉阳区,38.0,4.0
TO202401012604,U10663,御厨快餐,粤菜,30.23,2026-07-25 17:03:57,沈阳,沈河区,47.0,4.5
TO202401012605,U10543,亿甜品美食,麻辣烫,33.74,2026-07-24 20:26:52,郑州,管城区,32.8,3.5
TO202401012606,U11013,小私房菜,轻食沙拉,15.82,2026-08-08 23:11:23,重庆,南岸区,38.2,5.0
TO202401012607,U10108,小奶茶记餐厅,汉堡薯条,32.77,2026-07-25 19:44:38,杭州,西湖区,45.4,4.0
TO202401012608,U10279,金厨房,饺子馄饨,24.98,2026-07-27 17:58:09,上海,静安区,33.0,4.0
TO202401012609,U10152,大美食,日料寿司,120.99,2026-08-02 08:41:48,沈阳,皇姑区,39.2,3.5
TO202401012610,U10774,亿面食厨快餐,西餐,36.97,2026-08-03 13:32:00,北京,西城区,30.5,4.5
TO202401012611,U11560,正川湘小馆,麻辣烫,24.83,2026-08-06 18:09:29,大连,高新园区,31.1,5.0
TO202401012612,U11263,大记餐厅,川湘菜,149.22,2026-07-19 13:43:17,武汉,洪山区,41.0,5.0
TO202401012613,U10995,大餐厅,火锅,8.0,2026-07-28 00:44:07,广州,天河区,38.3,4.0
TO202401012614,U11122,银日料餐厅,火锅,37.9,2026-07-26 09:03:30,上海,长宁区,31.3,4.5
TO202401012615,U10187,亿味道,轻食沙拉,32.97,2026-07-23 18:41:58,西安,新城区,39.8,2.0
TO202401012616,U10304,皇大饭店,川湘菜,101.19,2026-07-14 15:52:06,天津,和平区,35.4,5.0
TO202401012617,U11269,鲜记餐厅,火锅,92595.15,2026-07-17 19:40:14,广州,荔湾区,19.1,4.0
TO202401012618,U11227,万味道,火锅,14.74,2026-07-26 18:43:44,青岛,城阳区,15.4,5.0
TO202401012619,U11260,正川湘小馆,川湘菜,36.05,2026-08-11 19:16:53,南京,江宁区,24.0,4.0
TO202401012620,U11611,优食府,汉堡薯条,37.21,2026-07-20 13:07:22,重庆,渝中区,26.9,3.0
TO202401012621,U11518,御奶茶小馆,饺子馄饨,37.47,2026-07-19 21:39:49,青岛,市北区,47.9,4.0
TO202401012622,U11570,亿披萨食府,饺子馄饨,143.62,2026-07-25 17:47:43,苏州,高新区,23.0,5.0
TO202401012623,U10558,真美食,甜品蛋糕,26.38,2026-07-30 07:23:33,天津,河西区,53.4,5.0
TO202401012624,U10677,皇食堂,甜品蛋糕,122.66,2026-07-18 20:21:32,北京,朝阳区,40.7,5.0
TO202401012625,U10199,御西餐记餐厅,汉堡薯条,35.41,2026-07-25 11:23:48,南京,雨花台区,41.7,4.5
TO202401012626,U11047,小私房菜,川湘菜,64.72,2026-08-08 16:51:44,重庆,渝中区,11.5,4.0
TO202401012627,U10107,亿西餐私房菜,粤菜,20.3,2026-07-30 20:04:15,沈阳,大东区,47.3,4.0
TO202401012628,U10857,正川湘小馆,麻辣烫,38.69,2026-07-20 21:34:00,重庆,渝北区,32.6,4.0
TO202401012629,U10991,小私房菜,披萨意面,23.86,2026-08-01 10:21:54,深圳,宝安区,48.1,4.5
TO202401012630,U10573,鼎小馆,烧烤,,2026-07-16 08:48:51,北京,丰台区,66.4,4.0
TO202401012631,U11626,味厨快餐,汉堡薯条,12.48,2026-07-17 11:29:06,深圳,罗湖区,36.7,4.5
TO202401012632,U10370,万味道,西餐,40.96,2026-07-26 16:34:03,广州,天河区,24.7,3.5
TO202401012633,U10677,优汉堡味道,烧烤,8.0,2026-07-31 16:41:39,长沙,开福区,45.6,3.0
TO202401012634,U11478,银日料餐厅,粤菜,33.46,2026-08-07 19:04:15,深圳,罗湖区,40.9,1.0
TO202401012635,U10131,银日料餐厅,奶茶果汁,53.7,2026-08-11 21:44:21,沈阳,皇姑区,32.0,5.0
TO202401012636,U11237,银食府,日料寿司,26.08,2026-07-27 05:09:53,广州,越秀区,67.5,5.0
TO202401012637,U10270,百汉堡厨快餐,披萨意面,53.35,2026-07-22 10:56:04,西安,长安区,33.5,5.0
TO202401012638,U10071,豪餐厅,粤菜,8.0,2026-07-13 13:39:16,郑州,管城区,32.2,5.0
TO202401012639,U11332,千厨快餐,汉堡薯条,58.76,2026-08-09 11:03:13,上海,闵行区,10.0,3.5
TO202401012640,U10215,豪餐厅,川湘菜,48.2,2026-07-31 12:29:55,杭州,余杭区,26.1,4.0
TO202401012641,U10809,亿甜品小馆,汉堡薯条,15.51,2026-08-02 15:54:11,北京,丰台区,30.1,5.0
TO202401012642,U10607,亿私房菜,面食小吃,24.36,2026-07-22 20:21:32,深圳,罗湖区,40.1,4.0
TO202401012643,U11443,好麻辣食府,日料寿司,31.22,2026-07-31 17:33:11,青岛,市北区,39.1,4.0
TO202401012644,U10359,万汉堡小馆,面食小吃,8.0,2026-08-08 12:39:17,成都,锦江区,52.3,4.0
TO202401012645,U11719,皇奶茶食府,披萨意面,45.15,2026-08-06 23:28:56,郑州,郑东新区,36.6,4.0
TO202401012646,U10425,小奶茶记餐厅,日料寿司,35.32,2026-08-07 14:50:46,南京,雨花台区,27.7,3.0
TO202401012647,U11358,味小馆,麻辣烫,17.26,2026-07-16 14:55:47,杭州,下城区,36.5,4.5
TO202401012648,U11149,味外卖,披萨意面,35.09,2026-07-26 13:01:46,成都,成华区,36.3,4.5
TO202401012649,U11665,豪西餐厨快餐,西餐,8.0,2026-08-10 00:11:42,广州,天河区,29.9,4.5
TO202401012650,U10074,香私房菜,烧烤,46.5,2026-07-17 22:08:54,广州,荔湾区,13.4,4.0
TO202401012651,U11370,豪餐厅,麻辣烫,43.66,2026-07-28 18:30:13,深圳,罗湖区,37.3,4.0
TO202401012652,U10700,味小馆,烧烤,36.26,2026-08-09 03:45:10,武汉,汉阳区,31.6,5.0
TO202401012653,U11329,亿味道,烧烤,66.86,2026-07-30 19:43:14,青岛,城阳区,32.5,2.0
TO202401012654,U10818,亿西餐私房菜,奶茶果汁,19.84,2026-07-26 17:54:04,北京,西城区,47.3,3.5
TO202401012655,U11528,小日料食府,奶茶果汁,16.74,2026-07-23 00:17:32,杭州,下城区,12.4,4.5
TO202401012656,U11412,亿甜品美食,快餐便当,29.9,2026-07-31 08:44:10,上海,黄浦区,50.9,4.5
TO202401012657,U10326,亿甜品小馆,烧烤,57.13,2026-08-08 11:39:16,北京,西城区,29.2,3.5
TO202401012658,U10501,御奶茶小馆,面食小吃,43.81,2026-07-13 17:20:13,北京,西城区,37.3,5.0
TO202401012659,U10868,小私房菜,甜品蛋糕,46.73,2026-07-19 21:31:05,北京,朝阳区,26.4,5.0
TO202401012660,U10573,真外卖,火锅,43.93,2026-08-04 08:34:43,北京,丰台区,35.6,5.0
TO202401012661,U10749,亿麻辣大饭店,日料寿司,15.05,2026-07-16 18:31:10,深圳,南山区,34.0,3.0
TO202401012662,U11167,豪西餐厨快餐,火锅,22.0,2026-07-26 21:42:57,重庆,南岸区,64.3,5.0
TO202401012663,U10615,金厨房,火锅,17.46,2026-07-22 18:44:40,北京,东城区,45.1,4.5
TO202401012664,U10751,鲜饺子食府,饺子馄饨,60.73,2026-08-08 17:39:22,郑州,中原区,28.5,3.5
TO202401012665,U10137,味厨快餐,汉堡薯条,50.62,2026-08-08 19:41:32,厦门,海沧区,52.4,5.0
TO202401012666,U10969,鲜粤菜大饭店,饺子馄饨,46.32,2026-07-27 18:20:09,广州,海珠区,38.0,4.0
TO202401012667,U10742,百汉堡厨快餐,麻辣烫,20.45,2026-07-26 04:46:49,南京,建邺区,32.1,4.0
TO202401012668,U11582,小奶茶记餐厅,奶茶果汁,37.5,2026-08-05 19:18:56,西安,雁塔区,34.9,4.5
TO202401012669,U10724,老厨快餐,甜品蛋糕,166.21,2026-07-29 09:51:45,广州,天河区,43.0,4.0
TO202401012670,U11342,百汉堡厨快餐,轻食沙拉,8.0,2026-07-14 05:59:52,深圳,龙岗区,38.6,4.0
TO202401012671,U11517,小日料食府,烧烤,75.09,2026-07-24 09:57:38,上海,徐汇区,51.3,4.0
TO202401012672,U10875,好麻辣食府,日料寿司,37.7,2026-07-23 08:13:38,天津,北辰区,18.3,3.5
TO202401012673,U11425,味轻食味道,面食小吃,38.07,2026-07-19 20:07:49,北京,西城区,36.8,5.0
TO202401012674,U11138,好麻辣食府,川湘菜,25.04,2026-07-13 12:54:19,北京,海淀区,32.3,4.5
TO202401012675,U11179,真美食,快餐便当,27.56,2026-07-29 18:19:51,杭州,西湖区,41.0,5.0
TO202401012676,U10478,小奶茶记餐厅,轻食沙拉,31.01,2026-08-01 11:25:35,杭州,西湖区,16.7,3.0
TO202401012677,U11757,银食堂,粤菜,75.05,2026-07-27 23:59:45,长沙,开福区,10.0,5.0
TO202401012678,U10229,百汉堡厨快餐,粤菜,36.19,2026-07-15 09:32:50,武汉,硚口区,25.1,3.5
TO202401012679,U11009,鲜烧烤外卖,烧烤,48.46,2026-07-13 20:15:17,上海,黄浦区,32.3,5.0
TO202401012680,U11760,亿西餐私房菜,麻辣烫,18.39,2026-08-04 12:52:45,郑州,管城区,35.3,5.0
TO202401012681,U10157,亿披萨食府,川湘菜,48.53,2026-08-04 11:25:01,广州,荔湾区,19.8,4.5
TO202401012682,U10384,御奶茶小馆,甜品蛋糕,58.12,2026-08-03 19:20:49,大连,开发区,22.1,2.0
TO202401012683,U11714,真快餐味道,日料寿司,59.07,2026-07-14 13:29:01,深圳,福田区,36.4,3.0
TO202401012684,U11070,小味道,饺子馄饨,92.97,2026-08-07 10:49:15,重庆,江北区,48.1,4.0
TO202401012685,U11729,皇食堂,饺子馄饨,23.87,2026-08-07 08:41:03,北京,西城区,32.1,5.0
TO202401012686,U11333,皇奶茶食府,奶茶果汁,51.55,2026-08-08 19:18:18,苏州,相城区,24.9,5.0
TO202401012687,U11418,鲜饺子食府,川湘菜,57.02,2026-08-03 20:31:11,成都,成华区,53.2,4.5
TO202401012688,U11600,皇食堂,奶茶果汁,42.37,2026-08-03 12:55:07,深圳,罗湖区,55.0,3.0
TO202401012689,U10400,真快餐味道,轻食沙拉,11.92,2026-08-07 19:15:27,青岛,城阳区,35.4,4.0
TO202401012690,U11062,亿面食厨快餐,日料寿司,62.16,2026-07-18 22:34:01,武汉,江岸区,38.8,4.5
TO202401012691,U10819,小日料食府,汉堡薯条,45.63,2026-07-27 19:45:17,成都,金牛区,40.0,5.0
TO202401012692,U10211,御西餐记餐厅,粤菜,48.59,2026-08-08 17:30:25,成都,金牛区,37.2,5.0
TO202401012693,U10140,鲜烧烤外卖,日料寿司,46.81,2026-08-05 13:11:34,苏州,相城区,41.7,5.0
TO202401012694,U10818,优汉堡餐厅,饺子馄饨,40.58,2026-07-15 13:01:55,杭州,西湖区,46.0,4.5
TO202401012695,U11037,正烧烤小馆,轻食沙拉,33.47,2026-08-02 12:22:58,深圳,罗湖区,54.7,5.0
TO202401012696,U11404,御汉堡厨快餐,烧烤,49.68,2026-07-27 09:17:51,长沙,芙蓉区,36.7,5.0
TO202401012697,U10847,御厨快餐,麻辣烫,91.2,2026-07-23 13:27:01,沈阳,铁西区,37.1,5.0
TO202401012698,U11334,亿甜品美食,粤菜,8.0,2026-08-10 22:24:51,杭州,上城区,21.4,4.0
TO202401012699,U11390,鼎小馆,快餐便当,14.98,2026-07-24 16:34:23,郑州,二七区,14.5,5.0
TO202401012700,U11113,御西餐记餐厅,汉堡薯条,18.55,2026-07-18 05:45:38,沈阳,铁西区,29.5,5.0
TO202401012701,U11150,鲜外卖,奶茶果汁,47.62,2026-08-05 20:48:49,上海,闵行区,32.1,4.5
TO202401012702,U11180,亿记餐厅,轻食沙拉,44.71,2026-08-05 06:44:26,郑州,管城区,47.3,4.0
TO202401012703,U10283,亿私房菜,粤菜,28.46,2026-08-05 17:22:16,西安,莲湖区,54.5,5.0
TO202401012704,U10024,御西餐记餐厅,日料寿司,16.25,2026-08-06 18:22:54,苏州,工业园区,40.4,5.0
TO202401012705,U11187,千奶茶餐厅,粤菜,86.65,2026-08-08 20:45:55,大连,开发区,50.4,5.0
TO202401012706,U10570,金厨房,甜品蛋糕,24.51,2026-07-18 12:07:52,苏州,高新区,39.5,5.0
TO202401012707,U10256,千奶茶餐厅,川湘菜,37.43,2026-08-02 18:02:03,杭州,西湖区,36.0,3.0
TO202401012708,U11159,正记餐厅,面食小吃,48.83,2026-07-24 08:47:15,重庆,九龙坡区,37.4,3.0
TO202401012709,U10718,亿食府,饺子馄饨,62.06,2026-08-09 12:40:45,广州,番禺区,20.3,5.0
TO202401012710,U11007,御奶茶小馆,面食小吃,15.15,2026-07-18 11:10:43,沈阳,铁西区,32.1,4.5
TO202401012711,U11695,亿私房菜,火锅,16.5,2026-07-13 10:56:20,上海,黄浦区,46.8,4.5
TO202401012712,U11068,万小馆,烧烤,8.0,2026-08-07 19:04:53,杭州,上城区,29.5,5.0
TO202401012713,U10527,正烧烤小馆,日料寿司,48.94,2026-08-09 15:36:07,北京,通州区,43.3,3.0
TO202401012714,U10353,正记餐厅,披萨意面,36.69,2026-08-10 23:54:32,西安,雁塔区,55.2,4.0
TO202401012715,U10378,百汉堡厨快餐,西餐,65.86,2026-08-10 19:42:33,青岛,市北区,23.2,2.0
TO202401012716,U10247,鲜饺子食府,火锅,136.25,2026-07-26 12:43:53,沈阳,浑南区,32.5,4.5
TO202401012717,U10831,老厨快餐,甜品蛋糕,196.27,2026-08-09 10:48:41,广州,海珠区,19.9,4.0
TO202401012718,U10416,小私房菜,奶茶果汁,57.3,2026-07-30 18:26:46,大连,中山区,36.8,4.0
TO202401012719,U11573,百奶茶食府,披萨意面,8.0,2026-08-11 14:26:19,天津,北辰区,47.9,2.0
TO202401012720,U11065,香私房菜,面食小吃,85.6,2026-08-11 15:53:48,北京,通州区,11.9,5.0
TO202401012721,U11639,亿味道,甜品蛋糕,35.39,2026-07-24 18:48:27,重庆,渝北区,10.0,5.0
TO202401012722,U10901,银奶茶餐厅,轻食沙拉,22.06,2026-07-19 16:38:09,大连,高新园区,18.7,5.0
TO202401012723,U10904,御厨快餐,日料寿司,-20.15,2026-07-24 08:30:51,重庆,沙坪坝区,58.3,5.0
TO202401012724,U10976,御奶茶小馆,火锅,39.49,2026-08-01 09:38:32,成都,金牛区,39.7,5.0
TO202401012725,U10462,香私房菜,奶茶果汁,41.83,2026-07-18 12:08:48,北京,朝阳区,41.2,5.0
TO202401012726,U10020,亿味道,西餐,54.39,2026-07-24 22:16:22,上海,闵行区,59.2,5.0
TO202401012727,U10556,鲜轻食大饭店,日料寿司,25.24,2026-08-04 06:24:14,苏州,相城区,46.0,4.5
TO202401012728,U11474,鼎食堂,披萨意面,9.68,2026-07-16 12:35:12,苏州,相城区,36.9,5.0
TO202401012729,U10528,豪餐厅,麻辣烫,45.72,2026-07-24 21:26:38,长沙,芙蓉区,31.7,5.0
TO202401012730,U10448,鼎大饭店,川湘菜,36.18,2026-08-02 10:49:33,杭州,下城区,41.5,3.5
TO202401012731,U11463,亿美食,快餐便当,45.52,2026-08-04 11:02:14,上海,徐汇区,17.3,4.0
TO202401012732,U10391,小日料食府,轻食沙拉,44.67,2026-07-21 18:16:59,武汉,硚口区,30.1,5.0
TO202401012733,U10168,豪餐厅,火锅,12.87,2026-07-16 18:56:51,苏州,吴江区,33.6,4.5
TO202401012734,U10761,御西餐记餐厅,西餐,12.58,2026-07-31 01:29:14,重庆,沙坪坝区,40.9,4.5
TO202401012735,U10619,鲜饺子食府,汉堡薯条,24.53,2026-08-01 17:57:41,厦门,同安区,27.8,5.0
TO202401012736,U11687,鼎小馆,奶茶果汁,104.75,2026-08-02 19:29:39,深圳,龙华区,23.8,5.0
TO202401012737,U11301,御奶茶小馆,快餐便当,31.23,2026-07-25 16:39:13,重庆,沙坪坝区,65.5,4.5
TO202401012738,U11420,豪西餐厨快餐,快餐便当,25.37,2026-07-30 17:58:58,上海,长宁区,22.0,5.0
TO202401012739,U11394,皇食堂,麻辣烫,13.72,2026-07-30 13:37:52,广州,天河区,10.0,4.0
TO202401012740,U10937,味外卖,烧烤,9.63,2026-07-25 20:47:41,深圳,宝安区,32.4,4.5
TO202401012741,U11483,亿披萨食府,轻食沙拉,26.73,2026-07-15 12:36:36,杭州,拱墅区,23.6,4.5
TO202401012742,U11555,小麻辣厨快餐,奶茶果汁,24.25,2026-07-28 11:09:54,西安,碑林区,36.4,5.0
TO202401012743,U10014,真外卖,面食小吃,23.6,2026-07-21 17:26:14,青岛,崂山区,29.7,4.5
TO202401012744,U11051,千厨快餐,奶茶果汁,-12.32,2026-08-05 12:23:27,武汉,洪山区,17.8,4.5
TO202401012745,U10770,味外卖,川湘菜,31.27,2026-08-03 09:42:09,北京,海淀区,10.0,5.0
TO202401012746,U10418,千奶茶餐厅,轻食沙拉,42.86,2026-07-23 13:50:29,苏州,吴中区,53.0,3.0
TO202401012747,U11235,小味道,烧烤,34.1,2026-07-29 17:04:27,杭州,下城区,33.9,5.0
TO202401012748,U10623,鼎小馆,饺子馄饨,8.0,2026-07-24 22:01:47,武汉,汉阳区,46.6,4.5
TO202401012749,U10882,香私房菜,饺子馄饨,24.32,2026-07-31 11:30:32,苏州,高新区,43.9,5.0
TO202401012750,U10749,大记餐厅,汉堡薯条,8.0,2026-07-13 11:06:58,天津,北辰区,48.6,4.0
TO202401012751,U11011,银食堂,粤菜,8.0,2026-08-04 19:45:17,北京,东城区,50.0,5.0
TO202401012752,U11026,御奶茶小馆,快餐便当,33.85,2026-07-28 19:56:03,大连,西岗区,13.9,5.0
TO202401012753,U10906,亿披萨食府,甜品蛋糕,43.1,2026-07-25 21:05:35,重庆,九龙坡区,49.0,4.0
TO202401012754,U10653,银食堂,面食小吃,41.72,2026-07-27 22:17:15,杭州,滨江区,24.7,4.5
TO202401012755,U10574,真快餐味道,饺子馄饨,11.65,2026-08-03 08:15:02,北京,海淀区,33.9,4.0
TO202401012756,U10362,御西餐记餐厅,麻辣烫,46.98,2026-07-17 21:19:49,南京,江宁区,27.0,4.5
TO202401012757,U10635,亿甜品小馆,甜品蛋糕,33.26,2026-07-23 06:15:32,天津,北辰区,35.4,5.0
TO202401012758,U11504,银日料餐厅,汉堡薯条,39.33,2026-07-12 12:51:03,广州,荔湾区,46.8,4.5
TO202401012759,U11393,小麻辣厨快餐,粤菜,8.0,2026-07-25 11:07:51,重庆,渝中区,64.6,4.5
TO202401012760,U10086,正记餐厅,汉堡薯条,41.14,2026-07-29 13:32:45,广州,海珠区,33.0,4.5
TO202401012761,U11668,味外卖,面食小吃,8.0,2026-07-19 11:08:54,广州,白云区,29.8,5.0
TO202401012762,U10216,皇食堂,汉堡薯条,16.3,2026-07-12 20:10:37,广州,番禺区,55.0,4.5
TO202401012763,U11339,亿披萨食府,甜品蛋糕,49.57,2026-08-05 20:06:34,上海,徐汇区,41.4,4.0
TO202401012764,U10194,真美食,奶茶果汁,122.75,2026-08-04 09:58:25,广州,白云区,21.3,5.0
TO202401012765,U11314,亿面食厨快餐,甜品蛋糕,40.84,2026-07-24 14:32:27,长沙,雨花区,21.6,4.5
TO202401012766,U11735,优食府,快餐便当,68.16,2026-08-06 18:48:53,厦门,同安区,27.5,3.0
TO202401012767,U11180,鼎食堂,麻辣烫,41.17,2026-07-15 13:09:37,杭州,余杭区,56.6,5.0
TO202401012768,U10978,鲜烧烤外卖,轻食沙拉,32.46,2026-07-29 21:49:51,大连,中山区,52.7,4.0
TO202401012769,U10371,亿甜品小馆,饺子馄饨,127.93,2026-07-23 17:24:09,青岛,崂山区,26.0,5.0
TO202401012770,U10879,御汉堡厨快餐,西餐,59.09,2026-08-03 18:58:03,大连,西岗区,34.5,3.0
TO202401012771,U10269,小日料食府,披萨意面,21.01,2026-07-15 17:03:53,重庆,江北区,23.3,4.0
TO202401012772,U11475,御厨快餐,快餐便当,12.11,2026-08-09 11:11:20,重庆,沙坪坝区,54.1,4.5
TO202401012773,U11239,大餐厅,披萨意面,24.68,2026-07-19 19:52:42,成都,青羊区,45.7,4.5
TO202401012774,U10704,正外卖,汉堡薯条,16.28,2026-08-02 18:36:48,北京,丰台区,43.5,5.0
TO202401011546,U11140,小味道,烧烤,57.71,2026-08-06 19:00:33,北京,朝阳区,49.7,3.0
TO202401012776,U11586,小私房菜,披萨意面,27.43,2026-08-06 20:44:04,广州,荔湾区,21.8,5.0
TO202401012777,U10680,御奶茶厨快餐,快餐便当,161.61,2026-07-29 12:36:56,广州,荔湾区,52.8,3.5
TO202401012778,U11706,皇大饭店,甜品蛋糕,14.07,2026-08-02 14:21:25,成都,青羊区,41.3,4.5
TO202401012779,U10735,亿西餐私房菜,轻食沙拉,25.97,2026-07-20 18:17:05,重庆,九龙坡区,51.7,5.0
TO202401012780,U11541,鲜粤菜大饭店,甜品蛋糕,46.12,2026-07-25 14:20:54,长沙,望城区,53.9,4.5
TO202401012781,U11290,小麻辣厨快餐,汉堡薯条,78.55,2026-08-05 11:06:25,北京,丰台区,23.1,4.5
TO202401012782,U10793,豪餐厅,甜品蛋糕,32.34,2026-08-01 13:33:20,成都,金牛区,34.0,2.0
TO202401012783,U10631,万小馆,面食小吃,37.63,2026-07-15 19:24:08,天津,河北区,20.1,4.0
TO202401012784,U11718,鼎大饭店,粤菜,127.5,2026-08-07 17:40:50,上海,长宁区,22.7,5.0
TO202401012785,U10302,亿外卖,麻辣烫,44.21,2026-07-21 10:57:23,杭州,余杭区,22.3,5.0
TO202401012786,U11715,亿面食厨快餐,甜品蛋糕,35.33,2026-07-22 12:47:24,广州,越秀区,34.6,3.5
TO202401012787,U10466,亿记餐厅,奶茶果汁,29.53,2026-07-26 09:54:03,深圳,南山区,40.8,3.5
TO202401012788,U10590,亿食府,奶茶果汁,21.22,2026-08-03 16:23:58,苏州,吴中区,40.5,4.5
TO202401012789,U11524,味外卖,粤菜,65.14,2026-08-03 10:38:05,上海,闵行区,16.9,3.0
TO202401012790,U11048,味外卖,烧烤,56.16,2026-08-08 18:04:17,北京,东城区,18.4,4.0
TO202401012791,U10092,亿食府,汉堡薯条,8.0,2026-08-01 18:56:53,重庆,江北区,37.3,3.5
TO202401012792,U11058,亿私房菜,面食小吃,8.0,2026-08-09 10:05:13,青岛,崂山区,36.4,3.5
TO202401012793,U10948,大美食,饺子馄饨,44.08,2026-08-10 19:36:24,北京,朝阳区,43.4,5.0
TO202401012794,U10261,亿甜品小馆,奶茶果汁,8.0,2026-08-05 18:23:32,南京,秦淮区,40.3,3.5
TO202401012795,U10636,优汉堡味道,粤菜,34.64,2026-07-27 22:09:12,苏州,相城区,10.0,5.0
TO202401012796,U10051,亿记餐厅,快餐便当,13.5,2026-07-22 12:04:57,上海,闵行区,38.1,5.0
TO202401012797,U10903,真快餐味道,西餐,52.85,2026-07-22 11:47:33,沈阳,大东区,63.3,2.0
TO202401012798,U10914,亿私房菜,粤菜,49.91,2026-08-02 17:34:34,成都,武侯区,33.1,4.0
TO202401012799,U11237,亿厨快餐,汉堡薯条,41.85,2026-07-31 12:04:43,重庆,渝中区,28.0,4.5
TO202401012800,U10526,正川湘小馆,奶茶果汁,68.74,2026-07-16 10:42:41,深圳,龙华区,39.9,3.0
TO202401012801,U10626,鼎食堂,粤菜,32.75,2026-07-12 13:17:59,北京,朝阳区,41.5,4.5
TO202401012802,U10742,小日料食府,奶茶果汁,19.36,2026-08-09 11:38:50,成都,金牛区,26.1,4.0
TO202401012803,U10421,正记餐厅,奶茶果汁,83.02,2026-08-05 21:10:39,天津,河西区,41.9,5.0
TO202401012804,U11502,大大饭店,面食小吃,25.0,2026-07-30 13:45:34,广州,白云区,14.0,4.5
TO202401012805,U11022,亿麻辣大饭店,烧烤,38.45,2026-07-27 07:45:59,杭州,拱墅区,29.1,4.5
TO202401012806,U10328,皇奶茶食府,麻辣烫,190.38,2026-08-10 11:08:31,上海,长宁区,25.9,5.0
TO202401012807,U10639,大大饭店,奶茶果汁,21.19,2026-07-22 17:59:56,广州,白云区,38.7,5.0
TO202401012808,U11561,鼎食堂,日料寿司,128.32,2026-07-26 14:46:54,天津,河东区,35.0,4.5
TO202401012809,U10370,万汉堡小馆,麻辣烫,64.54,2026-08-10 13:45:08,北京,通州区,66.9,5.0
TO202401012810,U10873,正川湘小馆,粤菜,46.67,2026-08-07 16:55:34,上海,黄浦区,48.2,4.5
TO202401012811,U11167,皇奶茶食府,川湘菜,32.01,2026-07-18 20:58:19,天津,河东区,23.8,3.5
TO202401012812,U10516,正川湘小馆,奶茶果汁,32.57,2026-07-24 22:02:56,苏州,工业园区,46.1,5.0
TO202401012813,U11634,小奶茶记餐厅,火锅,74.37,2026-08-05 12:56:35,沈阳,铁西区,52.0,2.0
TO202401012814,U10038,亿面食厨快餐,面食小吃,37.16,2026-07-17 05:24:47,北京,东城区,50.3,4.0
TO202401012815,U10740,小私房菜,饺子馄饨,51.04,2026-08-05 12:33:06,西安,碑林区,41.2,5.0
TO202401012816,U11562,银奶茶餐厅,奶茶果汁,35.48,2026-07-29 12:04:39,南京,建邺区,50.7,5.0
TO202401012817,U10429,优食府,饺子馄饨,13.85,2026-07-22 15:31:25,青岛,崂山区,38.5,5.0
TO202401012818,U11667,大记餐厅,快餐便当,33.96,2026-07-18 19:05:31,武汉,江汉区,51.1,5.0
TO202401012819,U11391,千厨快餐,披萨意面,25.5,2026-07-28 12:27:50,大连,开发区,35.3,4.5
TO202401012820,U10630,千奶茶餐厅,麻辣烫,36.39,2026-08-07 06:04:05,成都,金牛区,40.6,2.0
TO202401012821,U11487,大大饭店,日料寿司,85.46,2026-08-10 16:10:48,苏州,工业园区,52.0,5.0
TO202401012822,U11639,亿麻辣大饭店,甜品蛋糕,11.21,2026-08-04 21:16:52,北京,西城区,39.0,4.5
TO202401012823,U10945,小日料食府,日料寿司,50.57,2026-08-10 15:33:42,大连,沙河口区,29.5,4.5
TO202401012824,U11381,百川湘私房菜,快餐便当,39.95,2026-07-29 13:02:51,成都,锦江区,42.1,5.0
TO202401012825,U11729,优食府,火锅,33.18,2026-07-29 14:10:57,深圳,宝安区,46.3,5.0
TO202401012826,U11266,小快餐味道,披萨意面,26.15,2026-07-31 10:56:31,青岛,崂山区,36.2,5.0
TO202401012827,U11040,味小馆,日料寿司,44.64,2026-07-27 18:11:46,大连,开发区,24.4,4.5
TO202401012828,U11238,鲜记餐厅,奶茶果汁,35.13,2026-07-28 18:35:26,杭州,余杭区,31.8,5.0
TO202401012829,U11427,亿厨快餐,披萨意面,49.03,2026-07-23 22:55:53,厦门,同安区,14.4,5.0
TO202401012830,U11642,皇大饭店,甜品蛋糕,45.58,2026-08-07 07:24:12,成都,金牛区,44.8,4.5
TO202401012831,U10906,亿私房菜,火锅,16.01,2026-08-03 16:41:47,深圳,罗湖区,45.8,4.5
TO202401012832,U10265,正烧烤小馆,快餐便当,64.98,2026-08-05 11:54:28,深圳,龙华区,21.8,4.0
TO202401012833,U10815,御汉堡厨快餐,轻食沙拉,21.61,2026-07-25 11:41:00,苏州,吴中区,31.5,4.5
TO202401012834,U11582,老厨快餐,面食小吃,40.63,2026-07-20 20:15:28,广州,白云区,24.5,3.0
TO202401012835,U10507,银奶茶餐厅,甜品蛋糕,56.13,2026-07-28 11:34:23,北京,海淀区,27.8,4.5
TO202401012836,U11644,正食堂,汉堡薯条,38.93,2026-07-28 18:17:51,深圳,龙华区,21.6,5.0
TO202401012837,U10289,银奶茶餐厅,火锅,34.79,2026-08-07 11:51:45,深圳,龙华区,37.9,4.0
TO202401012838,U10545,真快餐味道,披萨意面,66.67,2026-07-26 17:13:12,杭州,滨江区,17.7,4.5
TO202401012839,U10228,亿记餐厅,甜品蛋糕,8.0,2026-07-19 20:08:57,成都,锦江区,37.0,4.5
TO202401012840,U11001,小奶茶记餐厅,快餐便当,37.39,2026-08-02 19:18:52,上海,浦东新区,31.4,5.0
TO202401012841,U10974,豪私房菜,川湘菜,8.0,2026-07-15 20:20:07,杭州,滨江区,55.7,3.5
TO202401012842,U11765,豪西餐厨快餐,烧烤,22.37,2026-07-18 11:53:01,成都,成华区,39.2,5.0
TO202401012843,U11405,味厨快餐,日料寿司,72.35,2026-07-28 11:21:01,西安,未央区,26.2,4.0
TO202401012844,U11732,好麻辣食府,川湘菜,19.75,2026-07-13 13:33:30,北京,西城区,52.4,5.0
TO202401012845,U11007,鲜轻食大饭店,烧烤,66.69,2026-07-30 11:46:25,厦门,湖里区,23.8,5.0
TO202401012846,U10842,御奶茶厨快餐,西餐,20.5,2026-07-30 22:43:06,深圳,龙华区,10.0,5.0
TO202401012847,U11313,优食府,汉堡薯条,39.99,2026-07-27 22:31:37,北京,通州区,36.5,4.5
TO202401012848,U11496,鲜外卖,面食小吃,41.24,2026-07-20 15:29:33,郑州,管城区,49.3,4.5
TO202401012849,U11413,百奶茶食府,披萨意面,16.36,2026-07-19 16:49:22,大连,中山区,38.0,4.0
TO202401012850,U11677,御奶茶厨快餐,奶茶果汁,26.22,2026-07-31 15:32:03,广州,海珠区,29.9,4.5
TO202401012851,U11697,鲜外卖,烧烤,8.26,2026-08-05 12:47:05,天津,河北区,43.7,4.5
TO202401012852,U10068,鲜轻食大饭店,川湘菜,199.5,2026-07-29 18:57:20,沈阳,和平区,34.7,2.0
TO202401012853,U10325,味轻食味道,披萨意面,12.66,2026-07-12 18:21:09,郑州,管城区,42.8,4.0
TO202401012854,U11684,皇奶茶食府,轻食沙拉,22.33,2026-08-08 17:38:42,青岛,市南区,26.8,3.0
TO202401012855,U11648,香私房菜,饺子馄饨,10.98,2026-07-23 22:15:01,广州,荔湾区,41.3,5.0
TO202401012856,U10668,百奶茶食府,快餐便当,51.9,2026-07-18 11:07:09,上海,长宁区,22.4,5.0
TO202401012857,U10258,香私房菜,烧烤,94.05,2026-07-14 21:08:44,广州,越秀区,44.8,3.0
TO202401012858,U11451,鼎小馆,奶茶果汁,73.65,2026-08-04 06:15:58,杭州,西湖区,29.7,4.5
TO202401012859,U10554,亿记餐厅,川湘菜,52.95,2026-07-25 20:38:28,青岛,李沧区,24.4,4.0
TO202401012860,U11055,御厨快餐,日料寿司,14.76,2026-07-28 09:54:05,重庆,江北区,31.9,5.0
TO202401012861,U10857,大大饭店,饺子馄饨,14.85,2026-07-30 20:06:32,青岛,市北区,55.2,4.5
TO202401012862,U11488,亿记餐厅,披萨意面,36.68,2026-07-14 21:37:02,杭州,余杭区,63.2,4.5
TO202401012863,U10576,银日料餐厅,粤菜,17.26,2026-07-27 13:43:51,广州,番禺区,54.0,4.5
TO202401012864,U10486,亿记餐厅,快餐便当,44.06,2026-08-06 19:32:36,上海,闵行区,42.0,5.0
TO202401012865,U10681,金厨房,面食小吃,9.04,2026-07-30 13:50:22,成都,武侯区,22.2,5.0
TO202401012866,U10925,鼎大饭店,轻食沙拉,8.0,2026-07-27 18:42:09,北京,朝阳区,41.8,4.0
TO202401012867,U10590,真美食,饺子馄饨,32.56,2026-07-29 11:18:56,杭州,下城区,29.0,5.0
TO202401012868,U10582,小私房菜,披萨意面,48.64,2026-07-30 18:01:31,天津,河北区,38.7,5.0
TO202401012869,U11388,豪私房菜,火锅,27.79,2026-08-03 14:16:59,广州,番禺区,10.1,5.0
TO202401012870,U10914,正川湘小馆,甜品蛋糕,100.25,2026-08-06 10:21:23,天津,北辰区,29.3,4.5
TO202401012871,U10738,真外卖,饺子馄饨,36.67,2026-07-23 10:09:58,西安,雁塔区,28.2,4.5
TO202401012872,U10101,香私房菜,火锅,37.5,2026-08-05 21:44:40,北京,东城区,40.3,4.5
TO202401012873,U10891,味厨快餐,汉堡薯条,8.0,2026-07-22 11:18:22,广州,海珠区,59.3,5.0
TO202401012874,U11565,亿甜品小馆,日料寿司,,2026-08-10 18:13:23,成都,成华区,10.0,2.0
TO202401012875,U10854,亿美食,烧烤,24.67,2026-08-06 18:48:00,杭州,滨江区,55.5,5.0
TO202401012876,U10935,银日料餐厅,奶茶果汁,8.0,2026-07-15 21:43:30,上海,长宁区,27.6,4.0
TO202401012877,U11072,御奶茶小馆,轻食沙拉,70.53,2026-07-23 07:39:43,上海,静安区,29.8,4.5
TO202401012878,U10160,亿披萨食府,汉堡薯条,51.98,2026-07-28 18:01:05,杭州,滨江区,37.4,5.0
TO202401012879,U11449,银食堂,甜品蛋糕,62.65,2026-07-17 11:18:03,深圳,福田区,38.9,4.0
TO202401012880,U10347,豪川湘私房菜,面食小吃,28.57,2026-07-30 11:00:42,成都,武侯区,27.3,4.5
TO202401012881,U10508,鲜外卖,轻食沙拉,59.53,2026-07-28 12:28:33,杭州,上城区,46.8,4.5
TO202401012882,U10890,优汉堡味道,西餐,31.39,2026-08-03 17:19:32,长沙,芙蓉区,27.7,4.0
TO202401012883,U10340,鼎大饭店,甜品蛋糕,33.75,2026-08-05 12:54:01,广州,番禺区,52.3,4.0
TO202401012884,U11750,正记餐厅,烧烤,8.0,2026-07-19 17:41:20,天津,河北区,32.9,4.5
TO202401012885,U11624,豪私房菜,甜品蛋糕,19.83,2026-07-21 16:42:05,南京,玄武区,62.6,4.5
TO202401012886,U10312,御记餐厅,饺子馄饨,13.47,2026-07-15 12:51:27,西安,碑林区,45.0,5.0
TO202401012887,U11654,大美食,汉堡薯条,29.86,2026-08-06 21:51:24,天津,和平区,64.7,4.5
TO202401012888,U11290,御厨快餐,烧烤,8.0,2026-08-01 17:53:08,大连,中山区,25.2,4.0
TO202401012889,U10792,豪川湘私房菜,奶茶果汁,40.44,2026-07-16 21:14:29,深圳,宝安区,48.4,5.0
TO202401012890,U10671,银日料餐厅,日料寿司,21.52,2026-08-09 18:33:20,杭州,拱墅区,35.2,4.0
TO202401012891,U10942,御奶茶厨快餐,日料寿司,51.93,2026-08-01 14:25:41,重庆,南岸区,10.8,4.0
TO202401012892,U10869,正川湘小馆,川湘菜,31.16,2026-07-14 12:04:54,武汉,江汉区,10.0,4.5
TO202401012893,U10889,鼎食堂,奶茶果汁,37.48,2026-07-20 22:58:14,广州,白云区,37.8,5.0
TO202401012894,U10204,豪西餐厨快餐,麻辣烫,56.34,2026-07-17 08:09:05,郑州,中原区,33.3,4.5
TO202401012895,U10207,百汉堡厨快餐,奶茶果汁,120.84,2026-07-14 17:36:33,北京,东城区,58.6,5.0
TO202401012896,U11025,鲜记餐厅,轻食沙拉,74.63,2026-07-22 17:40:16,深圳,龙岗区,33.2,4.0
TO202401012897,U10418,小私房菜,汉堡薯条,10.96,2026-08-11 11:31:42,成都,高新区,24.7,5.0
TO202401012898,U10309,豪餐厅,甜品蛋糕,63.9,2026-08-09 19:32:39,北京,朝阳区,31.4,5.0
TO202401012899,U11265,万小馆,快餐便当,42.54,2026-07-22 21:41:49,北京,东城区,26.3,4.5
TO202401012900,U10648,御奶茶厨快餐,披萨意面,29.13,2026-07-26 18:22:39,深圳,福田区,31.3,5.0
TO202401012901,U10876,鲜烧烤外卖,快餐便当,31.58,2026-08-09 00:30:30,上海,徐汇区,15.4,5.0
TO202401012902,U11685,亿西餐私房菜,汉堡薯条,16.11,2026-08-08 22:06:25,南京,玄武区,30.9,3.0
TO202401012903,U10178,百川湘私房菜,日料寿司,35.65,2026-07-19 20:02:18,广州,荔湾区,51.5,5.0
TO202401012904,U10045,亿甜品小馆,饺子馄饨,8.0,2026-07-24 07:14:12,成都,金牛区,50.1,5.0
TO202401012905,U10968,香私房菜,麻辣烫,70.49,2026-07-22 12:26:29,上海,长宁区,25.7,4.5
TO202401012906,U10998,鲜私房菜,日料寿司,34.64,2026-07-15 00:22:57,成都,金牛区,11.9,4.5
TO202401012907,U11409,万小馆,奶茶果汁,53.96,2026-07-26 08:04:11,武汉,洪山区,42.3,4.5
TO202401012908,U10758,鲜外卖,面食小吃,38.55,2026-07-23 19:36:51,天津,南开区,53.4,4.5
TO202401012909,U10607,亿厨快餐,麻辣烫,17.23,2026-08-02 22:55:55,广州,白云区,41.6,4.5
TO202401012910,U11286,亿记餐厅,粤菜,23.79,2026-07-28 06:17:11,长沙,望城区,40.7,4.0
TO202401012911,U11033,亿味道,饺子馄饨,41.08,2026-07-16 06:04:54,北京,朝阳区,10.0,5.0
TO202401012912,U10487,百奶茶食府,火锅,26.02,2026-07-30 11:25:49,深圳,南山区,41.8,5.0
TO202401012913,U10830,正川湘小馆,奶茶果汁,57.34,2026-08-02 11:44:55,杭州,下城区,40.1,5.0
TO202401012914,U10227,味厨快餐,火锅,8.0,2026-07-13 18:06:50,成都,武侯区,40.3,4.5
TO202401012915,U11525,鲜记餐厅,汉堡薯条,37.02,2026-07-17 21:53:51,西安,新城区,43.2,4.0
TO202401012916,U11514,百汉堡厨快餐,粤菜,21.22,2026-07-23 16:29:24,成都,成华区,27.9,5.0
TO202401012917,U10775,亿麻辣大饭店,饺子馄饨,25.2,2026-07-13 18:03:43,苏州,吴中区,44.3,5.0
TO202401012918,U11233,正烧烤小馆,粤菜,68351.93,2026-08-03 08:37:13,武汉,武昌区,34.6,5.0
TO202401012919,U10684,御奶茶小馆,奶茶果汁,67.72,2026-07-22 18:40:18,广州,荔湾区,24.4,2.0
TO202401012920,U10025,鲜记餐厅,面食小吃,36.38,2026-07-26 18:54:24,青岛,李沧区,34.0,5.0
TO202401012921,U11556,豪餐厅,轻食沙拉,12.41,2026-07-25 18:46:11,郑州,中原区,39.9,4.5
TO202401012922,U10054,亿麻辣大饭店,轻食沙拉,14.99,2026-07-23 19:04:07,天津,北辰区,29.6,4.0
TO202401012923,U10100,亿美食,披萨意面,146.69,2026-07-25 00:41:04,厦门,湖里区,22.7,4.0
TO202401012924,U11072,鲜轻食大饭店,西餐,75.93,2026-07-27 13:10:33,上海,黄浦区,39.2,4.0
TO202401012925,U10205,大餐厅,甜品蛋糕,8.0,2026-08-05 09:42:37,天津,河北区,39.1,3.5
TO202401012926,U10651,万小馆,火锅,33.52,2026-08-01 19:58:25,深圳,龙华区,37.7,5.0
TO202401012927,U10419,豪西餐厨快餐,日料寿司,44.95,2026-08-02 23:52:10,深圳,龙岗区,44.0,3.5
TO202401012928,U10720,鲜私房菜,快餐便当,43.5,2026-08-06 21:42:29,广州,番禺区,16.4,4.5
TO202401012929,U10247,小私房菜,麻辣烫,31.79,2026-07-25 19:56:51,杭州,西湖区,22.7,5.0
TO202401012930,U11275,亿记餐厅,川湘菜,10.39,2026-08-03 12:28:18,西安,未央区,35.1,2.0
TO202401012931,U10073,亿私房菜,甜品蛋糕,9.66,2026-07-28 13:38:37,武汉,武昌区,24.2,5.0
TO202401012932,U11164,亿甜品小馆,甜品蛋糕,47.63,2026-07-23 12:40:36,上海,闵行区,43.2,4.5
TO202401012933,U10657,真快餐味道,面食小吃,62.17,2026-07-23 18:13:40,武汉,武昌区,44.4,5.0
TO202401012934,U10278,万小馆,川湘菜,27.27,2026-08-03 15:14:15,上海,闵行区,44.5,5.0
TO202401012935,U11206,真外卖,烧烤,52.39,2026-08-10 12:32:07,广州,白云区,45.1,3.5
TO202401012936,U11045,小奶茶记餐厅,火锅,51.47,2026-07-26 17:10:51,苏州,姑苏区,46.3,4.5
TO202401012937,U11327,香私房菜,火锅,28.76,2026-08-05 17:17:43,青岛,市南区,12.2,4.0
TO202401012938,U10257,正记餐厅,奶茶果汁,39.1,2026-08-02 15:30:49,深圳,宝安区,31.0,5.0
TO202401012939,U11203,鲜饺子食府,轻食沙拉,59.43,2026-07-18 11:59:44,广州,海珠区,43.5,5.0
TO202401012940,U11318,鼎食堂,日料寿司,39.08,2026-07-13 12:02:46,大连,西岗区,23.6,5.0
TO202401012941,U11651,大美食,面食小吃,8.0,2026-07-20 11:06:26,上海,静安区,29.4,2.0
TO202401012942,U10123,豪川湘私房菜,快餐便当,57.86,2026-07-24 19:14:49,深圳,南山区,27.0,4.0
TO202401012943,U10002,大餐厅,披萨意面,40.1,2026-08-04 17:16:39,广州,荔湾区,44.1,5.0
TO202401012944,U10318,真美食,奶茶果汁,8.0,2026-07-27 20:39:26,杭州,西湖区,16.8,5.0
TO202401012945,U11751,亿厨快餐,烧烤,29.48,2026-07-18 12:32:56,深圳,罗湖区,30.9,4.5
TO202401012946,U10618,亿记餐厅,轻食沙拉,25.54,2026-07-14 09:53:26,成都,武侯区,62.2,5.0
TO202401012947,U11452,皇奶茶食府,麻辣烫,42.98,2026-08-11 00:11:07,深圳,宝安区,25.4,5.0
TO202401012948,U10784,香私房菜,轻食沙拉,35.06,2026-07-21 15:55:05,重庆,沙坪坝区,26.0,5.0
TO202401012949,U11620,银食府,轻食沙拉,23.61,2026-08-09 20:16:30,厦门,同安区,17.4,5.0
TO202401012950,U11561,亿私房菜,粤菜,44.08,2026-07-14 17:49:22,武汉,江汉区,39.9,5.0
TO202401012951,U11360,亿私房菜,面食小吃,152.88,2026-07-17 18:31:21,上海,黄浦区,42.0,4.5
TO202401012952,U10697,万小馆,饺子馄饨,19.41,2026-07-20 11:43:12,西安,莲湖区,39.5,5.0
TO202401012953,U11488,鲜记餐厅,面食小吃,16.66,2026-08-08 18:56:20,青岛,李沧区,30.9,4.0
TO202401012954,U11317,大餐厅,川湘菜,25.82,2026-08-02 11:51:19,上海,浦东新区,31.0,3.5
TO202401012955,U11051,优食府,粤菜,31.32,2026-07-29 17:32:07,广州,白云区,44.5,5.0
TO202401012956,U11455,皇食堂,汉堡薯条,94.48,2026-07-29 17:18:54,西安,新城区,44.2,5.0
TO202401012957,U11066,真快餐味道,日料寿司,29.98,2026-07-17 18:32:41,成都,锦江区,44.7,4.5
TO202401012958,U10936,亿外卖,甜品蛋糕,47.51,2026-07-28 18:09:29,深圳,罗湖区,54.8,4.0
TO202401012959,U11473,御西餐记餐厅,面食小吃,63.08,2026-07-21 12:40:36,厦门,海沧区,53.4,4.0
TO202401012960,U11571,皇奶茶食府,轻食沙拉,40.44,2026-07-15 08:20:56,重庆,渝中区,39.2,3.5
TO202401012961,U10515,真快餐味道,麻辣烫,33.55,2026-07-17 12:45:00,大连,沙河口区,28.3,4.0
TO202401012962,U11551,正烧烤小馆,麻辣烫,-9.92,2026-08-06 18:49:10,厦门,海沧区,35.4,3.5
TO202401012963,U10405,真美食,饺子馄饨,23.36,2026-07-25 06:28:30,广州,荔湾区,41.9,3.0
TO202401012964,U11022,千厨快餐,披萨意面,47.9,2026-08-02 21:45:25,杭州,余杭区,29.5,4.0
TO202401012965,U10073,豪西餐厨快餐,披萨意面,38.23,2026-07-25 12:50:18,上海,浦东新区,31.7,5.0
TO202401012966,U11647,御厨快餐,火锅,65.57,2026-08-01 19:38:45,北京,通州区,11.3,4.0
TO202401012967,U10364,千厨快餐,披萨意面,55.12,2026-07-22 20:27:47,广州,荔湾区,10.0,5.0
TO202401012968,U11648,小私房菜,麻辣烫,8.51,2026-08-10 18:14:37,成都,高新区,29.2,4.0
TO202401012969,U11333,万味道,面食小吃,59.82,2026-07-29 21:41:12,天津,河东区,31.9,4.5
TO202401012970,U10161,大美食,甜品蛋糕,39.34,2026-08-09 12:41:56,北京,通州区,60.8,4.0
TO202401012971,U10652,银食府,烧烤,24.95,2026-07-19 20:46:27,南京,雨花台区,20.4,4.0
TO202401012972,U11143,小私房菜,轻食沙拉,36.46,2026-07-14 00:30:54,西安,长安区,35.0,5.0
TO202401012973,U11033,亿甜品小馆,粤菜,39.78,2026-07-29 18:39:39,苏州,相城区,23.3,4.5
TO202401012974,U11685,正烧烤小馆,面食小吃,50.04,2026-08-04 11:59:00,大连,西岗区,10.5,4.5
TO202401012975,U10386,亿味道,粤菜,20.84,2026-07-20 11:57:23,广州,海珠区,29.6,3.5
TO202401012976,U10203,皇食堂,甜品蛋糕,25.93,2026-07-23 09:26:13,深圳,南山区,25.5,4.0
TO202401012977,U10020,亿记餐厅,粤菜,46.82,2026-07-22 18:55:51,成都,金牛区,31.4,4.0
TO202401012978,U10997,御奶茶厨快餐,饺子馄饨,43.29,2026-07-27 15:58:57,北京,朝阳区,41.9,3.5
TO202401012979,U10164,亿甜品美食,汉堡薯条,46.93,2026-08-11 11:52:43,天津,和平区,50.0,5.0
TO202401012980,U11396,御汉堡厨快餐,轻食沙拉,40.41,2026-08-05 18:36:48,郑州,惠济区,63.6,4.5
TO202401012981,U11672,银食堂,汉堡薯条,52.88,2026-07-14 11:47:20,上海,浦东新区,31.0,4.5
TO202401012982,U10110,小奶茶记餐厅,粤菜,57.16,2026-08-06 11:06:57,北京,丰台区,36.5,2.0
TO202401012983,U10498,亿甜品小馆,烧烤,38.92,2026-08-08 18:01:01,苏州,高新区,62.4,4.0
TO202401012984,U10048,好麻辣食府,汉堡薯条,49.62,2026-08-02 18:58:02,武汉,洪山区,45.2,4.0
TO202401012985,U10392,味厨快餐,饺子馄饨,21.52,2026-07-28 22:04:27,成都,青羊区,24.9,4.0
TO202401012986,U11319,亿面食厨快餐,川湘菜,61.55,2026-07-30 15:58:54,北京,丰台区,36.2,5.0
TO202401012987,U10602,真快餐味道,快餐便当,51.41,2026-08-03 12:08:06,杭州,上城区,38.1,4.0
TO202401012988,U10096,鲜记餐厅,饺子馄饨,8.0,2026-07-21 11:15:21,北京,通州区,57.7,5.0
TO202401012989,U10267,亿私房菜,西餐,53.29,2026-08-02 10:14:38,大连,西岗区,31.9,4.0
TO202401012990,U11738,亿西餐私房菜,西餐,37.29,2026-08-02 19:38:57,深圳,南山区,10.0,4.0
TO202401012991,U11242,万汉堡小馆,汉堡薯条,14.88,2026-07-25 13:04:13,成都,高新区,35.0,4.0
TO202401012992,U10739,御西餐记餐厅,甜品蛋糕,42.72,2026-07-19 14:40:51,杭州,滨江区,43.2,5.0
TO202401012993,U10457,正食堂,汉堡薯条,47.35,2026-08-03 13:32:51,广州,海珠区,19.8,4.0
TO202401012994,U11297,大餐厅,火锅,22.26,2026-07-13 22:37:42,杭州,余杭区,41.0,5.0
TO202401012995,U10801,御厨快餐,快餐便当,75.84,2026-07-27 18:58:36,郑州,中原区,56.4,5.0
TO202401012996,U10063,银奶茶餐厅,奶茶果汁,18.02,2026-08-06 17:49:15,深圳,罗湖区,28.4,5.0
TO202401012997,U11144,正食堂,麻辣烫,9.95,2026-08-08 00:03:47,杭州,拱墅区,38.4,5.0
TO202401012998,U11739,亿味道,西餐,35.98,2026-07-23 18:46:21,北京,东城区,17.1,3.0
TO202401012999,U11203,皇奶茶食府,川湘菜,28.23,2026-08-02 18:29:29,苏州,高新区,21.5,2.0
TO202401013000,U11364,小味道,轻食沙拉,61.33,2026-07-16 22:06:48,西安,长安区,26.1,5.0
TO202401013001,U11369,千厨快餐,面食小吃,38.03,2026-07-21 19:04:07,广州,白云区,25.2,4.5
TO202401013002,U10559,亿食府,日料寿司,17.52,2026-07-15 20:44:19,重庆,南岸区,31.1,4.5
TO202401013003,U11649,优汉堡餐厅,汉堡薯条,27.25,2026-07-21 21:31:03,上海,徐汇区,20.5,5.0
TO202401013004,U11609,皇食堂,西餐,29.56,2026-08-04 11:10:20,杭州,拱墅区,35.9,5.0
TO202401013005,U11230,香私房菜,饺子馄饨,12.3,2026-08-06 18:49:33,广州,海珠区,28.3,3.5
TO202401013006,U11208,御奶茶小馆,麻辣烫,41.34,2026-07-20 22:32:06,上海,浦东新区,22.7,4.0
TO202401013007,U10190,金厨房,日料寿司,26.64,2026-07-17 15:18:54,广州,白云区,34.0,5.0
TO202401013008,U11612,鲜美食,麻辣烫,59.31,2026-07-19 11:52:16,苏州,相城区,26.4,5.0
TO202401013009,U11492,亿食府,火锅,35.36,2026-07-14 19:03:01,成都,成华区,43.9,5.0
TO202401013010,U10187,亿食府,奶茶果汁,61.93,2026-07-26 05:52:50,郑州,郑东新区,31.3,5.0
TO202401013011,U10023,千厨快餐,汉堡薯条,54.91,2026-07-20 18:07:37,上海,徐汇区,12.9,5.0
TO202401013012,U10542,正外卖,川湘菜,28.96,2026-07-31 11:50:02,广州,荔湾区,39.8,4.0
TO202401013013,U11587,万味道,汉堡薯条,27.01,2026-08-01 21:47:48,长沙,开福区,41.0,5.0
TO202401013014,U10846,亿私房菜,面食小吃,14.34,2026-07-15 18:42:48,上海,长宁区,21.9,4.0
TO202401013015,U11313,豪西餐厨快餐,快餐便当,15.48,2026-07-21 14:49:56,广州,海珠区,64.2,5.0
TO202401013016,U10711,大记餐厅,火锅,33.3,2026-08-07 17:54:42,杭州,下城区,37.8,5.0
TO202401013017,U10061,味小馆,快餐便当,49.79,2026-07-27 18:42:47,南京,建邺区,30.6,4.5
TO202401013018,U10923,银食堂,火锅,11.13,2026-07-21 20:45:42,青岛,崂山区,34.2,4.5
TO202401013019,U10560,豪私房菜,日料寿司,28.68,2026-08-08 12:17:45,广州,海珠区,21.7,5.0
TO202401013020,U11046,御厨快餐,日料寿司,53.18,2026-07-19 12:18:51,广州,白云区,39.2,4.5
TO202401013021,U11608,大记餐厅,火锅,46.21,2026-07-16 19:29:23,广州,荔湾区,14.7,4.5
TO202401013022,U10321,优食府,烧烤,37.43,2026-08-01 13:37:06,青岛,李沧区,37.0,5.0
TO202401013023,U11667,味外卖,麻辣烫,35.23,2026-08-03 17:02:05,天津,河西区,30.8,4.5
TO202401013024,U10213,老厨快餐,烧烤,27.23,2026-07-20 06:36:09,长沙,望城区,38.9,3.5
TO202401013025,U11591,银日料餐厅,烧烤,66.36,2026-07-24 07:08:23,上海,闵行区,43.1,2.0
TO202401013026,U10497,万味道,汉堡薯条,53.48,2026-07-30 21:16:17,广州,番禺区,29.9,5.0
TO202401013027,U10725,鼎食堂,披萨意面,31.76,2026-07-30 12:26:46,苏州,工业园区,62.3,4.0
TO202401013028,U11349,鲜饺子食府,西餐,31.8,2026-08-07 11:46:12,成都,成华区,21.2,4.0
TO202401013029,U10807,豪餐厅,西餐,34.27,2026-07-19 20:59:43,西安,新城区,37.6,2.0
TO202401013030,U11359,优食府,汉堡薯条,167.41,2026-07-24 19:45:01,深圳,宝安区,25.4,5.0
TO202401013031,U11089,亿麻辣大饭店,麻辣烫,10.02,2026-07-23 16:07:01,北京,丰台区,57.9,4.0
TO202401013032,U10276,亿甜品美食,饺子馄饨,56.04,2026-07-21 18:37:22,北京,通州区,60.4,4.0
TO202401013033,U10469,亿西餐私房菜,奶茶果汁,23.85,2026-07-27 19:11:13,青岛,崂山区,27.6,3.0
TO202401013034,U10705,鲜美食,快餐便当,9.04,2026-08-02 16:13:38,西安,碑林区,44.8,4.0
TO202401013035,U11427,大美食,日料寿司,33.21,2026-07-12 14:10:04,北京,西城区,60.4,3.0
TO202401013036,U10730,鲜记餐厅,奶茶果汁,41.15,2026-08-01 13:50:59,大连,高新园区,27.7,5.0
TO202401013037,U11163,优食府,快餐便当,42.83,2026-07-23 00:36:35,北京,朝阳区,49.4,4.0
TO202401013038,U10394,正食堂,汉堡薯条,42.01,2026-08-06 15:54:53,杭州,上城区,31.8,4.5
TO202401013039,U11308,皇食堂,面食小吃,27.06,2026-07-22 20:49:10,苏州,高新区,22.9,5.0
TO202401013040,U10320,鲜美食,面食小吃,37.48,2026-08-02 00:03:30,上海,静安区,37.3,4.5
TO202401013041,U10671,大美食,粤菜,108.15,2026-07-22 11:41:44,南京,建邺区,46.1,5.0
TO202401013042,U10116,小奶茶记餐厅,披萨意面,192.31,2026-07-15 13:50:39,成都,金牛区,36.3,4.5
TO202401013043,U10049,亿美食,西餐,50.57,2026-07-20 08:21:00,北京,丰台区,53.7,3.0
TO202401013044,U10010,真美食,火锅,38.12,2026-07-25 18:33:44,杭州,滨江区,24.6,5.0
TO202401013045,U10596,真快餐味道,麻辣烫,44.41,2026-07-21 07:39:53,武汉,江汉区,30.9,4.5
TO202401013046,U10462,小私房菜,烧烤,56.75,2026-07-25 12:34:58,成都,成华区,49.5,5.0
TO202401013047,U11356,亿厨快餐,轻食沙拉,43.43,2026-08-08 18:44:16,苏州,相城区,31.3,5.0
TO202401013048,U10919,正烧烤小馆,快餐便当,43.64,2026-08-07 21:06:27,广州,越秀区,10.0,3.5
TO202401013049,U10737,万汉堡小馆,火锅,8.0,2026-07-29 20:26:36,成都,高新区,33.5,3.5
TO202401013050,U10878,优汉堡味道,汉堡薯条,9.17,2026-07-14 19:03:25,成都,成华区,12.6,5.0
TO202401013051,U10327,正食堂,甜品蛋糕,44.83,2026-07-19 17:34:39,杭州,滨江区,29.8,5.0
TO202401013052,U10505,亿甜品美食,面食小吃,8.0,2026-07-25 12:43:42,上海,浦东新区,10.3,5.0
TO202401013053,U10764,真快餐味道,饺子馄饨,40.02,2026-07-12 06:40:37,北京,西城区,45.5,3.5
TO202401013054,U11368,正外卖,西餐,80.49,2026-08-08 21:08:48,武汉,汉阳区,44.9,3.0
TO202401013055,U10510,百奶茶食府,快餐便当,77.42,2026-08-04 10:23:24,厦门,集美区,11.9,5.0
TO202401013056,U10371,味小馆,饺子馄饨,37.09,2026-07-26 16:36:22,武汉,洪山区,29.2,4.0
TO202401013057,U10435,银奶茶餐厅,川湘菜,71.52,2026-07-12 17:46:54,深圳,南山区,35.1,4.0
TO202401013058,U10830,味小馆,川湘菜,31.09,2026-08-10 05:57:58,南京,江宁区,57.1,4.0
TO202401013059,U11474,亿甜品美食,披萨意面,30.98,2026-07-27 14:59:34,上海,静安区,60.1,3.5
TO202401013060,U10490,银食府,披萨意面,8.0,2026-07-27 07:02:01,大连,开发区,35.2,5.0
TO202401013061,U10403,鲜粤菜大饭店,面食小吃,49.04,2026-08-04 19:05:46,成都,锦江区,24.7,3.0
TO202401013062,U10162,鼎食堂,轻食沙拉,37.89,2026-08-03 20:57:24,成都,高新区,61.3,5.0
TO202401013063,U11072,亿食府,烧烤,34.46,2026-08-05 20:47:20,杭州,拱墅区,46.6,4.5
TO202401013064,U11486,亿麻辣大饭店,面食小吃,8.0,2026-07-27 08:10:31,苏州,吴江区,34.1,5.0
TO202401013065,U11180,银日料餐厅,披萨意面,46.99,2026-07-25 18:43:36,杭州,上城区,50.0,4.0
TO202401013066,U11355,百奶茶食府,烧烤,8.0,2026-07-16 17:01:00,天津,南开区,40.4,2.0
TO202401013067,U10544,御西餐记餐厅,粤菜,53.34,2026-07-20 19:26:29,西安,新城区,28.6,4.0
TO202401013068,U10202,小麻辣厨快餐,川湘菜,14.13,2026-08-02 13:18:20,厦门,翔安区,42.9,5.0
TO202401013069,U10762,鲜记餐厅,粤菜,41.14,2026-07-23 18:31:58,天津,河西区,17.7,4.0
TO202401013070,U10700,御厨快餐,甜品蛋糕,26.37,2026-08-07 15:25:02,成都,武侯区,32.6,4.0
TO202401013071,U11083,御厨快餐,甜品蛋糕,25.29,2026-08-07 21:04:31,成都,金牛区,42.5,4.5
TO202401013072,U11134,优食府,粤菜,33.24,2026-08-11 15:19:47,武汉,汉阳区,42.1,4.0
TO202401013073,U10071,香私房菜,日料寿司,23.88,2026-07-17 20:29:50,北京,丰台区,19.4,4.0
TO202401013074,U10506,香私房菜,奶茶果汁,23.33,2026-07-21 20:27:12,天津,南开区,30.5,5.0
TO202401013075,U11640,金厨房,烧烤,35.19,2026-07-18 17:57:15,北京,通州区,37.4,3.0
TO202401013076,U10314,豪私房菜,日料寿司,19.36,2026-07-23 16:20:21,重庆,九龙坡区,33.5,5.0
TO202401013077,U10149,鼎小馆,甜品蛋糕,34.63,2026-07-20 13:29:59,北京,朝阳区,48.2,5.0
TO202401013078,U11264,小奶茶记餐厅,轻食沙拉,26.12,2026-07-31 14:59:05,郑州,二七区,26.1,3.0
TO202401013079,U10139,鲜轻食大饭店,川湘菜,11.97,2026-08-05 17:51:36,广州,越秀区,54.7,4.0
TO202401013080,U11587,小奶茶记餐厅,麻辣烫,26.39,2026-07-22 18:57:02,杭州,上城区,19.8,1.0
TO202401013081,U11400,万汉堡小馆,烧烤,31.87,2026-08-09 12:30:26,广州,荔湾区,28.0,4.0
TO202401013082,U10099,亿披萨食府,披萨意面,16.47,2026-08-07 20:31:37,上海,静安区,38.4,3.5
TO202401013083,U11270,御汉堡厨快餐,披萨意面,44.51,2026-08-01 21:54:31,郑州,二七区,19.9,4.0
TO202401013084,U11588,优食府,川湘菜,54.03,2026-08-07 20:12:34,西安,长安区,31.3,5.0
TO202401013085,U10854,味厨快餐,麻辣烫,10.06,2026-07-31 21:46:50,北京,朝阳区,50.1,4.0
TO202401013086,U10318,千奶茶餐厅,奶茶果汁,36.11,2026-07-22 13:40:50,北京,西城区,43.3,5.0
TO202401013087,U10641,万小馆,饺子馄饨,37.95,2026-07-16 11:34:05,西安,未央区,34.4,4.5
TO202401013088,U10709,亿美食,西餐,44.28,2026-07-14 12:10:03,杭州,下城区,42.6,4.0
TO202401013089,U11310,豪私房菜,甜品蛋糕,63.8,2026-08-04 19:13:47,广州,天河区,13.8,3.5
TO202401013090,U10991,小快餐味道,川湘菜,36.79,2026-07-16 12:19:59,天津,和平区,30.1,5.0
TO202401013091,U11002,小奶茶记餐厅,火锅,60.01,2026-08-01 18:15:59,武汉,武昌区,52.6,4.5
TO202401013092,U10218,千奶茶餐厅,西餐,22.29,2026-07-24 14:28:22,深圳,宝安区,36.3,4.5
TO202401013093,U11525,豪餐厅,甜品蛋糕,45.52,2026-08-08 13:06:21,厦门,湖里区,29.3,4.0
TO202401013094,U11749,味外卖,川湘菜,59.04,2026-08-02 20:04:22,广州,荔湾区,41.2,5.0
TO202401013095,U10589,鼎小馆,西餐,10.96,2026-07-25 15:54:47,广州,天河区,30.9,4.5
TO202401013096,U11229,御西餐记餐厅,麻辣烫,133.99,2026-08-08 17:53:08,上海,闵行区,25.2,5.0
TO202401013097,U10370,亿私房菜,饺子馄饨,24.38,2026-07-30 17:50:23,沈阳,大东区,51.4,5.0
TO202401013098,U10666,万小馆,汉堡薯条,49.07,2026-08-09 11:11:02,西安,未央区,18.7,4.0
TO202401013099,U10328,豪私房菜,饺子馄饨,47.83,2026-07-20 12:25:16,北京,通州区,26.6,5.0
TO202401013100,U10307,皇奶茶食府,轻食沙拉,63.02,2026-07-15 10:44:48,天津,河东区,32.7,4.5
TO202401013101,U10913,好麻辣食府,火锅,29.58,2026-07-24 16:20:10,郑州,管城区,35.9,3.5
TO202401013102,U11363,万味道,奶茶果汁,150.56,2026-07-14 21:12:34,重庆,渝中区,26.6,3.5
TO202401013103,U10757,小私房菜,日料寿司,75.23,2026-07-22 19:27:41,重庆,江北区,27.6,5.0
TO202401013104,U10451,味厨快餐,粤菜,49.65,2026-07-29 12:29:41,上海,黄浦区,36.7,4.5
TO202401013105,U10133,亿记餐厅,烧烤,8.0,2026-07-23 19:48:42,广州,荔湾区,47.4,4.0
TO202401013106,U11054,优食府,汉堡薯条,48.78,2026-07-18 10:20:31,苏州,吴江区,65.9,4.0
TO202401013107,U10843,小味道,快餐便当,41.96,2026-07-24 18:22:45,天津,河北区,24.6,5.0
TO202401013108,U10809,鲜外卖,面食小吃,40.76,2026-08-09 21:14:45,苏州,吴江区,54.4,4.5
TO202401013109,U11203,豪西餐厨快餐,披萨意面,40.51,2026-07-15 17:11:56,广州,越秀区,38.8,5.0
TO202401013110,U10438,香私房菜,麻辣烫,41.59,2026-07-31 11:25:26,西安,未央区,36.3,4.5
TO202401013111,U11595,真外卖,火锅,48.48,2026-07-13 08:50:31,南京,秦淮区,48.3,5.0
TO202401013112,U11379,亿面食厨快餐,甜品蛋糕,49.11,2026-07-21 22:12:38,重庆,江北区,48.4,5.0
TO202401013113,U10111,好麻辣食府,西餐,23.15,2026-07-29 04:51:27,深圳,福田区,19.0,5.0
TO202401013114,U10319,亿面食厨快餐,烧烤,194.11,2026-08-01 18:48:31,杭州,上城区,45.5,4.5
TO202401013115,U10430,大美食,日料寿司,196.13,2026-07-23 12:35:14,深圳,宝安区,42.6,4.5
TO202401013116,U10338,御奶茶小馆,西餐,23.99,2026-08-03 21:01:33,杭州,余杭区,49.0,4.5
TO202401013117,U10325,千厨快餐,奶茶果汁,45.98,2026-07-23 19:09:13,天津,河北区,15.5,4.0
TO202401013118,U11490,鲜外卖,西餐,45.46,2026-08-03 20:58:34,重庆,南岸区,20.2,2.0
TO202401013119,U10205,正记餐厅,甜品蛋糕,48.74,2026-08-01 12:16:56,上海,闵行区,26.2,5.0
TO202401013120,U11513,大美食,粤菜,24.09,2026-07-15 07:24:55,西安,未央区,34.4,5.0
TO202401013121,U11544,银食府,川湘菜,59.12,2026-08-09 18:10:17,杭州,拱墅区,32.1,3.5
TO202401013122,U10470,正记餐厅,烧烤,59.19,2026-08-01 18:05:33,厦门,翔安区,30.5,4.0
TO202401013123,U11186,亿厨快餐,烧烤,50.33,2026-08-10 11:41:15,北京,丰台区,24.0,5.0
TO202401013124,U10507,小私房菜,饺子馄饨,53.31,2026-07-14 10:53:50,成都,成华区,28.1,2.0
TO202401013125,U10063,百奶茶食府,川湘菜,46.1,2026-08-07 10:51:01,北京,通州区,38.9,5.0
TO202401013126,U10444,豪川湘私房菜,烧烤,46.21,2026-07-15 10:04:59,上海,静安区,55.7,4.0
TO202401013127,U10383,亿味道,披萨意面,38.72,2026-07-29 08:31:02,苏州,高新区,40.6,4.5
TO202401013128,U11178,小味道,快餐便当,60.35,2026-07-22 02:54:15,上海,静安区,46.9,5.0
TO202401013129,U10435,百川湘私房菜,烧烤,52.64,2026-07-15 17:48:47,西安,长安区,41.4,3.5
TO202401013130,U10640,千奶茶餐厅,粤菜,8.0,2026-07-19 23:50:55,长沙,雨花区,33.7,3.0
TO202401013131,U10288,万汉堡小馆,麻辣烫,57.07,2026-07-31 09:40:03,杭州,拱墅区,24.0,5.0
TO202401013132,U10413,千奶茶餐厅,川湘菜,34.51,2026-07-14 18:42:46,青岛,李沧区,33.4,3.0
TO202401013133,U10439,百川湘私房菜,烧烤,183.33,2026-07-15 20:10:07,西安,长安区,47.4,3.5
TO202401013134,U10087,正外卖,汉堡薯条,42.61,2026-07-19 18:48:22,西安,新城区,47.1,5.0
TO202401013135,U10791,鼎大饭店,川湘菜,57.63,2026-07-25 17:46:18,上海,浦东新区,60.7,5.0
TO202401013136,U11519,万汉堡小馆,日料寿司,49.55,2026-08-04 13:32:07,北京,通州区,43.3,4.0
TO202401013137,U10478,优汉堡餐厅,麻辣烫,8.0,2026-07-12 12:21:12,西安,新城区,33.9,4.5
TO202401013138,U11379,小味道,火锅,49.84,2026-07-29 08:43:51,上海,静安区,30.4,5.0
TO202401013139,U11080,正川湘小馆,面食小吃,32.83,2026-07-30 12:04:03,天津,和平区,32.6,5.0
TO202401013140,U11007,亿美食,粤菜,37.29,2026-07-21 21:28:03,深圳,龙岗区,49.0,4.5
TO202401013141,U11044,小日料食府,火锅,14.35,2026-08-03 23:41:28,北京,通州区,46.0,5.0
TO202401013142,U10281,小私房菜,麻辣烫,11.78,2026-07-15 21:28:10,深圳,南山区,39.5,3.0
TO202401013143,U10395,正烧烤小馆,快餐便当,43.58,2026-08-06 17:15:08,武汉,江汉区,35.4,5.0
TO202401013144,U10131,豪川湘私房菜,川湘菜,116.34,2026-08-06 17:04:56,成都,青羊区,32.7,4.5
TO202401013145,U11662,亿甜品美食,甜品蛋糕,127.15,2026-08-06 20:30:51,成都,高新区,37.4,4.5
TO202401013146,U10114,鼎小馆,粤菜,67.27,2026-07-29 22:40:42,成都,成华区,48.6,5.0
TO202401013147,U10127,鲜美食,汉堡薯条,55.93,2026-07-21 12:43:05,重庆,渝中区,29.5,5.0
TO202401013148,U11196,味小馆,麻辣烫,40.17,2026-08-06 12:26:31,沈阳,大东区,23.3,3.5
TO202401013149,U10989,鲜轻食大饭店,饺子馄饨,39.58,2026-08-03 09:02:36,广州,荔湾区,39.4,5.0
TO202401013150,U11033,正外卖,西餐,34.48,2026-08-08 18:35:00,天津,南开区,69.8,5.0
TO202401013151,U11089,鲜外卖,面食小吃,22.55,2026-07-22 11:09:03,成都,青羊区,27.5,4.0
TO202401013152,U10389,银食堂,川湘菜,44.09,2026-08-04 13:32:31,武汉,汉阳区,46.8,4.5
TO202401013153,U11178,御奶茶厨快餐,日料寿司,30.73,2026-07-26 18:01:10,西安,长安区,26.2,4.5
TO202401013154,U10508,银日料餐厅,面食小吃,18.4,2026-08-02 19:19:49,重庆,江北区,44.9,4.0
TO202401013155,U11354,亿西餐私房菜,日料寿司,28.93,2026-08-04 19:22:08,广州,番禺区,19.2,4.5
TO202401013156,U11291,正外卖,快餐便当,52.18,2026-07-26 12:55:14,上海,黄浦区,14.3,3.0
TO202401013157,U11412,真外卖,烧烤,55.5,2026-07-25 11:49:03,长沙,开福区,47.3,5.0
TO202401013158,U10444,亿厨快餐,火锅,52.21,2026-07-17 20:13:25,郑州,中原区,56.3,5.0
TO202401013159,U10554,优汉堡味道,轻食沙拉,64.12,2026-07-20 13:51:45,成都,金牛区,52.6,5.0
TO202401013160,U10341,亿私房菜,川湘菜,29.77,2026-07-15 12:56:36,上海,浦东新区,71.9,4.5
TO202401013161,U11278,御西餐记餐厅,汉堡薯条,19.56,2026-07-21 20:49:19,武汉,江岸区,44.8,5.0
TO202401013162,U11026,亿甜品美食,麻辣烫,56.61,2026-07-20 15:39:11,沈阳,皇姑区,24.8,4.5
TO202401013163,U11662,鲜美食,火锅,8.0,2026-07-18 11:58:39,广州,番禺区,18.2,4.5
TO202401013164,U11754,正食堂,西餐,8.0,2026-07-14 12:07:16,广州,天河区,56.2,4.5
TO202401013165,U11515,真外卖,汉堡薯条,66.8,2026-08-08 21:03:21,郑州,二七区,29.3,5.0
TO202401013166,U10786,皇奶茶食府,烧烤,63.22,2026-07-15 12:19:57,北京,丰台区,28.9,4.0
TO202401013167,U10797,御西餐记餐厅,粤菜,33.01,2026-08-11 18:58:17,上海,浦东新区,33.6,4.0
TO202401013168,U11629,豪川湘私房菜,面食小吃,31.94,2026-07-31 11:28:58,北京,丰台区,40.2,4.0
TO202401013169,U10716,银日料餐厅,快餐便当,42.22,2026-08-10 18:24:21,青岛,城阳区,35.3,4.5
TO202401013170,U10984,皇奶茶食府,面食小吃,34.11,2026-07-22 10:12:05,北京,海淀区,35.3,5.0
TO202401013171,U11134,真快餐味道,轻食沙拉,59.96,2026-07-28 19:55:32,青岛,城阳区,30.9,5.0
TO202401013172,U11238,鼎小馆,面食小吃,54.51,2026-08-02 17:09:23,北京,通州区,38.1,5.0
TO202401013173,U11314,鲜记餐厅,奶茶果汁,64.59,2026-07-13 08:04:18,郑州,二七区,46.6,5.0
TO202401013174,U11443,亿外卖,粤菜,80.79,2026-07-19 20:58:27,长沙,芙蓉区,48.8,5.0
TO202401013175,U11566,亿麻辣大饭店,面食小吃,30.96,2026-07-20 22:42:30,南京,雨花台区,27.1,4.5
TO202401013176,U10427,鲜粤菜大饭店,西餐,8.0,2026-07-13 12:30:36,上海,黄浦区,39.3,3.5
TO202401013177,U10648,百奶茶食府,饺子馄饨,14.0,2026-07-21 18:02:23,成都,武侯区,26.5,4.5
TO202401013178,U11129,银奶茶餐厅,甜品蛋糕,31.27,2026-07-29 22:21:51,广州,越秀区,36.1,5.0
TO202401013179,U10035,千厨快餐,火锅,38.7,2026-07-25 01:39:26,重庆,九龙坡区,45.0,3.0
TO202401013180,U10585,大餐厅,面食小吃,14.6,2026-07-15 09:18:08,长沙,芙蓉区,46.3,3.5
TO202401013181,U10830,豪西餐厨快餐,奶茶果汁,8.0,2026-08-07 12:18:03,北京,海淀区,34.6,5.0
TO202401013182,U11396,优食府,饺子馄饨,133.67,2026-07-31 15:29:48,深圳,罗湖区,19.1,3.5
TO202401013183,U11535,亿食府,火锅,8.0,2026-08-08 15:55:16,苏州,工业园区,27.6,4.0
TO202401013184,U10105,亿私房菜,川湘菜,43.98,2026-08-09 21:47:35,北京,海淀区,24.0,3.5
TO202401013185,U11404,万味道,火锅,13.35,2026-08-04 20:54:30,杭州,下城区,26.0,5.0
TO202401013186,U10123,味外卖,川湘菜,65.87,2026-08-05 13:16:43,郑州,二七区,14.0,5.0
TO202401013187,U10579,鲜饺子食府,日料寿司,35.99,2026-07-13 00:35:16,杭州,下城区,24.0,3.0
TO202401013188,U11245,老厨快餐,日料寿司,28.44,2026-07-26 12:53:44,武汉,洪山区,33.8,4.0
TO202401013189,U11046,鼎食堂,麻辣烫,48.08,2026-07-17 12:04:19,西安,莲湖区,44.4,5.0
TO202401013190,U11067,百川湘私房菜,川湘菜,14.17,2026-07-18 20:04:04,北京,海淀区,32.6,4.5
TO202401013191,U11255,豪川湘私房菜,西餐,39.21,2026-08-11 20:12:42,深圳,罗湖区,49.0,4.0
TO202401013192,U10576,亿披萨食府,面食小吃,39.3,2026-07-13 11:53:47,北京,西城区,26.8,5.0
TO202401013193,U10178,味外卖,西餐,21.22,2026-07-25 19:27:03,重庆,江北区,19.5,3.0
TO202401013194,U11481,银奶茶餐厅,西餐,48.09,2026-07-13 10:58:04,青岛,城阳区,36.7,4.0
TO202401013195,U11264,香私房菜,奶茶果汁,51.8,2026-07-26 20:21:48,厦门,海沧区,31.7,5.0
TO202401013196,U10103,御厨快餐,日料寿司,34.99,2026-07-15 12:55:44,广州,白云区,46.3,5.0
TO202401013197,U10386,亿私房菜,奶茶果汁,8.0,2026-07-21 11:52:03,南京,雨花台区,30.5,4.0
TO202401013198,U10035,小奶茶记餐厅,麻辣烫,82.74,2026-08-10 12:41:33,深圳,龙华区,53.3,5.0
TO202401013199,U11669,御奶茶厨快餐,西餐,8.0,2026-07-12 14:45:06,天津,河北区,75.6,5.0
TO202401013200,U10928,银日料餐厅,西餐,22.54,2026-08-09 21:26:18,成都,锦江区,31.6,4.0
TO202401013201,U10322,小日料食府,粤菜,53.3,2026-07-29 07:36:20,广州,越秀区,11.1,4.0
TO202401013202,U11569,大记餐厅,甜品蛋糕,48.31,2026-07-27 11:29:49,天津,河西区,42.5,5.0
TO202401013203,U10683,银日料餐厅,汉堡薯条,43.18,2026-08-01 20:37:19,郑州,惠济区,25.1,4.0
TO202401013204,U10658,鲜饺子食府,奶茶果汁,26.71,2026-07-29 12:52:25,苏州,吴江区,26.7,5.0
TO202401013205,U11077,御记餐厅,西餐,31.56,2026-07-13 08:23:10,天津,和平区,41.6,3.5
TO202401013206,U11565,鲜私房菜,汉堡薯条,14.72,2026-07-20 20:50:04,杭州,下城区,34.8,4.0
TO202401013207,U11314,味小馆,轻食沙拉,12.54,2026-07-23 21:47:59,郑州,中原区,21.6,5.0
TO202401013208,U10066,鼎大饭店,奶茶果汁,25.37,2026-08-08 18:03:51,北京,海淀区,18.4,3.5
TO202401013209,U10261,亿披萨食府,日料寿司,37.69,2026-07-13 11:26:06,广州,荔湾区,44.9,4.5
TO202401013210,U10412,豪餐厅,饺子馄饨,32.28,2026-07-26 20:31:22,郑州,中原区,42.3,3.0
TO202401013211,U10801,大美食,轻食沙拉,49.22,2026-07-27 21:21:58,武汉,汉阳区,41.0,3.5
TO202401013212,U10849,大记餐厅,甜品蛋糕,22.67,2026-07-23 15:44:20,杭州,下城区,44.3,3.5
TO202401013213,U10244,银奶茶餐厅,汉堡薯条,148.24,2026-07-29 13:47:15,郑州,金水区,42.9,5.0
TO202401013214,U10304,豪西餐厨快餐,日料寿司,40.37,2026-07-19 17:26:12,长沙,岳麓区,43.6,5.0
TO202401013215,U10638,大记餐厅,披萨意面,25.09,2026-07-30 08:09:41,南京,鼓楼区,10.0,4.0
TO202401013216,U11514,真外卖,汉堡薯条,8.0,2026-07-29 17:33:30,苏州,工业园区,25.3,1.0
TO202401013217,U10375,味厨快餐,饺子馄饨,34.24,2026-07-14 11:40:03,武汉,武昌区,43.1,3.5
TO202401013218,U11471,小味道,汉堡薯条,44.12,2026-08-03 13:08:15,深圳,龙岗区,35.2,4.5
TO202401013219,U11334,优汉堡餐厅,披萨意面,51.37,2026-08-10 19:05:36,杭州,上城区,13.7,1.0
TO202401013220,U10422,鼎食堂,西餐,102.63,2026-07-22 19:00:26,杭州,余杭区,27.8,4.5
TO202401013221,U11453,亿味道,奶茶果汁,115.76,2026-07-31 12:49:38,成都,武侯区,32.2,5.0
TO202401013222,U11422,御记餐厅,奶茶果汁,27.12,2026-07-26 02:48:08,长沙,芙蓉区,48.6,5.0
TO202401013223,U10309,小味道,奶茶果汁,38.92,2026-07-16 19:50:21,苏州,相城区,30.8,4.0
TO202401013224,U10845,御厨快餐,川湘菜,21.58,2026-07-12 20:54:52,长沙,雨花区,18.1,4.0
TO202401013225,U11560,亿私房菜,西餐,42.72,2026-07-18 18:42:55,北京,东城区,37.2,5.0
TO202401013226,U11262,正记餐厅,西餐,19.02,2026-07-13 21:40:25,杭州,滨江区,40.5,4.0
TO202401013227,U11251,亿美食,粤菜,104.13,2026-07-31 10:54:20,上海,浦东新区,30.2,4.0
TO202401013228,U11364,大餐厅,川湘菜,37.67,2026-07-30 23:01:53,上海,闵行区,46.2,4.0
TO202401013229,U11192,味小馆,快餐便当,8.94,2026-07-20 12:54:44,上海,闵行区,40.9,3.5
TO202401013230,U11582,真快餐味道,火锅,16.33,2026-07-19 13:32:29,天津,北辰区,30.5,4.0
TO202401013231,U11039,御奶茶厨快餐,轻食沙拉,15.14,2026-07-21 17:04:32,上海,静安区,51.9,4.5
TO202401013232,U10503,小麻辣厨快餐,粤菜,18.4,2026-08-08 08:07:17,上海,浦东新区,28.3,4.5
TO202401013233,U11537,鲜粤菜大饭店,汉堡薯条,43.88,2026-07-25 20:08:32,北京,东城区,30.8,3.0
TO202401013234,U10624,大记餐厅,披萨意面,33.02,2026-07-22 12:59:36,长沙,望城区,32.7,5.0
TO202401013235,U10838,真快餐味道,汉堡薯条,34.04,2026-07-18 20:52:16,广州,海珠区,24.5,4.0
TO202401013236,U10069,银日料餐厅,披萨意面,32.69,2026-08-09 17:27:21,西安,碑林区,33.5,3.5
TO202401013237,U11518,优食府,轻食沙拉,25.1,2026-07-30 19:47:28,北京,东城区,34.4,4.0
TO202401013238,U10784,大餐厅,面食小吃,36.45,2026-07-23 01:07:37,苏州,吴中区,30.0,5.0
TO202401013239,U10286,皇食堂,轻食沙拉,8.0,2026-07-19 06:33:31,苏州,吴江区,26.5,5.0
TO202401013240,U10811,老厨快餐,日料寿司,189.55,2026-08-09 18:35:35,长沙,芙蓉区,37.6,4.5
TO202401013241,U10768,优食府,日料寿司,40.14,2026-07-17 01:41:28,沈阳,皇姑区,55.4,2.0
TO202401013242,U11718,亿厨快餐,甜品蛋糕,19.81,2026-07-31 17:44:00,杭州,拱墅区,49.4,4.0
TO202401013243,U10011,真美食,粤菜,39.06,2026-07-13 12:52:28,成都,武侯区,43.6,4.0
TO202401013244,U10724,大美食,面食小吃,8.0,2026-08-11 20:41:34,沈阳,大东区,36.0,5.0
TO202401013245,U10859,豪餐厅,火锅,50.71,2026-07-14 11:13:06,成都,锦江区,47.1,3.5
TO202401013246,U11596,优汉堡味道,日料寿司,15.03,2026-08-04 21:43:02,广州,荔湾区,29.4,3.5
TO202401013247,U10071,鼎小馆,奶茶果汁,41.65,2026-07-30 15:46:00,上海,徐汇区,36.2,5.0
TO202401013248,U10823,御奶茶小馆,奶茶果汁,36.77,2026-07-20 14:48:45,杭州,下城区,45.3,5.0
TO202401013249,U11019,豪川湘私房菜,面食小吃,40.76,2026-08-10 17:17:06,天津,北辰区,50.2,4.5
TO202401013250,U10358,鼎食堂,川湘菜,55.49,2026-07-18 01:18:08,上海,浦东新区,28.8,4.0
TO202401013251,U10601,皇奶茶食府,川湘菜,35.87,2026-08-10 17:02:12,北京,朝阳区,18.7,5.0
TO202401013252,U10285,银食府,面食小吃,161.99,2026-08-06 12:28:39,武汉,江汉区,19.3,4.0
TO202401013253,U11490,大大饭店,甜品蛋糕,8.0,2026-08-01 23:24:54,武汉,汉阳区,51.2,5.0
TO202401013254,U11126,银食堂,面食小吃,47.37,2026-08-08 19:53:19,厦门,思明区,35.9,2.0
TO202401013255,U11164,味轻食味道,川湘菜,44.64,2026-08-01 18:01:33,成都,金牛区,39.7,4.0
TO202401013256,U10250,皇大饭店,轻食沙拉,35.18,2026-08-06 18:11:24,南京,江宁区,26.1,5.0
TO202401013257,U10698,亿甜品美食,披萨意面,39.86,2026-07-29 10:14:52,广州,天河区,31.4,4.5
TO202401013258,U10068,小日料食府,快餐便当,53.68,2026-07-27 17:45:50,成都,武侯区,22.4,5.0
TO202401013259,U10380,百汉堡厨快餐,川湘菜,30.66,2026-08-10 23:20:51,青岛,城阳区,36.2,4.0
TO202401013260,U11222,鲜记餐厅,川湘菜,10.96,2026-07-25 13:31:33,长沙,芙蓉区,36.8,5.0
TO202401013261,U10529,优食府,汉堡薯条,41.82,2026-07-22 19:29:04,青岛,崂山区,46.3,4.5
TO202401013262,U11660,大美食,面食小吃,17.35,2026-07-21 14:48:11,重庆,南岸区,50.1,5.0
TO202401013263,U10213,大餐厅,披萨意面,29.92,2026-07-16 13:53:38,上海,徐汇区,33.3,4.5
TO202401013264,U11507,亿甜品小馆,西餐,19.07,2026-07-25 20:50:14,北京,通州区,32.0,4.5
TO202401013265,U11032,味轻食味道,汉堡薯条,47.63,2026-07-23 18:48:55,沈阳,浑南区,22.8,4.5
TO202401013266,U11281,正记餐厅,粤菜,35.93,2026-07-20 12:03:11,长沙,芙蓉区,24.5,5.0
TO202401013267,U10736,御厨快餐,烧烤,39.05,2026-07-23 18:54:13,苏州,相城区,19.5,4.5
TO202401013268,U11306,御厨快餐,日料寿司,55.22,2026-07-14 08:55:56,苏州,工业园区,21.3,3.0
TO202401013269,U10950,亿披萨食府,日料寿司,92.3,2026-07-12 18:51:10,上海,静安区,25.6,3.5
TO202401013270,U10947,正烧烤小馆,西餐,54.47,2026-08-03 13:10:45,北京,丰台区,28.9,4.5
TO202401013271,U10961,大记餐厅,饺子馄饨,62.02,2026-08-10 23:40:30,成都,青羊区,37.8,1.0
TO202401013272,U11171,正食堂,汉堡薯条,38.44,2026-07-18 16:36:55,成都,高新区,40.7,5.0
TO202401013273,U10802,味厨快餐,火锅,192.68,2026-08-10 21:44:14,苏州,吴江区,50.4,1.0
TO202401013274,U11255,皇奶茶食府,火锅,24.47,2026-07-19 19:58:32,广州,白云区,43.4,3.5
TO202401013275,U10057,真外卖,轻食沙拉,35.58,2026-08-08 21:05:16,杭州,滨江区,31.1,4.5
TO202401013276,U11665,好麻辣食府,日料寿司,26.93,2026-07-16 15:20:42,青岛,城阳区,50.6,4.5
TO202401013256,U11625,优食府,快餐便当,25.91,2026-07-25 19:37:45,深圳,南山区,37.5,4.0
TO202401013278,U10103,大大饭店,披萨意面,8.0,2026-08-06 13:34:20,杭州,上城区,55.0,4.5
TO202401013279,U11310,优汉堡味道,日料寿司,22.52,2026-07-17 02:10:54,郑州,惠济区,44.9,4.0
TO202401013280,U10960,正外卖,粤菜,36.31,2026-07-18 11:25:12,成都,高新区,58.4,5.0
TO202401013281,U11367,鼎大饭店,烧烤,179.04,2026-07-27 01:13:44,深圳,福田区,28.4,5.0
TO202401013282,U10468,小快餐味道,快餐便当,52.05,2026-07-15 19:15:16,武汉,江岸区,20.0,4.0
TO202401013283,U10743,御汉堡厨快餐,烧烤,8.0,2026-07-15 13:49:24,西安,长安区,49.5,4.5
TO202401013284,U10720,鲜烧烤外卖,饺子馄饨,74.61,2026-07-28 12:39:58,北京,朝阳区,21.8,3.5
TO202401013285,U11515,香私房菜,麻辣烫,63.42,2026-07-12 12:27:05,长沙,望城区,39.4,4.0
TO202401013286,U11298,大餐厅,轻食沙拉,11.83,2026-07-21 17:40:06,郑州,金水区,40.9,4.5
TO202401013287,U11114,千奶茶餐厅,火锅,38.55,2026-08-08 10:19:17,天津,河北区,36.2,4.5
TO202401013288,U10433,大大饭店,甜品蛋糕,13.59,2026-08-06 10:04:27,沈阳,沈河区,54.9,5.0
TO202401013289,U11548,皇奶茶食府,甜品蛋糕,40.98,2026-08-03 20:00:29,上海,徐汇区,37.1,4.0
TO202401013290,U10193,正烧烤小馆,面食小吃,15.73,2026-07-17 18:01:22,杭州,西湖区,19.7,4.5
TO202401013291,U11506,豪川湘私房菜,麻辣烫,52.35,2026-08-01 19:31:48,深圳,福田区,41.4,5.0
TO202401013292,U11375,小私房菜,汉堡薯条,35.85,2026-08-02 12:48:37,武汉,硚口区,36.2,4.5
TO202401013293,U10007,鲜美食,披萨意面,29.69,2026-07-17 16:55:43,深圳,龙华区,39.6,5.0
TO202401013294,U10278,正食堂,粤菜,32.11,2026-07-25 12:02:54,上海,静安区,38.6,2.0
TO202401013295,U11519,皇奶茶食府,西餐,35.86,2026-07-19 17:15:03,青岛,市南区,66.0,5.0
TO202401013296,U11390,小日料食府,西餐,40.63,2026-08-05 19:15:35,广州,荔湾区,65.2,4.0
TO202401013297,U10039,亿厨快餐,奶茶果汁,51.5,2026-07-20 17:37:17,重庆,南岸区,51.0,4.0
TO202401013298,U10095,金厨房,火锅,10.37,2026-07-24 12:06:18,沈阳,铁西区,28.9,4.5
TO202401013299,U10056,御汉堡厨快餐,汉堡薯条,18.17,2026-08-10 19:17:59,天津,河西区,14.3,5.0
TO202401013300,U10474,豪私房菜,汉堡薯条,48.03,2026-07-26 11:03:39,武汉,武昌区,37.9,4.5
TO202401013301,U11391,御奶茶厨快餐,粤菜,47.02,2026-07-16 21:54:45,重庆,九龙坡区,35.5,5.0
TO202401013302,U10772,百奶茶食府,西餐,38.91,2026-07-24 18:31:48,广州,白云区,44.7,5.0
TO202401013303,U10216,好麻辣食府,快餐便当,49.93,2026-07-23 08:18:54,上海,长宁区,25.8,5.0
TO202401013304,U11280,千奶茶餐厅,快餐便当,40.16,2026-07-30 16:09:22,上海,静安区,29.6,3.0
TO202401013305,U10903,豪西餐厨快餐,麻辣烫,51.08,2026-07-19 13:25:01,广州,白云区,47.4,4.5
TO202401013306,U10962,大美食,汉堡薯条,60.3,2026-07-25 12:35:59,重庆,九龙坡区,40.6,5.0
TO202401013307,U11699,金厨房,奶茶果汁,24.04,2026-07-20 18:04:15,成都,青羊区,46.8,5.0
TO202401013308,U10813,鲜私房菜,面食小吃,36.04,2026-07-12 22:48:22,苏州,吴中区,46.4,3.5
TO202401013309,U10172,正烧烤小馆,甜品蛋糕,22.04,2026-07-18 17:35:53,重庆,南岸区,36.8,5.0
TO202401013310,U10948,亿味道,烧烤,33.3,2026-08-06 12:21:17,天津,河北区,27.0,4.5
TO202401013311,U11761,味小馆,甜品蛋糕,49.12,2026-07-13 23:29:34,苏州,高新区,39.3,5.0
TO202401013312,U10962,味轻食味道,轻食沙拉,46.81,2026-07-19 13:49:59,杭州,拱墅区,36.6,5.0
TO202401013313,U11017,御汉堡厨快餐,日料寿司,177.24,2026-08-08 19:06:59,郑州,惠济区,42.6,4.0
TO202401013314,U11624,御奶茶厨快餐,西餐,62.69,2026-08-08 06:54:45,南京,建邺区,23.6,4.5
TO202401013315,U10840,银食府,烧烤,19.85,2026-08-01 13:59:36,重庆,渝中区,28.8,5.0
TO202401013316,U10226,鲜饺子食府,日料寿司,75.17,2026-07-13 17:21:28,苏州,姑苏区,34.4,3.0
TO202401013317,U11739,千厨快餐,饺子馄饨,68.86,2026-08-02 17:04:35,深圳,宝安区,30.5,5.0
TO202401013318,U10828,皇食堂,川湘菜,47.08,2026-08-06 16:58:41,武汉,江岸区,48.5,5.0
TO202401013319,U11446,正食堂,奶茶果汁,26.25,2026-08-03 12:35:49,杭州,西湖区,44.9,5.0
TO202401013320,U11538,正烧烤小馆,烧烤,17.73,2026-07-18 16:23:36,成都,武侯区,43.0,5.0
TO202401013321,U10092,亿食府,奶茶果汁,34.67,2026-07-20 12:00:03,武汉,江汉区,25.4,5.0
TO202401013322,U11073,正外卖,麻辣烫,8.0,2026-07-14 13:49:02,苏州,姑苏区,47.7,4.5
TO202401013323,U11205,千厨快餐,甜品蛋糕,58.2,2026-08-01 12:50:19,西安,新城区,57.4,5.0
TO202401013324,U10841,银奶茶餐厅,川湘菜,59.31,2026-07-16 20:07:51,天津,河东区,13.5,5.0
TO202401013325,U11366,银食府,川湘菜,51.3,2026-08-11 14:23:32,天津,河西区,27.2,2.0
TO202401013326,U11208,香私房菜,饺子馄饨,64.35,2026-08-08 20:20:12,杭州,西湖区,31.8,4.5
TO202401013327,U10459,优汉堡餐厅,烧烤,9.97,2026-07-26 17:12:45,成都,武侯区,46.9,5.0
TO202401013328,U11734,鼎大饭店,西餐,31.74,2026-07-22 22:03:02,北京,海淀区,42.7,4.0
TO202401013329,U10210,亿甜品美食,日料寿司,52.32,2026-08-04 00:07:09,深圳,宝安区,24.3,4.0
TO202401013330,U10048,优汉堡味道,奶茶果汁,47.08,2026-07-12 20:48:18,上海,徐汇区,51.7,4.0
TO202401013331,U10070,鲜饺子食府,粤菜,8.0,2026-07-15 21:26:29,杭州,余杭区,51.7,3.5
TO202401013332,U10988,豪餐厅,火锅,54.64,2026-08-10 13:14:36,深圳,福田区,40.8,5.0
TO202401013333,U10043,真快餐味道,粤菜,49.38,2026-07-23 15:57:32,成都,金牛区,49.6,4.5
TO202401013334,U11436,鲜记餐厅,奶茶果汁,41.95,2026-08-02 18:02:42,青岛,李沧区,23.9,5.0
TO202401013335,U10661,千奶茶餐厅,川湘菜,42.49,2026-07-17 19:03:52,北京,海淀区,23.3,4.5
TO202401013336,U10568,味外卖,火锅,43.71,2026-08-03 11:10:40,北京,海淀区,34.0,2.0
TO202401013337,U11063,亿味道,火锅,146.48,2026-08-09 16:27:58,上海,黄浦区,41.7,5.0
TO202401013338,U10607,鼎食堂,火锅,53.9,2026-07-15 13:51:28,成都,青羊区,19.2,4.5
TO202401013339,U10017,优食府,麻辣烫,64.27,2026-07-24 12:01:28,长沙,芙蓉区,36.4,2.0
TO202401013340,U11379,真美食,甜品蛋糕,39.4,2026-07-13 13:31:56,南京,建邺区,25.5,5.0
TO202401013341,U10504,御汉堡厨快餐,日料寿司,56.13,2026-07-28 14:11:59,长沙,望城区,28.8,3.5
TO202401013342,U11546,鼎小馆,粤菜,21.22,2026-07-31 12:22:04,北京,西城区,45.3,4.5
TO202401013343,U10930,真外卖,烧烤,34.95,2026-08-07 11:56:33,厦门,思明区,45.8,2.0
TO202401013344,U10229,真外卖,烧烤,22.73,2026-08-05 12:41:01,苏州,相城区,20.3,4.0
TO202401013345,U10508,亿食府,饺子馄饨,51.6,2026-07-24 18:04:20,成都,锦江区,50.0,4.0
TO202401013346,U10219,鲜外卖,面食小吃,61.23,2026-08-05 21:49:28,上海,闵行区,39.4,2.0
TO202401013347,U11348,正烧烤小馆,奶茶果汁,29.76,2026-07-29 14:39:35,重庆,江北区,34.2,4.5
TO202401013348,U10822,金厨房,汉堡薯条,30.86,2026-07-29 19:55:41,成都,金牛区,15.7,5.0
TO202401013349,U10024,亿记餐厅,披萨意面,56.51,2026-07-19 19:33:54,杭州,滨江区,36.6,4.5
TO202401013350,U11517,御西餐记餐厅,粤菜,199.28,2026-07-13 10:01:12,重庆,沙坪坝区,53.5,4.5
TO202401013351,U11659,真美食,甜品蛋糕,21.01,2026-07-22 22:45:14,西安,雁塔区,49.4,4.0
TO202401013352,U10280,鲜烧烤外卖,麻辣烫,19.21,2026-08-10 19:04:06,北京,海淀区,41.6,5.0
TO202401013353,U11482,皇大饭店,甜品蛋糕,36.62,2026-08-08 22:53:27,青岛,李沧区,28.4,4.0
TO202401013354,U10539,银日料餐厅,轻食沙拉,44.05,2026-07-24 10:29:52,杭州,上城区,19.4,4.0
TO202401013355,U11727,正川湘小馆,粤菜,41.61,2026-07-30 20:24:00,重庆,南岸区,29.8,5.0
TO202401013356,U11762,金厨房,川湘菜,56.02,2026-08-10 12:45:57,成都,武侯区,20.4,4.5
TO202401013357,U10811,优汉堡味道,川湘菜,47.33,2026-07-21 17:22:54,北京,朝阳区,38.1,4.0
TO202401013358,U10266,豪餐厅,披萨意面,28.24,2026-07-23 16:09:56,北京,东城区,10.0,5.0
TO202401013359,U10381,银奶茶餐厅,汉堡薯条,57.63,2026-08-11 23:57:46,广州,荔湾区,33.0,5.0
TO202401013360,U11032,小味道,粤菜,38.82,2026-08-07 13:53:59,郑州,郑东新区,21.3,5.0
TO202401013361,U11721,鲜饺子食府,川湘菜,17.84,2026-07-18 11:56:02,深圳,龙岗区,33.7,3.0
TO202401013362,U10780,真外卖,麻辣烫,42.82,2026-07-28 17:59:32,重庆,沙坪坝区,40.2,5.0
TO202401013363,U11651,百川湘私房菜,西餐,31.28,2026-07-24 10:29:27,深圳,龙岗区,28.9,5.0
TO202401013364,U10963,大记餐厅,披萨意面,14.99,2026-07-16 11:47:38,深圳,罗湖区,10.0,4.5
TO202401013365,U10930,鼎大饭店,汉堡薯条,40.69,2026-07-17 22:59:52,苏州,姑苏区,29.8,5.0
TO202401013366,U10586,鲜外卖,西餐,43.27,2026-07-25 17:23:55,重庆,渝中区,31.7,4.0
TO202401013367,U10444,味厨快餐,奶茶果汁,17.63,2026-08-01 12:56:53,上海,徐汇区,20.5,5.0
TO202401013368,U10869,万味道,川湘菜,16.85,2026-08-06 14:42:47,西安,雁塔区,41.0,5.0
TO202401013369,U10125,优汉堡味道,快餐便当,-29.44,2026-07-20 15:40:08,杭州,余杭区,16.1,4.0
TO202401013370,U10960,鲜记餐厅,饺子馄饨,36.58,2026-07-19 19:54:35,武汉,硚口区,37.0,4.5
TO202401013371,U11261,豪餐厅,麻辣烫,44.09,2026-07-31 11:59:47,南京,建邺区,32.3,4.5
TO202401013372,U10098,皇奶茶食府,汉堡薯条,43.29,2026-08-08 15:28:49,广州,海珠区,47.0,4.0
TO202401010051,U10465,御记餐厅,奶茶果汁,48.47,2026-07-28 12:05:06,重庆,沙坪坝区,31.2,1.0
TO202401013374,U10032,千奶茶餐厅,西餐,14.38,2026-08-06 18:34:31,杭州,滨江区,31.3,4.0
TO202401013375,U11541,鲜记餐厅,快餐便当,35.57,2026-07-31 20:49:35,深圳,龙华区,52.7,5.0
TO202401013376,U10111,亿食府,轻食沙拉,16.4,2026-08-02 19:15:43,郑州,惠济区,27.2,4.5
TO202401013377,U10911,鼎小馆,面食小吃,20.28,2026-07-14 13:42:45,深圳,宝安区,22.3,4.0
TO202401013378,U10460,御奶茶小馆,火锅,8.77,2026-07-28 19:33:50,重庆,渝中区,42.6,5.0
TO202401013379,U11532,亿甜品美食,麻辣烫,66.87,2026-08-04 12:50:37,南京,建邺区,59.1,4.5
TO202401013380,U10821,真外卖,面食小吃,32.6,2026-07-22 18:05:39,广州,番禺区,43.2,4.5
TO202401013381,U11167,亿私房菜,粤菜,76.81,2026-07-23 20:18:49,青岛,城阳区,27.8,4.0
TO202401013382,U10061,小快餐味道,粤菜,57.57,2026-07-31 19:50:08,杭州,余杭区,36.9,5.0
TO202401013383,U10696,大餐厅,烧烤,22.51,2026-08-05 18:38:03,广州,白云区,41.5,5.0
TO202401013384,U10016,百奶茶食府,粤菜,26.28,2026-07-29 13:06:40,郑州,金水区,18.1,4.0
TO202401013385,U10600,真美食,日料寿司,41.17,2026-07-27 15:11:17,广州,海珠区,41.2,3.5
TO202401013386,U10254,真美食,西餐,36.74,2026-08-01 18:52:33,成都,高新区,38.4,5.0
TO202401013387,U10884,鲜轻食大饭店,火锅,33.85,2026-07-14 18:55:58,上海,徐汇区,55.2,5.0
TO202401013388,U10685,万汉堡小馆,披萨意面,29.2,2026-07-26 14:16:57,重庆,渝北区,13.1,3.5
TO202401013389,U10977,鲜烧烤外卖,川湘菜,23.36,2026-07-18 08:19:45,杭州,西湖区,24.7,5.0
TO202401013390,U11725,正川湘小馆,日料寿司,57.74,2026-07-17 16:50:26,郑州,郑东新区,44.0,5.0
TO202401013391,U11535,亿披萨食府,西餐,24.99,2026-08-10 17:31:53,深圳,龙华区,23.1,3.5
TO202401013392,U10446,亿食府,火锅,8.0,2026-07-21 11:24:27,上海,黄浦区,34.9,4.0
TO202401013393,U11507,御记餐厅,西餐,26.89,2026-08-09 20:36:23,苏州,工业园区,10.7,4.5
TO202401013394,U11336,万小馆,烧烤,34.35,2026-07-12 22:48:05,上海,闵行区,17.4,4.0
TO202401013395,U11248,亿麻辣大饭店,奶茶果汁,41.79,2026-07-20 19:47:43,天津,河北区,34.0,5.0
TO202401013396,U10610,正烧烤小馆,奶茶果汁,55.63,2026-08-09 09:36:25,重庆,渝北区,62.4,5.0
TO202401013397,U10126,真快餐味道,奶茶果汁,15.42,2026-07-29 08:38:53,武汉,江汉区,56.5,1.0
TO202401013398,U11517,香私房菜,披萨意面,27.28,2026-08-09 19:03:22,深圳,龙华区,24.3,4.5
TO202401013399,U11493,鲜记餐厅,粤菜,38.61,2026-07-15 11:41:23,广州,白云区,10.0,3.0
TO202401013400,U11219,御汉堡厨快餐,甜品蛋糕,56.76,2026-07-31 17:23:59,重庆,渝北区,57.9,4.0
TO202401013401,U10971,亿披萨食府,麻辣烫,21.1,2026-07-25 15:03:21,苏州,工业园区,46.1,4.0
TO202401013402,U10979,小味道,快餐便当,22.15,2026-07-24 19:59:06,重庆,沙坪坝区,51.6,4.0
TO202401013300,U11669,正川湘小馆,日料寿司,37.23,2026-07-19 19:52:06,重庆,沙坪坝区,41.1,5.0
TO202401013404,U11519,亿麻辣大饭店,汉堡薯条,31.07,2026-07-19 19:54:34,北京,朝阳区,46.0,4.0
TO202401013405,U11364,优食府,火锅,8.0,2026-08-02 18:04:46,杭州,上城区,23.5,4.5
TO202401013406,U10895,亿厨快餐,快餐便当,50.54,2026-07-17 18:23:56,武汉,武昌区,46.0,4.0
TO202401013407,U10294,好麻辣食府,披萨意面,53.22,2026-08-04 17:55:45,苏州,吴中区,59.7,5.0
TO202401013408,U10320,银奶茶餐厅,面食小吃,11.87,2026-07-27 13:57:12,成都,成华区,56.0,5.0
TO202401013409,U10210,小味道,轻食沙拉,26.45,2026-07-27 13:43:23,重庆,渝北区,46.9,4.5
TO202401013410,U10635,皇大饭店,饺子馄饨,8.0,2026-08-09 19:03:33,大连,高新园区,27.0,4.5
TO202401013411,U11393,亿甜品小馆,西餐,26.51,2026-07-22 09:00:20,北京,通州区,33.9,4.5
TO202401013412,U10771,亿厨快餐,披萨意面,8.0,2026-07-20 14:37:13,南京,建邺区,42.2,3.0
TO202401013413,U11175,银奶茶餐厅,奶茶果汁,37.92,2026-07-21 19:15:59,深圳,龙华区,45.0,5.0
TO202401013414,U10234,鲜烧烤外卖,火锅,53.32,2026-07-29 20:09:50,上海,长宁区,21.2,5.0
TO202401013415,U10337,御西餐记餐厅,甜品蛋糕,20.16,2026-07-27 11:56:40,北京,海淀区,35.1,5.0
TO202401013416,U11154,万味道,麻辣烫,35.04,2026-08-08 00:30:08,广州,海珠区,32.2,3.5
TO202401013417,U10649,银日料餐厅,汉堡薯条,143.92,2026-07-23 17:28:15,南京,建邺区,33.2,4.0
TO202401013418,U11079,皇大饭店,面食小吃,21.86,2026-07-25 12:46:14,南京,鼓楼区,42.4,4.5
TO202401013419,U11637,万汉堡小馆,烧烤,64.95,2026-07-27 17:43:22,成都,金牛区,21.1,5.0
TO202401013420,U10694,老厨快餐,烧烤,52.68,2026-08-10 19:59:24,大连,沙河口区,40.1,5.0
TO202401013421,U10785,鲜烧烤外卖,饺子馄饨,48.49,2026-07-20 14:10:05,杭州,拱墅区,46.1,4.5
TO202401013422,U11101,味外卖,麻辣烫,18.94,2026-07-14 17:36:53,长沙,雨花区,33.7,3.5
TO202401013423,U10897,小日料食府,日料寿司,33.74,2026-07-13 19:58:03,西安,新城区,36.7,4.0
TO202401013424,U10257,鲜记餐厅,汉堡薯条,21.94,2026-07-21 12:36:04,深圳,罗湖区,30.8,5.0
TO202401013425,U10761,亿厨快餐,轻食沙拉,82.04,2026-07-30 11:56:58,沈阳,沈河区,46.4,5.0
TO202401013426,U10320,御奶茶厨快餐,麻辣烫,15.67,2026-08-09 12:58:52,西安,新城区,27.3,1.0
TO202401013427,U11334,小私房菜,麻辣烫,8.0,2026-07-30 21:33:31,西安,雁塔区,27.5,4.5
TO202401013428,U11664,金厨房,粤菜,74.9,2026-08-11 15:27:15,苏州,工业园区,43.2,4.5
TO202401013429,U10686,小味道,饺子馄饨,8.0,2026-08-06 13:36:31,广州,荔湾区,10.0,5.0
TO202401013430,U11248,皇食堂,川湘菜,61.91,2026-08-02 12:23:42,郑州,金水区,40.4,5.0
TO202401013431,U10790,百汉堡厨快餐,快餐便当,26.59,2026-07-30 18:44:09,北京,西城区,38.8,5.0
TO202401013432,U11720,亿甜品美食,麻辣烫,49.45,2026-08-01 19:27:31,深圳,罗湖区,44.2,4.5
TO202401013433,U11036,御奶茶厨快餐,烧烤,42.94,2026-07-21 09:56:37,广州,番禺区,12.3,5.0
TO202401013434,U11283,老厨快餐,麻辣烫,40.95,2026-08-02 19:44:35,北京,东城区,24.3,5.0
TO202401013435,U10093,银奶茶餐厅,甜品蛋糕,89.85,2026-08-07 21:02:49,成都,青羊区,40.4,5.0
TO202401013436,U10375,老厨快餐,披萨意面,24.77,2026-07-14 10:06:20,成都,青羊区,40.8,5.0
TO202401013437,U10349,亿面食厨快餐,汉堡薯条,36.15,2026-07-19 17:52:35,厦门,集美区,29.2,4.0
TO202401013438,U11086,银食堂,快餐便当,26.23,2026-07-26 00:56:27,上海,浦东新区,20.6,4.5
TO202401013439,U10331,真外卖,面食小吃,40.41,2026-08-01 16:55:27,成都,金牛区,15.0,4.5
TO202401013440,U11606,银食府,粤菜,8.0,2026-08-01 07:25:30,深圳,罗湖区,39.8,5.0
TO202401013441,U10267,鼎食堂,快餐便当,36.21,2026-07-21 19:20:47,青岛,李沧区,17.2,3.5
TO202401013442,U11107,御汉堡厨快餐,饺子馄饨,17.85,2026-07-22 20:47:34,广州,越秀区,19.1,5.0
TO202401013443,U10043,亿食府,烧烤,36.2,2026-07-17 12:32:18,深圳,宝安区,14.0,5.0
TO202401013444,U10239,小麻辣厨快餐,日料寿司,8.0,2026-08-05 09:03:50,厦门,思明区,41.1,4.5
TO202401013445,U10182,小日料食府,川湘菜,56.92,2026-07-16 19:52:07,北京,通州区,43.8,2.0
TO202401013446,U10069,小私房菜,甜品蛋糕,70.21,2026-07-20 18:22:02,广州,番禺区,41.4,4.5
TO202401013447,U11617,亿面食厨快餐,甜品蛋糕,31.45,2026-07-26 13:57:36,上海,闵行区,32.7,5.0
TO202401013448,U10806,银食堂,面食小吃,161.33,2026-07-31 19:54:57,广州,荔湾区,23.5,4.0
TO202401013449,U11073,味外卖,奶茶果汁,25.21,2026-07-27 20:19:23,上海,徐汇区,47.8,4.5
TO202401013450,U10833,小麻辣厨快餐,粤菜,12.98,2026-08-07 18:16:17,深圳,罗湖区,15.6,4.0
TO202401013451,U10559,小私房菜,披萨意面,20.0,2026-07-13 07:02:16,广州,白云区,47.6,4.5
TO202401013452,U10896,亿美食,甜品蛋糕,37.05,2026-07-24 18:53:20,苏州,吴江区,36.1,5.0
TO202401013453,U11092,大记餐厅,汉堡薯条,26.07,2026-07-18 16:00:37,武汉,汉阳区,35.0,4.5
TO202401013454,U10207,御记餐厅,烧烤,13.31,2026-07-19 18:18:24,上海,浦东新区,24.1,5.0
TO202401013455,U10903,小麻辣厨快餐,甜品蛋糕,62.56,2026-07-24 10:28:14,深圳,宝安区,50.5,5.0
TO202401013456,U11308,银日料餐厅,烧烤,57.38,2026-07-17 20:50:48,杭州,拱墅区,29.5,4.0
TO202401013457,U11335,味外卖,汉堡薯条,8.0,2026-07-13 08:36:41,杭州,下城区,34.3,3.5
TO202401013458,U11576,正烧烤小馆,西餐,54.85,2026-07-15 13:57:17,苏州,工业园区,60.0,5.0
TO202401013459,U11397,御奶茶厨快餐,粤菜,44.12,2026-07-22 20:16:49,北京,西城区,39.7,2.0
TO202401013460,U11174,御西餐记餐厅,披萨意面,32.66,2026-08-08 13:38:18,重庆,沙坪坝区,23.6,4.0
TO202401013461,U11660,小私房菜,饺子馄饨,8.0,2026-08-06 17:16:38,上海,闵行区,34.2,4.5
TO202401013462,U11443,千厨快餐,烧烤,30.75,2026-07-30 21:47:10,上海,黄浦区,41.8,4.5
TO202401013463,U10721,亿厨快餐,烧烤,30.92,2026-07-21 12:48:57,重庆,渝中区,56.2,5.0
TO202401013464,U11092,正烧烤小馆,汉堡薯条,42.83,2026-07-22 09:12:09,上海,徐汇区,23.4,5.0
TO202401013465,U11582,鲜饺子食府,披萨意面,10.29,2026-07-22 20:36:42,长沙,天心区,57.2,4.5
TO202401013466,U10352,小味道,西餐,71.13,2026-07-23 21:32:40,杭州,西湖区,44.8,4.5
TO202401013467,U10215,银食府,麻辣烫,30.92,2026-07-17 11:19:02,上海,浦东新区,27.8,4.5
TO202401013468,U10889,亿记餐厅,轻食沙拉,48.82,2026-07-26 11:56:26,成都,青羊区,44.3,4.5
TO202401013469,U11541,优汉堡味道,甜品蛋糕,36.73,2026-08-07 17:54:18,杭州,滨江区,20.1,4.0
TO202401013470,U10321,小麻辣厨快餐,日料寿司,51.77,2026-07-21 17:12:50,重庆,沙坪坝区,40.5,3.5
TO202401013471,U11323,御奶茶厨快餐,奶茶果汁,29.96,2026-08-05 22:00:58,杭州,余杭区,27.0,3.5
TO202401013472,U10030,味小馆,奶茶果汁,32.05,2026-07-18 13:57:45,苏州,姑苏区,27.1,4.5
TO202401013473,U11491,小快餐味道,面食小吃,47.66,2026-07-29 17:12:12,广州,越秀区,41.3,3.0
TO202401013474,U11222,味外卖,面食小吃,35.03,2026-07-24 17:00:10,北京,西城区,41.5,5.0
TO202401013475,U11368,百汉堡厨快餐,甜品蛋糕,41.68,2026-08-03 18:55:23,杭州,余杭区,33.7,4.0
TO202401013476,U11586,万味道,快餐便当,50.14,2026-07-23 11:51:05,杭州,西湖区,22.8,4.0
TO202401013477,U10357,鲜饺子食府,烧烤,8.0,2026-07-19 13:03:18,杭州,上城区,52.7,2.0
TO202401013478,U11426,鲜饺子食府,披萨意面,49.47,2026-07-29 17:09:59,长沙,开福区,30.0,4.5
TO202401013479,U11084,优汉堡味道,快餐便当,35.18,2026-08-10 09:50:49,大连,甘井子区,38.6,5.0
TO202401013480,U10131,亿味道,甜品蛋糕,24.55,2026-08-06 20:31:59,北京,西城区,25.2,3.5
TO202401013481,U10190,真快餐味道,面食小吃,144.01,2026-07-31 11:27:33,沈阳,皇姑区,52.0,4.5
TO202401013482,U10928,亿私房菜,轻食沙拉,54.47,2026-08-09 09:02:28,青岛,黄岛区,31.1,4.5
TO202401013483,U11618,真快餐味道,麻辣烫,43.2,2026-07-29 11:00:38,广州,越秀区,30.7,5.0
TO202401013484,U10919,大美食,粤菜,31.82,2026-07-26 18:41:59,深圳,南山区,44.6,3.5
TO202401013485,U11220,味轻食味道,麻辣烫,36.22,2026-07-30 08:10:29,杭州,滨江区,40.9,5.0
TO202401013486,U10509,小私房菜,川湘菜,34.67,2026-08-01 11:49:20,上海,长宁区,40.8,3.5
TO202401013487,U11229,鲜外卖,西餐,21.47,2026-07-27 20:18:15,厦门,集美区,24.0,5.0
TO202401013488,U10841,万小馆,披萨意面,58.59,2026-07-26 18:53:36,武汉,江汉区,65.3,5.0
TO202401013489,U10499,好麻辣食府,西餐,32.78,2026-08-06 13:40:41,杭州,拱墅区,36.7,5.0
TO202401013490,U10296,小快餐味道,川湘菜,30.54,2026-08-07 16:29:02,深圳,南山区,32.3,4.5
TO202401013491,U10767,亿甜品小馆,甜品蛋糕,46.78,2026-08-04 23:45:32,郑州,二七区,35.1,4.0
TO202401013492,U10427,亿外卖,麻辣烫,56.03,2026-07-15 08:25:01,成都,锦江区,44.0,3.0
TO202401013493,U10267,鲜粤菜大饭店,日料寿司,30.24,2026-07-17 11:24:03,北京,西城区,27.5,4.0
TO202401013494,U10973,亿私房菜,粤菜,71.73,2026-07-19 13:18:03,长沙,芙蓉区,18.2,5.0
TO202401013495,U11304,御奶茶小馆,火锅,34.6,2026-08-05 12:29:58,成都,成华区,31.3,4.5
TO202401013496,U11656,小日料食府,川湘菜,50.91,2026-07-30 18:00:53,北京,朝阳区,15.7,4.5
TO202401013497,U10491,皇食堂,麻辣烫,16.15,2026-08-11 13:23:05,深圳,宝安区,37.2,5.0
TO202401013498,U11190,皇奶茶食府,奶茶果汁,22.24,2026-08-04 13:06:03,西安,新城区,41.4,5.0
TO202401013499,U10309,豪餐厅,粤菜,19.91,2026-07-25 12:42:19,深圳,宝安区,29.5,5.0
TO202401013500,U10249,御汉堡厨快餐,面食小吃,25.68,2026-07-31 18:53:31,杭州,余杭区,18.0,5.0
TO202401013501,U11765,银食府,汉堡薯条,11.42,2026-07-31 21:59:33,成都,成华区,24.3,4.0
TO202401013502,U11650,御奶茶厨快餐,烧烤,33.54,2026-07-21 22:05:04,杭州,西湖区,54.2,5.0
TO202401013503,U11723,正川湘小馆,汉堡薯条,29.33,2026-08-10 14:04:58,沈阳,大东区,27.8,4.0
TO202401013504,U11516,百奶茶食府,奶茶果汁,48.0,2026-08-01 13:20:19,武汉,江汉区,29.1,5.0
TO202401013505,U10422,亿味道,汉堡薯条,8.0,2026-07-31 19:59:31,广州,天河区,49.9,5.0
TO202401013506,U10332,皇食堂,奶茶果汁,23.82,2026-07-26 17:54:05,北京,海淀区,22.5,5.0
TO202401013507,U11745,御汉堡厨快餐,烧烤,34.73,2026-07-30 12:53:27,大连,甘井子区,38.0,4.0
TO202401013508,U10862,正食堂,奶茶果汁,8.0,2026-08-03 18:55:28,长沙,开福区,25.1,5.0
TO202401013509,U10597,真快餐味道,日料寿司,43.32,2026-07-17 22:45:53,广州,番禺区,37.6,4.5
TO202401013510,U10150,亿私房菜,日料寿司,11.45,2026-07-16 11:53:03,上海,静安区,15.0,5.0
TO202401013511,U10487,正食堂,轻食沙拉,37.96,2026-07-24 11:51:38,青岛,李沧区,29.9,4.5
TO202401013512,U10201,小奶茶记餐厅,饺子馄饨,31.83,2026-07-22 08:48:31,重庆,九龙坡区,44.0,3.0
TO202401013513,U10436,鲜记餐厅,轻食沙拉,20.1,2026-08-05 00:02:49,郑州,惠济区,54.9,4.0
TO202401013514,U11016,好麻辣食府,甜品蛋糕,45.04,2026-07-31 12:27:47,重庆,江北区,29.1,4.0
TO202401013515,U11141,大大饭店,奶茶果汁,28.66,2026-07-31 17:36:53,长沙,岳麓区,25.3,5.0
TO202401013516,U10492,百汉堡厨快餐,烧烤,60.13,2026-07-15 18:40:54,沈阳,大东区,31.5,3.5
TO202401013517,U11361,万味道,面食小吃,16.22,2026-08-11 20:54:38,西安,莲湖区,37.5,5.0
TO202401013518,U10099,正烧烤小馆,快餐便当,17.55,2026-08-06 13:15:04,苏州,吴中区,15.1,3.5
TO202401013519,U10550,优汉堡餐厅,粤菜,10.08,2026-07-26 08:47:07,天津,南开区,33.1,4.0
TO202401013520,U10313,御奶茶厨快餐,汉堡薯条,39.28,2026-07-29 12:50:42,南京,玄武区,33.8,3.0
TO202401013521,U10352,千奶茶餐厅,汉堡薯条,25.27,2026-08-03 13:32:03,杭州,拱墅区,39.9,4.5
TO202401013522,U11698,御记餐厅,麻辣烫,61.88,2026-07-15 17:55:17,成都,高新区,39.0,3.5
TO202401013523,U11028,真外卖,汉堡薯条,95.54,2026-07-31 20:01:32,西安,新城区,29.1,5.0
TO202401013524,U11691,正外卖,奶茶果汁,13.76,2026-08-10 20:29:59,苏州,吴中区,26.9,5.0
TO202401013525,U11743,皇大饭店,饺子馄饨,15.91,2026-07-18 13:31:08,广州,天河区,53.4,5.0
TO202401013526,U11017,鼎大饭店,奶茶果汁,48.52,2026-07-25 18:44:07,郑州,金水区,32.6,4.0
TO202401013527,U11479,亿食府,快餐便当,33.92,2026-07-31 11:31:55,上海,徐汇区,61.2,3.5
TO202401013528,U11451,千奶茶餐厅,麻辣烫,33.82,2026-07-13 17:57:30,南京,玄武区,46.5,5.0
TO202401013529,U10004,御奶茶小馆,火锅,38.49,2026-07-22 17:42:54,深圳,龙华区,26.7,4.5
TO202401013530,U10373,千厨快餐,奶茶果汁,59.09,2026-08-01 15:38:51,深圳,龙华区,31.7,4.0
TO202401013531,U11193,亿食府,汉堡薯条,72.15,2026-07-26 11:46:40,成都,金牛区,52.9,5.0
TO202401013532,U11566,鲜私房菜,麻辣烫,119.38,2026-07-15 20:04:15,广州,天河区,31.8,5.0
TO202401013533,U10432,御厨快餐,披萨意面,37.43,2026-08-10 12:33:53,郑州,管城区,25.2,5.0
TO202401013534,U11761,鲜记餐厅,快餐便当,21.44,2026-07-19 11:02:35,西安,碑林区,35.9,3.5
TO202401013535,U11150,亿甜品美食,面食小吃,51.28,2026-07-29 11:53:53,厦门,翔安区,43.4,2.0
TO202401013536,U10110,大美食,快餐便当,46.87,2026-07-17 11:07:27,上海,静安区,16.9,5.0
TO202401013537,U11463,万小馆,面食小吃,39.66,2026-07-18 08:06:39,南京,雨花台区,62.2,5.0
TO202401013538,U10252,小快餐味道,奶茶果汁,54.22,2026-07-28 11:40:17,武汉,武昌区,33.8,5.0
TO202401013539,U11753,千厨快餐,轻食沙拉,51.85,2026-07-14 12:17:25,天津,河北区,55.1,5.0
TO202401013540,U10540,小私房菜,粤菜,22.41,2026-07-22 11:22:20,沈阳,和平区,23.4,5.0
TO202401013541,U10118,御厨快餐,粤菜,46.25,2026-08-04 05:35:51,北京,朝阳区,50.7,1.0
TO202401013542,U10951,豪川湘私房菜,火锅,43.28,2026-07-27 17:35:48,青岛,李沧区,44.5,5.0
TO202401013543,U10852,鼎大饭店,快餐便当,35.98,2026-07-15 20:51:15,成都,金牛区,38.1,5.0
TO202401013544,U11427,亿披萨食府,汉堡薯条,54.78,2026-08-02 11:57:14,重庆,渝北区,43.4,4.0
TO202401013545,U11403,香私房菜,奶茶果汁,35.39,2026-07-22 19:01:38,沈阳,铁西区,43.1,5.0
TO202401013546,U11660,万汉堡小馆,甜品蛋糕,9.69,2026-07-14 15:49:13,杭州,滨江区,36.5,4.5
TO202401013547,U10373,鲜外卖,西餐,29.57,2026-08-08 12:58:23,上海,浦东新区,34.6,5.0
TO202401013548,U10124,万味道,火锅,24.93,2026-07-16 14:17:59,大连,沙河口区,35.9,3.0
TO202401013549,U10245,豪餐厅,快餐便当,41.35,2026-08-01 03:45:57,长沙,雨花区,56.4,4.5
TO202401013550,U11734,小日料食府,火锅,22.17,2026-08-08 19:02:39,天津,南开区,47.5,4.5
TO202401013551,U11105,正川湘小馆,烧烤,8.0,2026-07-22 21:34:06,重庆,渝北区,26.6,3.5
TO202401013552,U10602,味厨快餐,快餐便当,28.99,2026-08-10 14:47:44,深圳,罗湖区,14.5,4.5
TO202401013553,U10667,亿甜品小馆,西餐,67.8,2026-07-14 22:23:57,大连,沙河口区,47.9,4.0
TO202401013554,U11222,银食府,快餐便当,31.64,2026-07-12 19:03:07,天津,河西区,17.9,4.5
TO202401013555,U10106,鲜粤菜大饭店,川湘菜,67.22,2026-07-14 20:55:40,青岛,市南区,46.5,4.5
TO202401013556,U10100,小味道,快餐便当,51.26,2026-07-14 12:50:17,杭州,滨江区,31.7,5.0
TO202401013557,U10605,万汉堡小馆,饺子馄饨,19.12,2026-07-13 18:16:54,郑州,金水区,48.0,4.0
TO202401013558,U10647,亿甜品美食,日料寿司,26.3,2026-07-23 02:57:35,成都,青羊区,31.8,4.5
TO202401013559,U10218,鲜粤菜大饭店,火锅,34.44,2026-07-28 18:38:21,北京,海淀区,29.8,5.0
TO202401013560,U10044,亿甜品美食,披萨意面,12.66,2026-07-23 17:07:23,上海,闵行区,28.4,5.0
TO202401013561,U11478,鲜粤菜大饭店,轻食沙拉,26.67,2026-08-04 12:40:27,长沙,岳麓区,22.4,3.5
TO202401013562,U10823,鲜记餐厅,快餐便当,36.76,2026-07-31 18:57:14,上海,浦东新区,28.1,4.5
TO202401013563,U11558,御奶茶厨快餐,甜品蛋糕,47.76,2026-08-10 09:32:16,上海,徐汇区,30.4,5.0
TO202401013564,U11753,百汉堡厨快餐,披萨意面,37.97,2026-07-20 12:42:34,青岛,市北区,49.2,3.5
TO202401013565,U11599,银日料餐厅,西餐,39.58,2026-07-20 19:43:17,成都,青羊区,10.0,4.0
TO202401013566,U10626,优汉堡餐厅,轻食沙拉,48.09,2026-08-10 09:54:17,苏州,相城区,29.9,3.0
TO202401013567,U11187,亿食府,川湘菜,8.0,2026-07-21 12:48:55,北京,通州区,28.0,2.0
TO202401013568,U11364,老厨快餐,日料寿司,79.95,2026-08-03 19:31:35,苏州,高新区,38.5,4.5
TO202401013569,U10204,万汉堡小馆,西餐,28.73,2026-07-26 11:33:02,天津,河东区,43.7,5.0
TO202401013570,U11543,香私房菜,粤菜,16.71,2026-08-06 17:19:28,上海,黄浦区,40.3,3.0
TO202401013571,U11251,味轻食味道,汉堡薯条,24.94,2026-07-16 11:23:10,南京,雨花台区,41.3,4.0
TO202401013572,U10239,皇食堂,川湘菜,40.08,2026-07-27 21:00:33,成都,成华区,22.9,5.0
TO202401013573,U10095,正记餐厅,披萨意面,32.32,2026-07-25 19:50:57,深圳,龙华区,17.7,4.5
TO202401013574,U10113,御厨快餐,火锅,32.71,2026-07-26 15:52:07,广州,荔湾区,46.1,3.5
TO202401013575,U11417,万汉堡小馆,火锅,34.44,2026-07-13 09:23:18,沈阳,浑南区,44.8,4.0
TO202401013576,U10551,鼎食堂,火锅,8.0,2026-07-16 13:40:13,成都,金牛区,36.7,4.0
TO202401013577,U10376,百奶茶食府,粤菜,29.25,2026-08-01 15:53:48,西安,长安区,27.7,4.0
TO202401013578,U10962,豪餐厅,面食小吃,40.19,2026-07-13 17:21:13,青岛,李沧区,17.1,3.0
TO202401013579,U11137,银日料餐厅,烧烤,17.58,2026-08-04 15:36:20,南京,江宁区,13.1,3.0
TO202401013580,U11106,皇食堂,饺子馄饨,24.2,2026-08-03 18:27:52,长沙,芙蓉区,40.0,4.0
TO202401013581,U10584,真外卖,粤菜,53.26,2026-07-25 20:16:34,重庆,九龙坡区,58.0,4.0
TO202401013582,U10956,大大饭店,烧烤,48.47,2026-08-10 17:25:51,深圳,南山区,41.8,3.5
TO202401013583,U10683,优汉堡餐厅,披萨意面,19.69,2026-07-15 23:36:04,上海,长宁区,28.8,4.5
TO202401013584,U10975,大大饭店,快餐便当,52.39,2026-08-05 12:11:22,长沙,开福区,37.7,4.5
TO202401013585,U10630,银日料餐厅,快餐便当,41.45,2026-07-16 07:42:02,杭州,滨江区,35.6,3.5
TO202401013586,U10200,小私房菜,快餐便当,42.15,2026-07-21 11:27:36,上海,长宁区,29.3,4.5
TO202401013587,U10615,亿甜品小馆,轻食沙拉,28.17,2026-08-01 18:58:39,北京,西城区,31.1,4.5
TO202401013588,U10731,真美食,火锅,11.33,2026-07-14 09:09:35,广州,越秀区,38.8,4.5
TO202401013589,U10752,亿麻辣大饭店,日料寿司,39.03,2026-08-01 05:12:52,北京,朝阳区,56.8,5.0
TO202401013590,U10425,老厨快餐,火锅,8.0,2026-07-25 17:09:13,沈阳,浑南区,22.7,4.5
TO202401013591,U10494,亿面食厨快餐,川湘菜,20.07,2026-08-03 23:56:10,郑州,郑东新区,33.1,4.0
TO202401013592,U10162,亿西餐私房菜,甜品蛋糕,43.44,2026-07-14 11:52:46,武汉,洪山区,46.8,4.0
TO202401013593,U10569,亿面食厨快餐,川湘菜,28.66,2026-07-24 12:53:21,上海,浦东新区,40.6,4.5
TO202401013594,U11502,金厨房,轻食沙拉,29.04,2026-07-19 15:25:35,苏州,高新区,15.1,3.5
TO202401013595,U10998,老厨快餐,烧烤,45.43,2026-08-06 20:05:51,重庆,沙坪坝区,47.9,5.0
TO202401013596,U11222,御记餐厅,披萨意面,52.47,2026-07-23 18:03:18,杭州,滨江区,36.3,4.0
TO202401013597,U10288,优汉堡餐厅,烧烤,34.17,2026-07-21 20:18:06,南京,秦淮区,21.2,4.5
TO202401013598,U11611,银食府,西餐,26.16,2026-08-02 00:51:06,北京,朝阳区,32.4,5.0
TO202401013599,U10161,银日料餐厅,奶茶果汁,30.39,2026-07-25 14:59:06,北京,海淀区,46.6,5.0
TO202401013600,U10187,味外卖,西餐,28.21,2026-08-01 05:07:46,深圳,南山区,44.1,3.5
TO202401013601,U10736,亿甜品小馆,快餐便当,12.39,2026-08-03 18:42:44,北京,朝阳区,38.8,3.0
TO202401013602,U10436,百汉堡厨快餐,披萨意面,15.7,2026-07-12 21:45:59,天津,南开区,10.0,5.0
TO202401013603,U10847,正外卖,汉堡薯条,61.44,2026-08-01 08:56:55,南京,江宁区,35.6,4.5
TO202401013604,U10851,鲜烧烤外卖,奶茶果汁,60.71,2026-07-30 10:55:10,天津,河东区,29.3,2.0
TO202401013605,U10554,银食府,火锅,25.96,2026-07-20 18:27:59,杭州,下城区,39.2,3.5
TO202401013606,U10694,亿美食,汉堡薯条,174.34,2026-08-06 20:05:04,武汉,江汉区,18.4,3.0
TO202401013607,U11664,银奶茶餐厅,快餐便当,58.21,2026-07-19 08:07:36,郑州,郑东新区,29.3,2.0
TO202401013608,U11012,千厨快餐,甜品蛋糕,62.43,2026-07-26 17:12:51,天津,南开区,19.6,2.0
TO202401013609,U11714,鲜外卖,麻辣烫,48.54,2026-08-06 12:32:53,成都,锦江区,27.6,5.0
TO202401013610,U10224,千厨快餐,火锅,53.97,2026-08-07 19:24:37,上海,长宁区,22.6,4.5
TO202401013611,U10198,御记餐厅,快餐便当,41.9,2026-08-03 10:49:31,长沙,岳麓区,38.8,4.0
TO202401013612,U10348,小麻辣厨快餐,西餐,38.58,2026-07-13 08:31:42,深圳,龙岗区,24.5,5.0
TO202401013613,U10571,御厨快餐,甜品蛋糕,33.06,2026-08-06 12:02:16,西安,未央区,44.8,3.5
TO202401013614,U10089,豪川湘私房菜,火锅,19.77,2026-08-04 19:31:50,大连,沙河口区,24.3,5.0
TO202401013615,U10909,鲜私房菜,烧烤,48.65,2026-07-25 16:26:49,天津,南开区,26.7,4.5
TO202401013616,U10782,万汉堡小馆,汉堡薯条,24.82,2026-07-24 17:32:07,上海,浦东新区,58.5,4.5
TO202401013617,U10462,万小馆,粤菜,38.19,2026-07-13 17:57:16,成都,锦江区,46.1,4.0
TO202401013618,U10077,皇食堂,饺子馄饨,31.47,2026-07-24 19:43:03,重庆,九龙坡区,40.6,5.0
TO202401013619,U10011,鼎小馆,轻食沙拉,35.43,2026-07-14 20:29:22,杭州,西湖区,29.2,3.5
TO202401013620,U10987,鲜私房菜,日料寿司,26.93,2026-07-17 12:23:23,杭州,下城区,36.5,3.0
TO202401013621,U10240,正川湘小馆,奶茶果汁,45.7,2026-08-02 17:10:51,成都,青羊区,21.5,4.5
TO202401013622,U10454,真外卖,日料寿司,24.27,2026-07-30 10:23:10,北京,通州区,37.2,4.5
TO202401013623,U10092,皇大饭店,甜品蛋糕,56.44,2026-08-08 12:44:03,厦门,海沧区,24.0,4.0
TO202401013624,U11104,皇食堂,汉堡薯条,38.5,2026-08-05 18:40:56,武汉,洪山区,19.1,2.0
TO202401013625,U11105,亿味道,麻辣烫,16.74,2026-07-22 13:08:03,上海,黄浦区,32.5,3.5
TO202401013626,U10493,亿西餐私房菜,快餐便当,18.02,2026-07-13 08:25:55,深圳,龙华区,19.6,5.0
TO202401013627,U11542,鲜烧烤外卖,日料寿司,-39.88,2026-08-09 18:56:56,广州,海珠区,27.7,3.5
TO202401013628,U11752,亿美食,麻辣烫,17.53,2026-08-10 13:51:22,西安,碑林区,31.9,5.0
TO202401013629,U10565,优食府,快餐便当,64.31,2026-08-10 13:31:12,苏州,吴中区,25.2,5.0
TO202401013630,U11330,大记餐厅,西餐,8.0,2026-07-24 12:39:28,天津,和平区,24.9,4.0
TO202401013631,U10797,亿外卖,面食小吃,,2026-08-08 18:18:57,青岛,城阳区,37.7,5.0
TO202401013632,U11549,百奶茶食府,烧烤,27.16,2026-08-11 22:15:54,广州,海珠区,13.8,3.0
TO202401013633,U11287,鼎大饭店,轻食沙拉,10.74,2026-08-02 12:41:45,成都,青羊区,44.7,3.5
TO202401013634,U11250,亿美食,川湘菜,12.57,2026-07-29 20:15:30,北京,东城区,50.3,4.5
TO202401013635,U10327,亿西餐私房菜,日料寿司,25.81,2026-08-03 20:03:16,天津,河西区,36.2,4.5
TO202401013636,U11117,亿外卖,轻食沙拉,182.51,2026-08-11 00:49:03,广州,天河区,50.3,3.5
TO202401013637,U10327,金厨房,麻辣烫,49.67,2026-07-26 21:32:49,杭州,下城区,35.0,5.0
TO202401013638,U10654,豪西餐厨快餐,轻食沙拉,62.59,2026-07-25 12:14:11,杭州,西湖区,36.5,5.0
TO202401013639,U11586,皇大饭店,快餐便当,42.19,2026-07-22 12:05:05,北京,海淀区,20.5,4.0
TO202401013640,U10734,亿披萨食府,披萨意面,99765.1,2026-07-18 20:47:44,西安,雁塔区,45.1,4.5
TO202401013641,U10138,亿记餐厅,日料寿司,112.98,2026-07-13 18:52:00,广州,越秀区,35.8,2.0
TO202401013642,U11195,正川湘小馆,西餐,31.89,2026-07-18 19:30:26,武汉,武昌区,28.6,4.5
TO202401013643,U10768,亿美食,火锅,45.09,2026-08-06 11:36:59,广州,荔湾区,44.4,4.5
TO202401013644,U11731,正记餐厅,甜品蛋糕,51.71,2026-08-05 14:09:19,成都,武侯区,14.6,5.0
TO202401013645,U10882,正记餐厅,奶茶果汁,38.36,2026-07-21 23:04:36,北京,通州区,47.5,3.5
TO202401013646,U11622,正食堂,火锅,73.53,2026-08-01 11:42:19,大连,沙河口区,16.6,4.5
TO202401013647,U10476,大餐厅,面食小吃,8.0,2026-08-04 13:48:34,厦门,同安区,16.2,5.0
TO202401013648,U11659,味轻食味道,奶茶果汁,103.82,2026-07-29 20:49:14,成都,成华区,52.9,5.0
TO202401013649,U11250,亿食府,西餐,25.6,2026-07-28 18:15:06,天津,北辰区,24.9,5.0
TO202401013650,U10957,鲜私房菜,饺子馄饨,16.56,2026-07-13 12:49:53,北京,朝阳区,31.3,4.5
TO202401013651,U10846,御奶茶厨快餐,快餐便当,13.85,2026-07-24 19:29:20,杭州,上城区,37.1,4.5
TO202401013652,U10088,豪私房菜,西餐,8.0,2026-07-18 08:35:49,深圳,宝安区,30.1,3.5
TO202401013653,U11072,真快餐味道,麻辣烫,66848.61,2026-08-05 17:10:18,北京,丰台区,35.9,5.0
TO202401013654,U11404,百川湘私房菜,面食小吃,43.91,2026-07-27 18:50:41,北京,丰台区,24.1,4.5
TO202401013655,U11623,御奶茶厨快餐,川湘菜,52.51,2026-08-07 17:36:24,重庆,渝中区,35.8,5.0
TO202401013656,U10545,御记餐厅,火锅,21.39,2026-08-07 10:37:03,青岛,市南区,57.3,4.5
TO202401013657,U11248,亿西餐私房菜,甜品蛋糕,26.37,2026-07-25 19:43:28,杭州,西湖区,31.0,4.0
TO202401013658,U10708,正川湘小馆,烧烤,32.39,2026-07-16 17:33:13,成都,青羊区,54.2,3.0
TO202401013659,U10852,御汉堡厨快餐,面食小吃,71.18,2026-07-29 07:52:51,青岛,崂山区,26.4,5.0
TO202401013660,U11408,皇食堂,日料寿司,42.68,2026-07-26 19:08:24,深圳,龙华区,37.0,1.0
TO202401013661,U10455,皇食堂,面食小吃,11.17,2026-08-03 12:20:59,西安,长安区,15.8,4.0
TO202401013662,U11722,百汉堡厨快餐,西餐,57.83,2026-07-12 18:28:33,杭州,滨江区,64.0,4.0
TO202401013663,U10655,千厨快餐,面食小吃,91.07,2026-08-03 20:33:31,北京,西城区,40.5,4.0
TO202401013664,U10978,味小馆,日料寿司,64.36,2026-07-19 19:12:45,厦门,思明区,45.4,5.0
TO202401013665,U10920,味外卖,粤菜,35.8,2026-07-26 17:46:16,沈阳,大东区,57.8,4.5
TO202401013666,U10902,大美食,烧烤,49.6,2026-07-31 18:26:27,天津,河西区,46.0,3.0
TO202401013667,U11228,千厨快餐,面食小吃,20.95,2026-07-20 01:07:21,西安,未央区,38.6,5.0
TO202401013668,U10864,小麻辣厨快餐,西餐,27.17,2026-07-22 10:57:21,重庆,九龙坡区,26.3,4.5
TO202401013669,U10887,皇食堂,汉堡薯条,53.92,2026-07-29 07:29:10,上海,黄浦区,49.4,5.0
TO202401013670,U10447,百汉堡厨快餐,甜品蛋糕,46.66,2026-07-15 16:28:45,广州,海珠区,31.0,4.5
TO202401013671,U11329,御奶茶厨快餐,粤菜,26.94,2026-08-06 18:38:33,上海,黄浦区,39.4,5.0
TO202401013672,U10106,大记餐厅,轻食沙拉,37.67,2026-07-24 14:05:03,成都,成华区,47.0,4.5
TO202401013673,U10748,百奶茶食府,川湘菜,36.47,2026-08-01 08:19:53,广州,荔湾区,28.0,5.0
TO202401013674,U11637,小奶茶记餐厅,汉堡薯条,57.86,2026-08-03 10:27:26,深圳,南山区,17.0,5.0
TO202401013675,U10661,亿面食厨快餐,火锅,19.38,2026-07-29 20:00:03,广州,天河区,27.7,4.0
TO202401013676,U11005,正记餐厅,披萨意面,20.86,2026-07-19 07:30:56,厦门,翔安区,33.9,4.0
TO202401013677,U11126,御奶茶小馆,面食小吃,21.77,2026-07-17 20:58:41,苏州,吴江区,55.5,4.0
TO202401013678,U10764,小麻辣厨快餐,甜品蛋糕,36.78,2026-08-02 20:03:31,厦门,海沧区,27.1,1.0
TO202401013679,U11013,亿披萨食府,奶茶果汁,20.18,2026-08-03 08:34:43,郑州,金水区,17.6,5.0
TO202401013680,U11615,正烧烤小馆,奶茶果汁,25.65,2026-07-12 10:02:01,重庆,南岸区,39.1,1.0
TO202401013681,U11735,御汉堡厨快餐,奶茶果汁,47.17,2026-07-31 19:26:21,广州,白云区,44.8,5.0
TO202401013682,U10393,小私房菜,面食小吃,56.36,2026-08-01 12:05:26,广州,荔湾区,36.3,3.5
TO202401013683,U11482,豪川湘私房菜,川湘菜,55.53,2026-07-23 18:35:31,西安,莲湖区,27.8,5.0
TO202401013684,U11765,小快餐味道,日料寿司,43.65,2026-07-17 19:33:47,深圳,罗湖区,10.0,5.0
TO202401013685,U11443,正食堂,烧烤,8.0,2026-08-03 02:42:15,青岛,李沧区,10.0,4.5
TO202401013686,U11021,千奶茶餐厅,轻食沙拉,30.1,2026-07-19 19:09:37,重庆,南岸区,24.5,4.5
TO202401013687,U11270,老厨快餐,麻辣烫,33.1,2026-08-11 21:29:08,西安,莲湖区,52.0,5.0
TO202401013688,U11622,鲜烧烤外卖,快餐便当,60.6,2026-08-05 11:49:18,天津,北辰区,47.9,4.5
TO202401013689,U10531,豪餐厅,汉堡薯条,11.35,2026-07-25 12:11:39,北京,丰台区,34.2,5.0
TO202401013690,U10582,大美食,甜品蛋糕,40.68,2026-07-25 16:38:30,上海,黄浦区,34.3,4.0
TO202401013691,U10468,正川湘小馆,川湘菜,61.09,2026-07-31 15:36:36,北京,东城区,45.8,4.0
TO202401013692,U10957,皇食堂,面食小吃,37.06,2026-07-22 10:09:49,沈阳,皇姑区,43.0,5.0
TO202401013693,U10921,好麻辣食府,粤菜,14.21,2026-08-07 11:46:15,苏州,工业园区,26.1,5.0
TO202401013694,U10334,鲜烧烤外卖,川湘菜,41.98,2026-08-07 18:47:30,苏州,相城区,52.8,5.0
TO202401013695,U11015,小私房菜,面食小吃,56.2,2026-07-17 12:09:06,北京,朝阳区,32.5,5.0
TO202401013696,U10040,小麻辣厨快餐,轻食沙拉,124.52,2026-07-31 14:31:03,武汉,汉阳区,37.1,4.5
TO202401013697,U10266,万味道,火锅,34.11,2026-07-18 14:11:59,上海,闵行区,52.5,2.0
TO202401013698,U11620,百汉堡厨快餐,西餐,34.3,2026-08-10 15:33:03,成都,锦江区,48.9,4.5
TO202401013699,U11708,亿厨快餐,日料寿司,46.51,2026-07-27 18:10:44,南京,雨花台区,33.6,4.5
TO202401013700,U11038,优食府,西餐,56.16,2026-08-05 12:17:17,武汉,江汉区,46.3,4.0
TO202401013701,U10214,御汉堡厨快餐,甜品蛋糕,34.84,2026-07-17 11:51:09,大连,高新园区,32.7,3.0
TO202401013702,U10739,亿记餐厅,粤菜,45.69,2026-07-17 21:28:54,西安,莲湖区,13.5,3.0
TO202401013703,U11013,亿记餐厅,轻食沙拉,39.46,2026-07-14 18:36:49,上海,黄浦区,56.1,5.0
TO202401013704,U10041,优汉堡餐厅,饺子馄饨,18.39,2026-07-30 13:06:54,深圳,南山区,37.5,5.0
TO202401013705,U11546,鲜轻食大饭店,快餐便当,8.0,2026-07-28 12:39:49,北京,西城区,25.3,4.0
TO202401013706,U10395,小快餐味道,甜品蛋糕,8.94,2026-07-16 10:20:14,苏州,相城区,33.6,4.0
TO202401013707,U11297,御奶茶小馆,轻食沙拉,16.97,2026-08-08 20:53:57,西安,莲湖区,45.9,4.5
TO202401013708,U11055,鲜记餐厅,火锅,20.58,2026-08-02 21:31:18,天津,南开区,16.0,5.0
TO202401013709,U10053,亿甜品美食,火锅,35.74,2026-08-03 12:42:16,上海,浦东新区,26.9,3.5
TO202401013710,U11215,豪私房菜,日料寿司,34.83,2026-08-03 12:41:19,成都,青羊区,51.4,4.0
TO202401013711,U10569,百奶茶食府,甜品蛋糕,28.51,2026-08-10 17:48:48,重庆,南岸区,28.9,5.0
TO202401013712,U11302,银奶茶餐厅,面食小吃,50.04,2026-08-06 19:28:42,厦门,翔安区,40.1,5.0
TO202401013713,U10062,亿厨快餐,汉堡薯条,18.87,2026-07-25 12:07:57,深圳,龙华区,32.1,5.0
TO202401013714,U10879,鲜烧烤外卖,甜品蛋糕,22.34,2026-07-26 23:30:22,重庆,九龙坡区,30.4,5.0
TO202401013715,U10557,百奶茶食府,饺子馄饨,63.16,2026-08-03 18:50:00,成都,武侯区,31.3,5.0
TO202401013716,U11576,真快餐味道,火锅,28.14,2026-07-24 13:29:24,北京,海淀区,22.5,4.5
TO202401013717,U11064,亿外卖,甜品蛋糕,42.42,2026-08-03 17:30:30,苏州,吴中区,34.2,5.0
TO202401013718,U10636,千厨快餐,川湘菜,24.38,2026-07-17 11:39:50,北京,通州区,58.3,5.0
TO202401013719,U11618,小味道,火锅,41.37,2026-08-06 20:53:21,北京,西城区,57.5,3.5
TO202401013720,U10414,香私房菜,轻食沙拉,9.85,2026-07-17 17:31:45,上海,徐汇区,32.0,5.0
TO202401013721,U11236,亿美食,奶茶果汁,61.44,2026-07-23 12:03:30,武汉,江岸区,49.9,5.0
TO202401013722,U10961,亿甜品美食,甜品蛋糕,54.24,2026-07-14 17:17:07,成都,武侯区,47.0,3.5
TO202401013723,U11125,鲜轻食大饭店,烧烤,13.16,2026-07-15 17:18:26,成都,青羊区,40.4,4.0
TO202401013724,U11058,亿面食厨快餐,粤菜,31.54,2026-08-07 10:55:59,南京,鼓楼区,34.8,4.5
TO202401013725,U11517,真快餐味道,面食小吃,38.43,2026-07-28 21:09:16,成都,成华区,22.0,2.0
TO202401014300,U11167,亿甜品美食,汉堡薯条,47.19,2026-07-25 12:32:11,重庆,江北区,31.7,3.0
TO202401013727,U10442,鲜粤菜大饭店,西餐,78.22,2026-07-27 12:22:01,青岛,李沧区,60.6,4.0
TO202401013728,U11097,正外卖,轻食沙拉,8.0,2026-08-01 08:20:24,长沙,望城区,41.5,5.0
TO202401013729,U10920,亿私房菜,日料寿司,50.43,2026-08-04 13:38:41,杭州,下城区,16.2,4.5
TO202401013730,U10836,百汉堡厨快餐,西餐,39.65,2026-07-29 18:10:42,天津,和平区,27.2,3.5
TO202401013731,U10494,御记餐厅,饺子馄饨,21.88,2026-08-05 10:41:53,沈阳,和平区,27.6,5.0
TO202401013732,U11576,皇大饭店,川湘菜,25.28,2026-07-13 21:38:03,武汉,江汉区,53.4,5.0
TO202401013733,U11440,鲜烧烤外卖,甜品蛋糕,34.67,2026-07-22 17:14:39,天津,和平区,42.0,3.5
TO202401013734,U10102,万味道,披萨意面,56.02,2026-07-25 20:38:03,大连,西岗区,36.9,3.0
TO202401013735,U10196,大餐厅,西餐,68.51,2026-08-08 20:19:55,青岛,市南区,47.4,4.0
TO202401013736,U10701,大美食,粤菜,8.0,2026-07-17 18:10:00,苏州,吴江区,48.0,2.0
TO202401013737,U11438,亿外卖,粤菜,20.28,2026-07-17 23:00:16,沈阳,铁西区,25.4,4.5
TO202401013738,U10189,鼎小馆,火锅,40.69,2026-08-11 06:03:12,杭州,下城区,37.2,3.5
TO202401013739,U10205,鲜外卖,甜品蛋糕,15.42,2026-07-25 19:43:19,南京,雨花台区,24.1,5.0
TO202401013740,U11763,小麻辣厨快餐,奶茶果汁,55.89,2026-08-07 21:11:23,大连,沙河口区,42.1,5.0
TO202401013741,U11182,亿面食厨快餐,披萨意面,35.33,2026-08-06 23:28:58,上海,静安区,16.4,4.5
TO202401013742,U11102,味厨快餐,汉堡薯条,23.92,2026-07-27 11:42:47,重庆,九龙坡区,43.9,5.0
TO202401013743,U10759,大餐厅,奶茶果汁,25.28,2026-07-12 10:41:54,广州,番禺区,45.4,5.0
TO202401013744,U10441,鼎大饭店,奶茶果汁,45.11,2026-08-10 19:15:10,南京,建邺区,30.5,4.5
TO202401013745,U10296,小快餐味道,粤菜,47.61,2026-08-08 19:09:43,上海,徐汇区,34.0,5.0
TO202401013746,U10404,味外卖,火锅,8.0,2026-08-05 15:36:56,上海,徐汇区,46.8,5.0
TO202401013747,U11061,皇奶茶食府,甜品蛋糕,24.92,2026-08-02 20:20:49,北京,西城区,48.0,5.0
TO202401013748,U10368,御奶茶小馆,奶茶果汁,22.56,2026-07-26 18:10:33,郑州,金水区,42.9,4.5
TO202401013749,U11482,银食堂,日料寿司,49.16,2026-07-26 19:56:48,郑州,郑东新区,49.3,3.0
TO202401013750,U10169,银奶茶餐厅,西餐,41.59,2026-07-23 17:52:43,北京,朝阳区,40.0,4.0
TO202401013751,U11570,小快餐味道,披萨意面,173.05,2026-07-14 13:54:08,深圳,南山区,25.1,3.5
TO202401013752,U10863,银食堂,粤菜,36.57,2026-08-09 14:59:21,青岛,李沧区,11.6,4.0
TO202401013753,U11739,亿记餐厅,奶茶果汁,13.36,2026-08-11 23:37:34,杭州,上城区,37.5,4.0
TO202401013754,U11349,鲜粤菜大饭店,饺子馄饨,39.61,2026-08-09 17:04:51,杭州,滨江区,41.1,5.0
TO202401013755,U10680,御西餐记餐厅,麻辣烫,15.47,2026-08-02 13:12:48,天津,河北区,18.2,4.0
TO202401013756,U11702,正烧烤小馆,川湘菜,60.68,2026-07-17 11:00:34,南京,秦淮区,31.1,4.0
TO202401013757,U10770,鲜私房菜,轻食沙拉,36.54,2026-07-30 18:24:07,广州,越秀区,39.0,4.0
TO202401013758,U11083,真外卖,面食小吃,34.42,2026-07-30 18:38:38,西安,新城区,39.7,4.0
TO202401013759,U11038,豪西餐厨快餐,粤菜,52.53,2026-07-16 13:37:33,西安,新城区,35.0,5.0
TO202401013760,U11332,亿甜品小馆,轻食沙拉,23.67,2026-08-03 11:41:12,杭州,西湖区,26.5,4.0
TO202401013761,U11258,银日料餐厅,川湘菜,46.2,2026-07-13 17:39:19,上海,闵行区,38.7,4.5
TO202401013762,U10140,亿披萨食府,轻食沙拉,36.33,2026-08-01 21:56:32,天津,和平区,20.5,5.0
TO202401013763,U10060,御奶茶厨快餐,川湘菜,173.59,2026-07-15 17:11:58,郑州,管城区,30.2,4.5
TO202401013764,U11721,真外卖,麻辣烫,30.54,2026-08-01 12:50:49,深圳,龙岗区,56.4,4.0
TO202401013765,U10148,真美食,汉堡薯条,40.39,2026-08-02 23:54:26,成都,高新区,49.9,4.0
TO202401013766,U11167,千厨快餐,火锅,31.11,2026-07-14 12:32:57,重庆,沙坪坝区,43.5,2.0
TO202401013767,U11076,鲜记餐厅,烧烤,13.43,2026-07-27 19:11:07,大连,甘井子区,29.8,5.0
TO202401013768,U10902,亿面食厨快餐,日料寿司,43.39,2026-07-15 22:57:14,成都,成华区,39.3,4.5
TO202401013769,U10363,银食府,披萨意面,26.19,2026-07-16 11:08:04,北京,朝阳区,35.4,5.0
TO202401013770,U10049,正川湘小馆,汉堡薯条,10.8,2026-07-28 17:55:05,上海,徐汇区,31.6,4.5
TO202401013771,U10087,优汉堡餐厅,轻食沙拉,121.29,2026-08-07 11:25:05,深圳,福田区,29.9,5.0
TO202401013772,U11112,优汉堡餐厅,汉堡薯条,51.64,2026-07-30 20:48:20,天津,河北区,39.8,5.0
TO202401013773,U10638,百奶茶食府,汉堡薯条,21.76,2026-08-10 11:54:36,上海,长宁区,22.4,3.5
TO202401013774,U11005,正外卖,快餐便当,36.58,2026-07-24 13:55:45,郑州,中原区,47.1,4.5
TO202401013775,U10718,小日料食府,奶茶果汁,64.34,2026-07-23 18:36:35,重庆,南岸区,35.9,4.0
TO202401013776,U11707,御奶茶小馆,烧烤,20.94,2026-07-13 22:45:11,大连,沙河口区,40.1,5.0
TO202401013777,U10453,豪餐厅,快餐便当,18.39,2026-07-27 06:57:23,深圳,南山区,16.1,5.0
TO202401013778,U10978,亿面食厨快餐,汉堡薯条,52.15,2026-07-18 20:59:37,南京,秦淮区,15.6,2.0
TO202401013779,U11059,优食府,西餐,175.44,2026-07-22 18:26:26,重庆,江北区,42.5,5.0
TO202401013780,U10802,鲜饺子食府,川湘菜,37.74,2026-07-30 17:55:32,广州,越秀区,35.2,5.0
TO202401013781,U11700,优汉堡餐厅,奶茶果汁,35.51,2026-07-13 18:27:33,深圳,罗湖区,41.1,5.0
TO202401013782,U11761,千奶茶餐厅,川湘菜,8.06,2026-08-08 13:53:23,武汉,江岸区,33.8,5.0
TO202401013783,U11228,大美食,面食小吃,125.04,2026-07-27 19:58:38,上海,浦东新区,36.1,5.0
TO202401013784,U11521,银日料餐厅,轻食沙拉,196.28,2026-07-24 01:38:07,青岛,市南区,18.6,5.0
TO202401013785,U11379,金厨房,川湘菜,8.0,2026-07-26 12:01:17,上海,长宁区,49.5,4.0
TO202401013786,U11308,鼎大饭店,饺子馄饨,8.0,2026-08-03 18:22:27,厦门,湖里区,30.3,3.5
TO202401013787,U10695,小日料食府,烧烤,107.28,2026-07-16 00:54:35,大连,中山区,34.4,4.0
TO202401013788,U11192,亿甜品美食,烧烤,69.81,2026-07-15 12:09:46,杭州,下城区,29.6,4.0
TO202401013789,U11264,优汉堡餐厅,日料寿司,57.96,2026-08-07 13:23:22,深圳,南山区,36.5,5.0
TO202401013790,U11215,正烧烤小馆,奶茶果汁,46.7,2026-07-21 11:20:27,西安,莲湖区,30.1,4.0
TO202401013791,U10238,正川湘小馆,粤菜,24.48,2026-07-13 19:01:36,成都,锦江区,34.1,4.5
TO202401013792,U10026,皇奶茶食府,麻辣烫,50.06,2026-07-25 10:12:26,成都,金牛区,35.4,4.0
TO202401013793,U10382,好麻辣食府,快餐便当,47.08,2026-07-22 21:42:42,深圳,罗湖区,39.4,4.5
TO202401013794,U11257,亿味道,火锅,31.51,2026-07-21 08:23:17,青岛,李沧区,30.1,2.0
TO202401013795,U11266,大餐厅,快餐便当,25.62,2026-07-29 17:28:12,苏州,相城区,29.6,4.0
TO202401013796,U11600,御记餐厅,烧烤,53.98,2026-07-17 17:41:42,苏州,高新区,33.0,4.0
TO202401013797,U10097,大记餐厅,烧烤,33.6,2026-07-24 21:30:24,深圳,龙华区,50.2,5.0
TO202401013798,U11188,豪私房菜,麻辣烫,47.71,2026-08-03 08:55:56,青岛,市南区,31.8,2.0
TO202401013799,U11566,大餐厅,烧烤,32.89,2026-08-07 17:10:32,深圳,南山区,35.6,4.5
TO202401013800,U11109,银奶茶餐厅,火锅,46.51,2026-08-07 12:21:09,广州,番禺区,35.5,3.5
TO202401013801,U10420,亿麻辣大饭店,饺子馄饨,121.87,2026-07-28 22:55:53,长沙,岳麓区,25.9,4.5
TO202401013802,U11662,亿美食,奶茶果汁,8.0,2026-08-06 12:00:27,沈阳,和平区,36.7,4.5
TO202401013803,U10133,银日料餐厅,披萨意面,8.0,2026-07-21 09:27:40,武汉,硚口区,38.4,4.0
TO202401013804,U10600,亿面食厨快餐,火锅,51.01,2026-07-12 01:31:56,重庆,渝北区,42.9,2.0
TO202401013805,U11131,亿面食厨快餐,奶茶果汁,27.16,2026-07-13 14:07:56,厦门,集美区,48.3,4.5
TO202401013806,U11279,正外卖,甜品蛋糕,18.82,2026-08-09 12:51:23,上海,闵行区,41.5,3.0
TO202401013807,U10390,亿私房菜,甜品蛋糕,42.0,2026-07-24 11:30:13,深圳,龙华区,43.2,4.0
TO202401013808,U10478,亿面食厨快餐,奶茶果汁,37.97,2026-07-22 13:20:43,重庆,渝中区,29.6,5.0
TO202401013809,U11120,亿私房菜,川湘菜,64.76,2026-07-24 18:14:09,北京,西城区,28.5,4.0
TO202401013810,U10548,味厨快餐,披萨意面,42.19,2026-07-13 12:46:40,重庆,九龙坡区,37.9,5.0
TO202401013811,U11076,正川湘小馆,奶茶果汁,13.37,2026-07-19 12:42:13,广州,番禺区,38.5,2.0
TO202401013812,U10222,千奶茶餐厅,西餐,45.11,2026-07-22 18:45:07,广州,越秀区,16.2,5.0
TO202401013813,U10247,正食堂,披萨意面,8.0,2026-07-13 11:29:34,深圳,福田区,37.5,5.0
TO202401013814,U10811,金厨房,面食小吃,79.65,2026-08-05 13:19:28,大连,沙河口区,14.1,5.0
TO202401013815,U10549,味外卖,面食小吃,57.44,2026-07-24 11:40:46,深圳,福田区,36.8,3.5
TO202401013816,U10020,大美食,面食小吃,31.63,2026-07-21 18:30:32,上海,浦东新区,10.0,3.5
TO202401013817,U10582,小麻辣厨快餐,饺子馄饨,32.98,2026-08-05 12:04:32,大连,开发区,32.0,5.0
TO202401013818,U10445,小奶茶记餐厅,披萨意面,192.72,2026-07-28 11:04:29,西安,新城区,52.7,4.5
TO202401013819,U10412,大美食,粤菜,49.58,2026-07-29 18:33:05,上海,徐汇区,59.5,4.5
TO202401013820,U10229,亿私房菜,日料寿司,52.6,2026-07-22 18:00:49,沈阳,大东区,26.3,5.0
TO202401013821,U10478,鲜记餐厅,川湘菜,8.0,2026-07-20 11:30:12,广州,荔湾区,22.9,5.0
TO202401013822,U11349,银日料餐厅,麻辣烫,13.52,2026-07-17 15:44:49,上海,闵行区,29.5,3.5
TO202401013823,U10500,御奶茶厨快餐,烧烤,41.41,2026-07-28 06:11:05,深圳,龙岗区,48.2,4.0
TO202401013824,U10327,银奶茶餐厅,轻食沙拉,46.84,2026-07-26 16:25:00,北京,通州区,46.5,5.0
TO202401013825,U10355,大大饭店,面食小吃,58.53,2026-07-28 08:21:44,重庆,南岸区,38.0,4.5
TO202401013826,U10118,大记餐厅,轻食沙拉,22.85,2026-07-30 11:41:34,重庆,九龙坡区,50.0,4.0
TO202401013827,U11694,亿甜品小馆,甜品蛋糕,31.49,2026-08-05 18:33:06,上海,黄浦区,50.5,5.0
TO202401013828,U11760,亿私房菜,火锅,11.4,2026-07-19 22:11:02,杭州,上城区,41.4,4.5
TO202401013829,U10132,御奶茶小馆,烧烤,68.18,2026-08-06 19:10:14,成都,高新区,34.1,4.5
TO202401013830,U10324,亿味道,面食小吃,115.38,2026-08-11 12:04:54,深圳,南山区,55.3,5.0
TO202401013831,U11139,万味道,粤菜,29.46,2026-07-16 17:19:32,上海,长宁区,41.7,4.5
TO202401013832,U11251,亿记餐厅,川湘菜,39.0,2026-08-05 10:28:29,北京,海淀区,34.5,4.0
TO202401013833,U11215,小私房菜,烧烤,8.0,2026-07-24 17:37:03,北京,海淀区,44.2,4.0
TO202401013834,U11762,御奶茶厨快餐,烧烤,8.0,2026-07-24 18:43:15,重庆,九龙坡区,38.5,4.0
TO202401013835,U10694,御奶茶厨快餐,奶茶果汁,12.12,2026-07-26 15:31:56,深圳,罗湖区,32.6,5.0
TO202401013836,U10340,亿厨快餐,饺子馄饨,28.76,2026-08-10 21:32:58,成都,成华区,22.8,3.5
TO202401013837,U10127,亿食府,汉堡薯条,51.74,2026-07-13 10:17:20,南京,秦淮区,35.3,4.5
TO202401013838,U10006,小日料食府,西餐,28.36,2026-07-17 12:37:35,沈阳,铁西区,33.7,5.0
TO202401013839,U10622,银食堂,西餐,45.8,2026-08-04 17:00:14,西安,碑林区,22.7,3.0
TO202401013840,U10246,小味道,面食小吃,54.95,2026-07-17 18:52:35,广州,番禺区,29.5,5.0
TO202401013841,U11619,味轻食味道,川湘菜,58.37,2026-07-30 17:58:00,成都,锦江区,17.7,5.0
TO202401013842,U10135,小麻辣厨快餐,火锅,41.59,2026-07-31 06:43:30,北京,海淀区,19.6,3.5
TO202401013843,U11364,鼎大饭店,川湘菜,19.8,2026-07-22 12:24:13,成都,金牛区,23.6,4.0
TO202401013844,U11562,千奶茶餐厅,汉堡薯条,26.84,2026-08-05 13:55:56,苏州,姑苏区,43.9,4.0
TO202401013845,U11764,豪川湘私房菜,川湘菜,28.49,2026-07-12 05:27:59,北京,西城区,39.1,4.0
TO202401013846,U11438,真美食,汉堡薯条,42.65,2026-07-25 13:51:44,深圳,南山区,43.6,4.5
TO202401013847,U10680,优食府,烧烤,49.75,2026-07-18 19:57:56,杭州,下城区,13.0,5.0
TO202401013848,U10322,亿面食厨快餐,甜品蛋糕,19.88,2026-07-24 11:49:11,深圳,南山区,40.7,4.5
TO202401013849,U11052,鲜轻食大饭店,饺子馄饨,24.96,2026-07-30 13:03:34,西安,未央区,12.4,4.0
TO202401013850,U10532,亿记餐厅,汉堡薯条,52.79,2026-07-13 09:40:01,深圳,龙岗区,66.7,4.5
TO202401013851,U11520,亿麻辣大饭店,奶茶果汁,51.57,2026-07-24 21:56:15,上海,闵行区,22.7,5.0
TO202401013852,U11460,亿外卖,火锅,32.06,2026-07-31 12:13:04,郑州,惠济区,30.3,1.0
TO202401013853,U11140,千厨快餐,麻辣烫,42.18,2026-07-30 05:02:30,天津,河东区,46.2,3.5
TO202401013854,U11325,豪西餐厨快餐,汉堡薯条,14.2,2026-07-23 11:26:22,厦门,思明区,39.8,4.0
TO202401013855,U11187,真外卖,粤菜,17.51,2026-07-21 11:31:29,大连,中山区,36.2,5.0
TO202401013856,U10924,银日料餐厅,汉堡薯条,11.47,2026-07-20 17:30:13,上海,黄浦区,38.2,5.0
TO202401013857,U10568,正记餐厅,奶茶果汁,45.63,2026-08-06 12:16:42,天津,和平区,36.1,3.5
TO202401013858,U10792,千厨快餐,烧烤,23.03,2026-07-28 13:37:28,武汉,江岸区,40.5,4.0
TO202401013859,U10475,豪私房菜,轻食沙拉,33.16,2026-07-25 16:37:25,苏州,高新区,34.1,4.5
TO202401013860,U11406,千奶茶餐厅,饺子馄饨,63.09,2026-07-16 18:20:37,北京,东城区,39.6,4.5
TO202401013861,U10843,豪川湘私房菜,快餐便当,25.68,2026-07-20 14:28:08,广州,荔湾区,42.3,4.5
TO202401013862,U11256,银食府,甜品蛋糕,33.97,2026-07-26 18:35:30,南京,建邺区,39.0,5.0
TO202401013863,U10847,大美食,甜品蛋糕,46.3,2026-07-23 00:28:34,上海,徐汇区,48.4,5.0
TO202401013864,U10961,鼎食堂,快餐便当,20.4,2026-08-01 02:41:41,南京,鼓楼区,45.1,3.5
TO202401013865,U10925,老厨快餐,粤菜,26.04,2026-08-01 18:53:51,北京,丰台区,30.6,2.0
TO202401013866,U10832,银奶茶餐厅,粤菜,66.03,2026-08-05 19:05:48,苏州,吴江区,32.7,4.5
TO202401013867,U10495,小味道,奶茶果汁,38.41,2026-07-24 13:14:50,成都,成华区,50.2,4.5
TO202401013868,U11657,正食堂,甜品蛋糕,31.28,2026-07-16 18:39:33,上海,长宁区,36.3,5.0
TO202401013869,U11330,味小馆,烧烤,66.6,2026-08-04 11:19:17,杭州,西湖区,30.1,2.0
TO202401013870,U11087,银食府,轻食沙拉,30.6,2026-08-01 13:03:57,北京,朝阳区,34.2,5.0
TO202401013871,U10053,千奶茶餐厅,川湘菜,109.53,2026-07-17 00:01:50,广州,白云区,28.6,5.0
TO202401013872,U11608,御汉堡厨快餐,麻辣烫,56.91,2026-07-25 13:02:02,深圳,龙岗区,27.8,5.0
TO202401013873,U11641,鲜饺子食府,西餐,27.31,2026-08-09 20:07:59,天津,和平区,47.2,5.0
TO202401013874,U11521,真外卖,饺子馄饨,8.0,2026-08-10 09:51:11,成都,武侯区,37.7,3.5
TO202401013875,U11631,亿外卖,西餐,31.12,2026-08-06 14:53:39,广州,越秀区,41.5,5.0
TO202401013876,U11579,优食府,快餐便当,70.14,2026-07-14 20:45:42,深圳,宝安区,26.5,3.0
TO202401013877,U10503,味厨快餐,川湘菜,59.09,2026-07-14 11:34:19,西安,莲湖区,41.7,4.5
TO202401013878,U10261,香私房菜,奶茶果汁,23.39,2026-07-18 18:27:23,成都,青羊区,10.6,4.0
TO202401013879,U11232,金厨房,甜品蛋糕,41.46,2026-07-20 22:29:43,苏州,高新区,43.3,5.0
TO202401013880,U11311,正川湘小馆,披萨意面,39.02,2026-08-08 09:19:43,上海,静安区,45.5,3.5
TO202401013881,U10004,鼎大饭店,粤菜,61.63,2026-08-02 20:08:53,上海,闵行区,33.4,4.0
TO202401013882,U11513,正烧烤小馆,饺子馄饨,54.44,2026-08-06 11:32:18,沈阳,和平区,32.4,5.0
TO202401013883,U10283,正川湘小馆,快餐便当,27.85,2026-07-20 09:55:47,北京,通州区,45.6,3.5
TO202401013884,U11284,小奶茶记餐厅,汉堡薯条,29.33,2026-08-09 19:26:45,苏州,吴江区,40.1,5.0
TO202401013885,U10646,万汉堡小馆,烧烤,20.09,2026-07-22 17:13:40,北京,通州区,39.0,5.0
TO202401013886,U10520,优汉堡餐厅,快餐便当,58.62,2026-08-10 17:16:17,深圳,福田区,22.3,4.0
TO202401013887,U10030,味小馆,川湘菜,136.66,2026-08-04 19:13:06,南京,玄武区,22.3,4.5
TO202401013888,U10325,鲜粤菜大饭店,麻辣烫,31.99,2026-08-06 11:17:40,上海,浦东新区,18.1,4.0
TO202401013889,U11034,正记餐厅,甜品蛋糕,11.51,2026-08-01 19:23:45,北京,东城区,57.7,4.0
TO202401013890,U11233,银日料餐厅,饺子馄饨,22.72,2026-08-05 19:28:34,杭州,拱墅区,13.8,4.5
TO202401013891,U10382,大大饭店,披萨意面,18.2,2026-07-13 18:05:34,广州,天河区,34.7,4.5
TO202401013892,U11748,鲜烧烤外卖,面食小吃,10.55,2026-07-22 11:55:53,北京,丰台区,34.0,5.0
TO202401013893,U11416,优汉堡餐厅,披萨意面,37.32,2026-08-05 18:37:54,南京,秦淮区,20.5,4.0
TO202401013894,U10320,鼎小馆,汉堡薯条,27.43,2026-07-22 13:42:20,成都,金牛区,24.5,3.5
TO202401013895,U10270,亿味道,西餐,19.89,2026-07-27 12:28:52,厦门,翔安区,53.8,5.0
TO202401013896,U10426,银日料餐厅,快餐便当,66.18,2026-08-08 07:25:50,深圳,龙华区,18.7,2.0
TO202401013897,U11688,鲜外卖,快餐便当,31.05,2026-08-09 12:31:12,重庆,南岸区,32.7,4.0
TO202401013898,U10370,香私房菜,饺子馄饨,10.67,2026-07-31 17:05:58,重庆,江北区,30.7,5.0
TO202401013899,U10256,小奶茶记餐厅,汉堡薯条,51.22,2026-07-27 11:43:41,上海,长宁区,40.3,5.0
TO202401013900,U10907,味小馆,日料寿司,55.82,2026-07-24 13:30:04,沈阳,皇姑区,34.2,5.0
TO202401013901,U10154,鲜粤菜大饭店,汉堡薯条,59.79,2026-08-02 17:06:43,深圳,龙华区,23.2,4.0
TO202401013902,U11653,鲜粤菜大饭店,轻食沙拉,40.78,2026-07-19 09:10:36,重庆,沙坪坝区,33.3,5.0
TO202401013903,U10197,真快餐味道,西餐,49.93,2026-07-20 22:35:24,深圳,龙华区,36.5,4.0
TO202401013904,U11619,真快餐味道,快餐便当,34.8,2026-08-07 12:53:47,上海,黄浦区,44.7,5.0
TO202401013905,U10080,香私房菜,西餐,43.12,2026-07-19 21:33:34,成都,高新区,30.3,4.5
TO202401013906,U11342,小快餐味道,西餐,47.5,2026-07-13 18:30:39,上海,静安区,13.9,4.0
TO202401013907,U11548,优食府,西餐,22.08,2026-08-04 12:40:55,北京,东城区,17.3,5.0
TO202401013908,U10572,千厨快餐,轻食沙拉,45.88,2026-08-05 11:40:29,南京,玄武区,27.3,4.0
TO202401013909,U11688,老厨快餐,面食小吃,16.56,2026-08-06 02:37:48,南京,鼓楼区,23.7,5.0
TO202401013910,U10541,银食堂,快餐便当,36.64,2026-08-07 12:13:49,广州,番禺区,35.3,5.0
TO202401013911,U10691,正川湘小馆,西餐,45.41,2026-07-17 19:54:02,广州,白云区,35.1,4.5
TO202401013912,U10165,大餐厅,西餐,24.48,2026-08-04 14:18:50,深圳,龙华区,10.0,5.0
TO202401013913,U10358,鲜粤菜大饭店,奶茶果汁,44.17,2026-08-06 18:03:12,长沙,芙蓉区,25.7,4.5
TO202401013914,U11306,小味道,面食小吃,54.89,2026-07-28 21:50:47,重庆,渝中区,27.5,4.0
TO202401013915,U10123,真快餐味道,火锅,116.55,2026-08-02 20:05:06,郑州,惠济区,44.9,3.5
TO202401013916,U11087,小快餐味道,披萨意面,8.62,2026-08-09 10:06:08,重庆,九龙坡区,41.3,5.0
TO202401013917,U10413,鼎小馆,汉堡薯条,29.89,2026-08-11 21:14:58,重庆,九龙坡区,38.7,4.5
TO202401013918,U10629,小快餐味道,烧烤,16.08,2026-08-04 21:34:26,北京,西城区,32.9,4.0
TO202401013919,U10380,味小馆,麻辣烫,19.49,2026-07-22 17:19:27,杭州,上城区,31.7,5.0
TO202401013920,U11393,御奶茶小馆,火锅,21.67,2026-08-09 17:53:36,深圳,宝安区,24.2,4.0
TO202401013921,U10061,小快餐味道,烧烤,60.77,2026-08-08 06:46:10,北京,通州区,32.2,4.0
TO202401013922,U11572,小快餐味道,甜品蛋糕,21.13,2026-08-07 12:41:03,重庆,渝中区,15.7,5.0
TO202401013923,U10689,真美食,日料寿司,39.31,2026-08-03 18:14:09,南京,秦淮区,52.2,4.5
TO202401013924,U11592,御奶茶厨快餐,饺子馄饨,19.69,2026-07-23 22:38:45,北京,朝阳区,50.1,5.0
TO202401013925,U10379,小私房菜,粤菜,8.0,2026-07-16 19:43:52,广州,荔湾区,19.6,5.0
TO202401013926,U11179,万汉堡小馆,快餐便当,66.9,2026-07-22 18:26:25,苏州,姑苏区,42.4,5.0
TO202401013927,U11080,香私房菜,粤菜,31.48,2026-07-31 11:59:12,深圳,南山区,50.4,5.0
TO202401013928,U11436,正川湘小馆,汉堡薯条,48.31,2026-07-27 18:58:48,沈阳,铁西区,33.1,5.0
TO202401013929,U10617,豪餐厅,甜品蛋糕,34.6,2026-07-24 09:34:31,西安,未央区,26.1,5.0
TO202401013930,U11737,亿记餐厅,汉堡薯条,10.64,2026-07-24 11:19:33,重庆,江北区,36.7,5.0
TO202401013931,U10976,味轻食味道,奶茶果汁,22.24,2026-07-29 17:35:19,成都,青羊区,46.9,5.0
TO202401013932,U10456,鲜外卖,快餐便当,56.99,2026-07-22 09:42:49,北京,海淀区,30.3,2.0
TO202401013933,U11740,豪餐厅,烧烤,31.25,2026-07-31 22:47:16,广州,天河区,70.4,4.0
TO202401013934,U10213,银食府,火锅,25.4,2026-07-24 19:48:07,深圳,龙岗区,38.9,5.0
TO202401013935,U10047,鼎食堂,饺子馄饨,8.0,2026-07-31 12:16:41,重庆,江北区,40.4,5.0
TO202401013936,U10462,好麻辣食府,川湘菜,21.54,2026-08-01 18:02:31,郑州,中原区,40.2,5.0
TO202401013937,U11600,豪餐厅,轻食沙拉,36.59,2026-07-26 07:34:49,广州,越秀区,46.1,5.0
TO202401013938,U10508,亿面食厨快餐,汉堡薯条,102.68,2026-07-21 22:48:34,广州,越秀区,32.3,5.0
TO202401013939,U10066,小快餐味道,烧烤,34.36,2026-08-06 12:06:51,杭州,余杭区,40.6,4.0
TO202401013940,U11335,百汉堡厨快餐,饺子馄饨,54.21,2026-08-07 17:42:43,重庆,九龙坡区,24.0,4.5
TO202401013941,U10906,千厨快餐,粤菜,30.56,2026-07-20 23:45:00,广州,海珠区,29.3,5.0
TO202401013942,U10923,千奶茶餐厅,烧烤,46.44,2026-07-24 16:21:12,北京,东城区,20.6,5.0
TO202401013943,U11502,正外卖,麻辣烫,66.87,2026-07-12 16:42:12,杭州,下城区,38.9,4.5
TO202401013944,U10316,豪私房菜,奶茶果汁,21.8,2026-08-07 12:06:38,武汉,江汉区,27.0,5.0
TO202401013945,U10487,小私房菜,轻食沙拉,8.0,2026-07-22 20:40:20,成都,金牛区,24.4,3.0
TO202401013946,U11573,小私房菜,面食小吃,184.26,2026-07-17 13:00:35,深圳,宝安区,35.8,3.5
TO202401013947,U11507,老厨快餐,川湘菜,24.99,2026-07-19 00:59:12,北京,通州区,36.9,3.5
TO202401013948,U11758,好麻辣食府,汉堡薯条,35.42,2026-08-01 18:03:58,上海,闵行区,27.2,5.0
TO202401013949,U10342,御西餐记餐厅,火锅,51.8,2026-07-29 11:10:13,青岛,崂山区,23.5,4.5
TO202401013950,U10930,御厨快餐,甜品蛋糕,36.21,2026-08-07 18:37:35,广州,海珠区,35.3,3.5
TO202401013951,U10486,亿面食厨快餐,甜品蛋糕,25.33,2026-07-30 20:59:09,重庆,渝北区,24.5,4.0
TO202401013952,U10719,亿麻辣大饭店,汉堡薯条,43.86,2026-07-18 17:57:40,上海,长宁区,22.5,4.5
TO202401013953,U10304,金厨房,川湘菜,20.67,2026-08-04 19:15:23,北京,海淀区,46.1,3.5
TO202401013954,U10657,大记餐厅,西餐,50.73,2026-08-01 18:52:38,上海,长宁区,42.4,5.0
TO202401013955,U11616,正记餐厅,汉堡薯条,31.73,2026-08-02 10:26:05,深圳,南山区,50.8,5.0
TO202401013956,U11496,小快餐味道,烧烤,44.33,2026-07-22 18:41:02,成都,成华区,49.9,4.5
TO202401013957,U10572,味小馆,饺子馄饨,78.38,2026-08-09 08:04:35,深圳,罗湖区,26.1,5.0
TO202401013958,U11597,大美食,日料寿司,47.85,2026-08-03 12:16:02,杭州,滨江区,21.8,5.0
TO202401013959,U10046,鼎食堂,西餐,36.48,2026-08-06 22:31:42,深圳,龙岗区,37.3,4.5
TO202401013960,U11404,鲜饺子食府,川湘菜,60.7,2026-07-29 15:55:13,天津,和平区,31.1,4.5
TO202401013961,U11408,小私房菜,烧烤,37.16,2026-07-22 23:57:44,青岛,市北区,10.7,5.0
TO202401013962,U10312,鲜外卖,粤菜,30.01,2026-08-03 00:21:44,成都,成华区,30.2,5.0
TO202401013963,U11171,鲜私房菜,日料寿司,34.24,2026-07-31 18:50:30,上海,静安区,34.0,5.0
TO202401013964,U11411,千厨快餐,轻食沙拉,12.65,2026-08-08 12:17:49,郑州,管城区,42.6,2.0
TO202401013965,U10435,亿记餐厅,西餐,36.74,2026-07-28 15:29:24,上海,徐汇区,60.6,4.0
TO202401013966,U10511,鲜外卖,川湘菜,36.32,2026-07-30 21:06:54,上海,静安区,31.0,4.0
TO202401013967,U10647,豪私房菜,西餐,98.48,2026-08-04 08:00:52,成都,高新区,55.6,5.0
TO202401013968,U11738,老厨快餐,日料寿司,66.04,2026-07-19 23:52:27,郑州,管城区,34.0,3.0
TO202401013969,U10737,皇食堂,粤菜,12.05,2026-07-23 12:08:21,深圳,宝安区,34.1,3.5
TO202401013970,U10228,味外卖,快餐便当,44.0,2026-07-20 22:30:33,大连,甘井子区,45.6,4.5
TO202401013971,U10715,御厨快餐,甜品蛋糕,27.65,2026-07-22 12:41:16,北京,海淀区,42.7,4.5
TO202401013469,U10673,鲜粤菜大饭店,奶茶果汁,32.94,2026-08-10 12:29:00,广州,番禺区,40.9,5.0
TO202401013973,U10247,真外卖,面食小吃,40.22,2026-07-13 17:21:41,苏州,工业园区,37.7,5.0
TO202401013974,U10504,亿食府,烧烤,47.17,2026-08-01 12:36:17,重庆,南岸区,48.4,4.0
TO202401013975,U10904,亿西餐私房菜,烧烤,92.95,2026-07-30 20:56:29,北京,通州区,30.2,4.0
TO202401013976,U10898,小快餐味道,烧烤,70.54,2026-07-23 20:34:39,厦门,湖里区,30.8,4.5
TO202401013977,U11058,万汉堡小馆,甜品蛋糕,42.06,2026-07-29 12:16:38,上海,长宁区,51.4,5.0
TO202401013978,U10628,御汉堡厨快餐,面食小吃,28.28,2026-07-25 13:47:05,上海,静安区,21.0,4.5
TO202401013979,U11714,豪私房菜,粤菜,27.88,2026-07-21 08:39:26,重庆,沙坪坝区,29.7,4.0
TO202401013980,U10612,香私房菜,麻辣烫,38.6,2026-08-07 11:04:08,北京,朝阳区,34.9,3.5
TO202401013981,U10657,豪西餐厨快餐,甜品蛋糕,14.48,2026-08-04 12:21:39,青岛,城阳区,50.1,4.5
TO202401013982,U11600,大美食,粤菜,56.24,2026-07-31 13:05:14,郑州,金水区,38.1,5.0
TO202401013983,U10353,真外卖,麻辣烫,37.62,2026-07-29 12:10:47,重庆,南岸区,54.7,4.5
TO202401013984,U10784,百川湘私房菜,饺子馄饨,15.29,2026-07-27 22:11:18,天津,北辰区,53.7,5.0
TO202401013985,U11015,香私房菜,麻辣烫,33.08,2026-08-04 12:58:50,西安,莲湖区,41.1,5.0
TO202401013986,U11292,千厨快餐,日料寿司,28.01,2026-07-20 21:02:08,上海,长宁区,34.3,5.0
TO202401013987,U10426,银食府,粤菜,61.06,2026-07-20 11:43:26,广州,海珠区,35.2,4.0
TO202401013988,U10677,亿食府,汉堡薯条,43.96,2026-07-14 13:11:37,深圳,罗湖区,18.3,4.0
TO202401013989,U11330,真外卖,川湘菜,37.33,2026-08-07 12:40:46,深圳,龙华区,46.0,4.5
TO202401013990,U11538,鲜饺子食府,披萨意面,22.94,2026-07-23 12:47:50,深圳,龙岗区,22.5,5.0
TO202401013991,U10737,百汉堡厨快餐,快餐便当,37.37,2026-07-22 18:09:56,西安,碑林区,37.8,4.0
TO202401013992,U10969,优食府,披萨意面,52.17,2026-08-10 23:39:01,苏州,姑苏区,35.3,4.5
TO202401013993,U10461,味外卖,火锅,18.73,2026-07-20 16:02:48,重庆,江北区,46.0,1.0
TO202401013994,U11254,豪私房菜,饺子馄饨,63.46,2026-07-24 16:37:35,深圳,罗湖区,43.0,3.5
TO202401013995,U11690,真外卖,轻食沙拉,55.11,2026-08-05 17:02:02,成都,成华区,21.5,3.0
TO202401013996,U10515,亿西餐私房菜,轻食沙拉,34.46,2026-07-31 19:08:25,杭州,拱墅区,34.6,5.0
TO202401013997,U11219,亿味道,川湘菜,8.0,2026-07-15 19:00:21,青岛,市南区,47.0,5.0
TO202401013998,U10592,味厨快餐,快餐便当,41.91,2026-08-09 20:31:55,深圳,龙岗区,16.6,5.0
TO202401013999,U11716,小快餐味道,粤菜,38.91,2026-07-14 11:04:36,广州,天河区,37.0,4.5
TO202401014000,U10301,亿美食,披萨意面,19.67,2026-08-04 12:05:48,长沙,开福区,15.9,2.0
TO202401014001,U10552,百奶茶食府,粤菜,9.39,2026-07-15 19:13:10,上海,长宁区,29.0,4.0
TO202401014002,U10304,小日料食府,粤菜,33.29,2026-07-21 12:08:09,苏州,吴江区,51.1,5.0
TO202401014003,U10329,正川湘小馆,川湘菜,8.0,2026-07-14 05:12:08,上海,闵行区,44.2,4.0
TO202401013322,U10660,御记餐厅,汉堡薯条,32.07,2026-07-31 20:36:06,广州,天河区,26.5,5.0
TO202401014005,U10769,千奶茶餐厅,快餐便当,33.16,2026-08-11 11:17:57,重庆,九龙坡区,20.5,4.5
TO202401014006,U10563,百奶茶食府,面食小吃,12.26,2026-08-04 21:38:55,青岛,城阳区,39.5,5.0
TO202401014007,U10384,鲜美食,粤菜,45.53,2026-07-26 17:25:15,上海,闵行区,29.6,4.5
TO202401014008,U11203,鲜饺子食府,烧烤,8.0,2026-07-26 19:26:04,大连,甘井子区,36.8,4.5
TO202401014009,U10615,亿厨快餐,面食小吃,42.85,2026-08-01 17:45:28,深圳,龙岗区,29.1,5.0
TO202401014010,U11476,亿私房菜,奶茶果汁,78.45,2026-07-25 17:10:11,上海,徐汇区,33.5,5.0
TO202401014011,U11189,优汉堡味道,轻食沙拉,52.73,2026-07-17 11:21:38,杭州,下城区,34.6,5.0
TO202401014012,U10317,正烧烤小馆,饺子馄饨,48.88,2026-08-07 18:17:19,沈阳,和平区,39.7,5.0
TO202401014013,U11319,皇大饭店,快餐便当,,2026-08-01 16:52:41,深圳,宝安区,28.6,3.5
TO202401014014,U11759,味小馆,面食小吃,22.55,2026-08-02 18:12:12,广州,越秀区,24.6,3.0
TO202401014015,U11278,亿私房菜,粤菜,13.76,2026-08-08 20:13:45,天津,北辰区,33.0,5.0
TO202401014016,U10707,香私房菜,面食小吃,25.87,2026-07-13 11:02:37,青岛,城阳区,27.7,5.0
TO202401014017,U10009,大记餐厅,日料寿司,46.56,2026-07-22 21:08:14,西安,碑林区,51.9,5.0
TO202401014018,U11290,皇大饭店,麻辣烫,43.26,2026-07-29 17:19:32,郑州,金水区,24.3,4.5
TO202401014019,U11170,御厨快餐,川湘菜,22.48,2026-07-20 12:23:41,苏州,姑苏区,42.8,4.0
TO202401014020,U11644,正川湘小馆,轻食沙拉,34.62,2026-08-06 20:42:00,长沙,开福区,24.2,4.0
TO202401014021,U10146,鲜饺子食府,日料寿司,15.09,2026-08-03 08:48:55,南京,鼓楼区,49.5,5.0
TO202401012781,U10641,豪私房菜,日料寿司,20.95,2026-07-25 18:01:50,重庆,九龙坡区,22.5,5.0
TO202401014023,U11464,亿食府,快餐便当,53.79,2026-07-19 13:17:10,广州,天河区,15.6,5.0
TO202401014024,U11424,味轻食味道,西餐,24.97,2026-08-06 19:08:26,成都,金牛区,27.5,3.5
TO202401014025,U10842,万汉堡小馆,奶茶果汁,53.0,2026-08-08 18:12:50,北京,海淀区,46.2,3.5
TO202401014026,U10744,正外卖,粤菜,28.59,2026-07-31 20:23:15,重庆,渝中区,10.0,5.0
TO202401014027,U10594,千奶茶餐厅,麻辣烫,16.27,2026-07-20 14:28:35,长沙,开福区,37.9,4.0
TO202401014028,U10141,亿味道,汉堡薯条,33.38,2026-08-09 11:29:42,杭州,余杭区,21.7,5.0
TO202401014029,U10987,亿面食厨快餐,粤菜,8.0,2026-07-28 00:25:38,上海,徐汇区,12.9,4.0
TO202401014030,U11430,亿厨快餐,粤菜,79.66,2026-07-13 12:04:52,南京,鼓楼区,45.6,4.5
TO202401014031,U10115,正川湘小馆,汉堡薯条,,2026-08-09 11:01:18,北京,东城区,31.6,4.5
TO202401014032,U10019,银食堂,汉堡薯条,41.96,2026-07-26 18:17:43,上海,浦东新区,34.0,5.0
TO202401014033,U11326,御西餐记餐厅,烧烤,8.38,2026-07-27 17:02:24,深圳,龙岗区,45.5,4.0
TO202401014034,U10937,鲜记餐厅,快餐便当,51.6,2026-07-19 21:21:25,上海,静安区,36.5,5.0
TO202401014035,U10889,百川湘私房菜,披萨意面,47.86,2026-07-22 11:24:07,重庆,渝中区,41.6,3.5
TO202401014036,U10666,小味道,川湘菜,34.6,2026-07-20 19:39:12,西安,雁塔区,38.2,3.5
TO202401014037,U10382,鲜饺子食府,快餐便当,104.01,2026-08-07 11:20:22,广州,番禺区,57.8,3.5
TO202401014038,U11059,小奶茶记餐厅,粤菜,46.64,2026-08-03 17:19:20,成都,金牛区,16.7,5.0
TO202401014039,U11376,小味道,轻食沙拉,36.29,2026-07-30 18:08:20,天津,北辰区,26.4,5.0
TO202401014040,U11714,鲜外卖,饺子馄饨,47.01,2026-08-01 17:50:04,青岛,黄岛区,21.1,4.0
TO202401014041,U11620,真美食,麻辣烫,30.1,2026-07-30 16:10:53,北京,丰台区,18.5,5.0
TO202401014042,U10526,亿食府,饺子馄饨,32.52,2026-07-18 16:54:57,重庆,渝北区,39.5,3.5
TO202401014043,U11090,小奶茶记餐厅,川湘菜,46.28,2026-07-18 18:52:02,深圳,龙华区,45.2,4.5
TO202401014044,U11158,御厨快餐,粤菜,38.6,2026-08-06 20:35:04,南京,秦淮区,32.7,4.0
TO202401014045,U10932,亿西餐私房菜,面食小吃,13.9,2026-08-06 11:47:27,郑州,二七区,35.6,4.0
TO202401014046,U10170,味外卖,奶茶果汁,55.65,2026-07-12 18:08:16,北京,西城区,31.5,4.5
TO202401014047,U11697,鲜粤菜大饭店,川湘菜,10.14,2026-08-11 14:11:03,苏州,姑苏区,28.2,5.0
TO202401014048,U11319,小麻辣厨快餐,快餐便当,41.02,2026-07-25 22:09:37,上海,浦东新区,25.1,5.0
TO202401014049,U10554,百奶茶食府,川湘菜,43.03,2026-08-08 13:37:27,郑州,惠济区,10.0,5.0
TO202401014050,U10843,优汉堡餐厅,饺子馄饨,54.35,2026-08-03 11:41:42,广州,天河区,30.5,5.0
TO202401014051,U11010,万味道,快餐便当,126.93,2026-08-08 11:52:37,杭州,上城区,17.0,4.5
TO202401014052,U10088,亿甜品小馆,川湘菜,153.01,2026-07-23 16:01:41,天津,河西区,40.2,4.5
TO202401014053,U10882,优汉堡味道,烧烤,43.02,2026-07-13 18:48:32,南京,建邺区,25.2,5.0
TO202401014054,U10026,味厨快餐,甜品蛋糕,43.67,2026-07-29 12:04:54,天津,河东区,40.9,5.0
TO202401014055,U10635,万汉堡小馆,奶茶果汁,8.38,2026-07-30 07:25:05,重庆,沙坪坝区,25.1,4.0
TO202401014056,U11424,亿披萨食府,汉堡薯条,53.54,2026-07-20 01:08:53,成都,成华区,30.6,3.5
TO202401014057,U10407,大餐厅,火锅,38.64,2026-07-25 13:44:42,苏州,工业园区,25.6,5.0
TO202401014058,U11144,真快餐味道,快餐便当,42.0,2026-07-31 18:08:57,天津,河西区,44.5,5.0
TO202401014059,U10752,味轻食味道,饺子馄饨,8.0,2026-07-14 13:18:35,青岛,城阳区,45.0,4.5
TO202401014060,U11016,百奶茶食府,面食小吃,55.85,2026-08-08 11:42:44,天津,和平区,33.3,3.0
TO202401014061,U10006,银食府,川湘菜,55.69,2026-07-26 07:52:45,北京,朝阳区,37.3,5.0
TO202401014062,U10950,皇大饭店,西餐,162.24,2026-07-27 20:16:58,上海,浦东新区,46.7,5.0
TO202401014063,U10639,鲜外卖,轻食沙拉,16.4,2026-08-05 12:56:25,西安,新城区,44.2,5.0
TO202401014064,U11324,鲜饺子食府,麻辣烫,24.76,2026-07-19 17:47:42,南京,建邺区,10.9,4.5
TO202401014065,U10077,皇奶茶食府,粤菜,48.0,2026-08-02 20:08:27,重庆,九龙坡区,41.7,4.0
TO202401014066,U10186,大大饭店,甜品蛋糕,39.73,2026-08-06 16:19:54,深圳,龙华区,24.2,5.0
TO202401014067,U11198,鼎小馆,烧烤,58.36,2026-07-27 13:16:55,深圳,龙岗区,32.8,5.0
TO202401014068,U10622,正记餐厅,烧烤,12.81,2026-08-10 17:11:14,深圳,龙岗区,31.1,4.0
TO202401014069,U11731,香私房菜,面食小吃,49.44,2026-08-06 18:49:28,上海,闵行区,28.4,5.0
TO202401014070,U11339,正烧烤小馆,麻辣烫,8.0,2026-07-19 19:38:19,深圳,罗湖区,42.1,4.0
TO202401014071,U10415,优汉堡味道,日料寿司,21.01,2026-07-12 12:37:10,西安,雁塔区,23.4,5.0
TO202401014072,U11680,大美食,轻食沙拉,60.27,2026-07-14 08:57:10,西安,长安区,49.2,4.0
TO202401014073,U10327,亿面食厨快餐,麻辣烫,49.99,2026-07-15 13:57:27,南京,鼓楼区,24.8,4.5
TO202401014074,U11286,正记餐厅,粤菜,-27.12,2026-07-23 10:36:13,西安,未央区,31.3,3.0
TO202401014075,U10772,鲜粤菜大饭店,甜品蛋糕,17.23,2026-07-13 11:36:35,广州,海珠区,43.7,4.0
TO202401014076,U10677,味外卖,麻辣烫,30.83,2026-07-16 12:38:33,苏州,高新区,37.3,4.5
TO202401014077,U10213,鲜私房菜,饺子馄饨,187.04,2026-08-08 20:22:42,重庆,渝北区,34.0,4.0
TO202401014078,U10488,正食堂,饺子馄饨,21.3,2026-08-02 16:01:04,广州,白云区,46.2,4.0
TO202401011323,U11594,鼎大饭店,面食小吃,34.87,2026-07-30 10:41:47,深圳,福田区,44.6,5.0
TO202401014080,U10455,大大饭店,披萨意面,45.27,2026-07-31 19:45:19,杭州,下城区,43.8,3.0
TO202401014081,U10681,亿记餐厅,快餐便当,33.52,2026-07-30 20:03:41,上海,黄浦区,31.1,4.5
TO202401014082,U10122,味外卖,日料寿司,56.44,2026-07-18 19:30:50,北京,东城区,25.6,5.0
TO202401014083,U11696,亿披萨食府,披萨意面,55.02,2026-07-18 13:17:11,长沙,芙蓉区,32.6,5.0
TO202401014084,U11414,正外卖,粤菜,48.28,2026-07-16 12:26:45,成都,青羊区,38.8,4.0
TO202401014085,U10970,真外卖,快餐便当,8.0,2026-07-24 17:04:28,广州,越秀区,31.8,4.0
TO202401014086,U10052,香私房菜,快餐便当,21.21,2026-07-20 21:01:05,苏州,姑苏区,35.4,5.0
TO202401014087,U10873,豪餐厅,西餐,45.34,2026-07-17 13:32:50,天津,河东区,57.3,4.5
TO202401014088,U10964,鲜美食,烧烤,24.66,2026-08-05 17:30:30,杭州,余杭区,41.3,5.0
TO202401014089,U11633,小奶茶记餐厅,火锅,53.06,2026-07-26 18:00:49,深圳,福田区,47.5,4.0
TO202401014090,U10529,小味道,奶茶果汁,42.49,2026-08-08 13:23:24,上海,黄浦区,45.4,4.0
TO202401014091,U11344,正记餐厅,川湘菜,21.54,2026-07-31 16:36:15,苏州,高新区,28.0,5.0
TO202401014092,U10733,御奶茶厨快餐,轻食沙拉,48.57,2026-08-02 20:16:28,厦门,湖里区,36.9,3.5
TO202401014093,U10788,亿麻辣大饭店,麻辣烫,41.61,2026-07-30 22:45:54,西安,碑林区,34.1,4.0
TO202401014094,U11743,鼎食堂,饺子馄饨,43.38,2026-07-20 11:34:21,长沙,岳麓区,31.2,4.5
TO202401014095,U10954,百汉堡厨快餐,面食小吃,36.51,2026-07-20 22:49:17,重庆,江北区,41.3,4.0
TO202401014096,U11096,百奶茶食府,烧烤,56.4,2026-08-07 11:17:03,深圳,罗湖区,56.2,4.0
TO202401014097,U11458,鼎小馆,日料寿司,8.0,2026-07-28 18:56:40,西安,新城区,14.3,5.0
TO202401014098,U10934,亿厨快餐,西餐,16.31,2026-08-09 11:10:19,上海,徐汇区,40.0,4.5
TO202401014099,U10970,亿私房菜,奶茶果汁,42.81,2026-07-15 20:07:53,苏州,高新区,30.3,5.0
TO202401014100,U10240,真快餐味道,日料寿司,26.99,2026-07-27 08:01:44,苏州,吴江区,28.6,4.0
TO202401014101,U11316,小奶茶记餐厅,西餐,21.76,2026-07-16 11:47:43,成都,高新区,20.9,4.0
TO202401014102,U10257,正烧烤小馆,西餐,43.55,2026-07-17 19:32:08,郑州,管城区,47.1,4.5
TO202401014103,U11363,御奶茶小馆,火锅,62.66,2026-07-25 07:43:29,成都,成华区,48.8,5.0
TO202401014104,U10053,亿厨快餐,烧烤,40.56,2026-07-22 17:44:11,成都,青羊区,44.8,4.5
TO202401014105,U10196,豪川湘私房菜,火锅,45.21,2026-08-04 11:21:17,苏州,吴中区,42.1,4.0
TO202401014106,U11236,百奶茶食府,西餐,52.61,2026-08-11 20:04:35,郑州,惠济区,45.1,5.0
TO202401014107,U10801,正记餐厅,火锅,46.81,2026-07-26 18:42:38,天津,河北区,58.0,4.0
TO202401014108,U10497,百川湘私房菜,披萨意面,33.99,2026-07-18 20:10:22,广州,越秀区,36.4,5.0
TO202401014109,U11186,真美食,川湘菜,21.82,2026-07-15 12:19:44,西安,雁塔区,41.1,5.0
TO202401014110,U11091,豪餐厅,火锅,38.08,2026-08-04 19:30:02,南京,雨花台区,53.6,5.0
TO202401014111,U10395,真快餐味道,披萨意面,38.23,2026-07-13 21:51:59,武汉,武昌区,45.0,3.0
TO202401014112,U11370,亿面食厨快餐,粤菜,21.82,2026-07-27 19:14:27,成都,成华区,35.0,3.5
TO202401014113,U10918,亿厨快餐,甜品蛋糕,45.72,2026-07-27 10:42:25,广州,白云区,31.7,4.5
TO202401014114,U10287,鲜烧烤外卖,汉堡薯条,70.61,2026-07-23 18:01:17,上海,浦东新区,63.9,4.5
TO202401014115,U10989,好麻辣食府,轻食沙拉,36.79,2026-07-20 12:13:41,南京,玄武区,18.1,4.5
TO202401014116,U10309,真美食,甜品蛋糕,40.66,2026-07-29 11:30:08,上海,静安区,31.2,5.0
TO202401014117,U11598,豪西餐厨快餐,甜品蛋糕,42.34,2026-08-04 22:56:53,杭州,滨江区,32.2,4.0
TO202401014118,U10070,百汉堡厨快餐,快餐便当,41.36,2026-07-27 14:27:35,深圳,罗湖区,34.7,5.0
TO202401014119,U10242,正食堂,奶茶果汁,176.46,2026-07-12 22:43:44,广州,天河区,47.4,4.0
TO202401014120,U10704,鲜外卖,甜品蛋糕,46.53,2026-07-12 12:16:12,青岛,崂山区,53.0,3.0
TO202401014121,U11221,御记餐厅,披萨意面,58.76,2026-08-03 18:08:36,深圳,龙华区,44.0,2.0
TO202401014122,U11432,豪私房菜,麻辣烫,36.42,2026-08-05 07:55:04,沈阳,铁西区,44.9,4.5
TO202401014123,U10152,亿甜品小馆,披萨意面,35.91,2026-08-10 12:40:13,北京,东城区,32.4,5.0
TO202401014124,U10613,优食府,川湘菜,126.2,2026-08-04 12:52:42,杭州,西湖区,54.3,5.0
TO202401014125,U10238,豪西餐厨快餐,奶茶果汁,35.98,2026-08-01 21:31:13,长沙,芙蓉区,35.7,5.0
TO202401014126,U10631,大记餐厅,面食小吃,48.32,2026-08-11 19:22:14,深圳,龙华区,53.6,4.0
TO202401014127,U10843,正食堂,面食小吃,45.0,2026-07-31 18:34:01,苏州,高新区,27.4,5.0
TO202401014128,U11727,亿记餐厅,轻食沙拉,10.88,2026-07-22 22:06:43,郑州,中原区,46.0,5.0
TO202401014129,U11160,小快餐味道,川湘菜,67.12,2026-08-04 18:50:18,苏州,工业园区,50.5,5.0
TO202401014130,U11388,优食府,麻辣烫,42.16,2026-07-31 17:44:25,北京,丰台区,23.8,5.0
TO202401014131,U10387,亿麻辣大饭店,烧烤,56.89,2026-08-08 12:32:54,北京,丰台区,32.8,5.0
TO202401014132,U11105,亿外卖,西餐,8.0,2026-07-13 19:43:42,上海,浦东新区,28.1,3.0
TO202401014133,U10169,亿食府,快餐便当,36.41,2026-07-30 20:34:02,杭州,上城区,37.5,5.0
TO202401014134,U11065,亿西餐私房菜,面食小吃,29.21,2026-08-05 13:41:44,深圳,龙岗区,45.5,4.5
TO202401014135,U11522,鲜烧烤外卖,面食小吃,31.76,2026-07-20 03:37:22,北京,海淀区,29.4,5.0
TO202401014136,U10623,大餐厅,粤菜,39.85,2026-08-06 13:31:56,北京,通州区,35.7,4.0
TO202401014137,U10666,皇奶茶食府,火锅,37.08,2026-07-16 11:16:32,长沙,望城区,34.3,5.0
TO202401014138,U11358,豪私房菜,面食小吃,30.33,2026-08-02 13:20:53,深圳,福田区,38.7,3.0
TO202401014139,U11651,小奶茶记餐厅,汉堡薯条,46.15,2026-08-08 08:12:42,成都,锦江区,42.8,5.0
TO202401014140,U10277,银奶茶餐厅,披萨意面,27.98,2026-07-27 11:16:48,北京,东城区,19.5,3.0
TO202401014141,U10003,鲜烧烤外卖,汉堡薯条,32.68,2026-07-24 19:45:36,北京,朝阳区,39.9,4.5
TO202401014142,U10799,鲜轻食大饭店,轻食沙拉,8.0,2026-07-19 18:07:26,上海,黄浦区,41.3,5.0
TO202401014143,U10347,百川湘私房菜,饺子馄饨,26.77,2026-07-28 18:12:24,广州,越秀区,34.8,5.0
TO202401014144,U11170,小味道,火锅,30.31,2026-07-27 18:41:03,杭州,余杭区,42.4,3.5
TO202401014145,U10473,真快餐味道,麻辣烫,45.51,2026-07-12 19:58:46,西安,莲湖区,33.7,4.5
TO202401014146,U10103,豪西餐厨快餐,甜品蛋糕,14.85,2026-07-27 09:44:32,深圳,宝安区,35.8,5.0
TO202401014147,U10186,小私房菜,烧烤,34.57,2026-08-03 21:36:32,北京,东城区,15.0,5.0
TO202401014148,U10406,豪餐厅,面食小吃,34.05,2026-08-10 13:39:27,南京,江宁区,51.8,5.0
TO202401014149,U10317,鲜烧烤外卖,川湘菜,45.53,2026-08-04 15:41:42,广州,海珠区,48.1,5.0
TO202401014150,U11056,御西餐记餐厅,奶茶果汁,155.01,2026-07-23 19:41:41,青岛,市北区,44.4,3.5
TO202401014151,U11740,豪川湘私房菜,奶茶果汁,30.56,2026-08-10 20:08:46,北京,东城区,38.0,5.0
TO202401014152,U10979,御奶茶厨快餐,川湘菜,40.72,2026-07-15 08:27:19,北京,朝阳区,28.3,4.5
TO202401014153,U10048,豪餐厅,日料寿司,13.14,2026-08-10 13:42:58,郑州,金水区,21.8,2.0
TO202401014154,U11425,味厨快餐,火锅,11.51,2026-07-29 13:59:41,北京,东城区,37.7,3.0
TO202401014155,U10593,御记餐厅,西餐,35.76,2026-07-25 19:04:04,深圳,龙岗区,37.1,4.5
TO202401014156,U11261,千奶茶餐厅,西餐,8.0,2026-08-02 11:36:26,上海,长宁区,33.9,3.0
TO202401014157,U10990,小味道,粤菜,41.38,2026-08-09 12:11:08,广州,番禺区,36.3,4.0
TO202401014158,U11130,亿私房菜,饺子馄饨,39.33,2026-08-10 13:36:46,广州,越秀区,52.1,5.0
TO202401014159,U10629,亿面食厨快餐,轻食沙拉,64.35,2026-07-15 21:04:27,广州,越秀区,33.1,4.0
TO202401014160,U11621,御西餐记餐厅,汉堡薯条,67.64,2026-07-27 15:07:38,郑州,惠济区,34.5,3.5
TO202401014161,U11056,小麻辣厨快餐,快餐便当,53.0,2026-08-08 10:37:03,深圳,龙岗区,27.7,5.0
TO202401014162,U10584,御记餐厅,粤菜,43.82,2026-07-16 13:11:46,上海,徐汇区,25.8,4.0
TO202401014163,U11420,亿西餐私房菜,川湘菜,160.41,2026-07-25 19:29:41,武汉,武昌区,31.5,5.0
TO202401014164,U11233,正烧烤小馆,麻辣烫,62.18,2026-07-28 18:17:03,北京,西城区,42.2,4.0
TO202401014165,U11609,亿西餐私房菜,汉堡薯条,29.7,2026-07-25 20:25:24,广州,越秀区,36.7,4.0
TO202401014166,U10949,千奶茶餐厅,甜品蛋糕,15.64,2026-07-14 08:10:47,上海,静安区,35.8,4.0
TO202401014167,U10209,大美食,披萨意面,56.92,2026-08-03 13:08:29,成都,成华区,23.8,4.5
TO202401014168,U11571,鼎食堂,火锅,27.75,2026-07-15 13:20:54,天津,河东区,56.7,5.0
TO202401014169,U10113,亿面食厨快餐,川湘菜,11.91,2026-07-26 19:46:29,重庆,沙坪坝区,23.6,4.5
TO202401014170,U10964,百川湘私房菜,火锅,26.61,2026-08-10 05:01:04,重庆,南岸区,35.5,5.0
TO202401014171,U10700,正外卖,火锅,14.68,2026-07-31 17:35:22,南京,鼓楼区,47.4,5.0
TO202401014172,U10318,鲜外卖,奶茶果汁,25.48,2026-07-27 12:34:22,长沙,岳麓区,37.9,5.0
TO202401014173,U11169,小麻辣厨快餐,快餐便当,37.33,2026-07-27 10:09:01,成都,青羊区,38.6,4.5
TO202401014174,U11275,银奶茶餐厅,西餐,23.79,2026-07-22 18:53:56,成都,武侯区,17.2,4.5
TO202401014175,U11475,亿厨快餐,饺子馄饨,-12.46,2026-07-17 06:36:15,厦门,海沧区,33.2,5.0
TO202401014176,U11476,亿记餐厅,轻食沙拉,16.39,2026-08-03 13:22:02,上海,徐汇区,44.4,5.0
TO202401014177,U10055,亿味道,饺子馄饨,34.99,2026-07-20 12:13:25,武汉,洪山区,61.2,3.5
TO202401014178,U10501,味厨快餐,汉堡薯条,34.69,2026-07-13 17:31:25,郑州,二七区,24.9,4.5
TO202401014179,U10835,皇食堂,火锅,18.7,2026-08-02 20:20:07,长沙,岳麓区,26.9,3.5
TO202401014180,U10095,千奶茶餐厅,奶茶果汁,44.16,2026-07-19 21:43:50,杭州,下城区,59.9,4.5
TO202401014181,U10680,御奶茶厨快餐,甜品蛋糕,47.53,2026-07-13 14:10:10,北京,通州区,45.6,3.0
TO202401014182,U11415,鲜记餐厅,川湘菜,29.04,2026-07-27 12:34:46,上海,长宁区,38.0,2.0
TO202401010920,U11337,皇大饭店,麻辣烫,26.02,2026-08-10 21:48:56,郑州,管城区,34.4,5.0
TO202401014184,U10090,鲜外卖,烧烤,44.58,2026-07-16 11:14:23,重庆,沙坪坝区,31.7,4.5
TO202401014185,U10070,正食堂,披萨意面,30.13,2026-07-24 11:11:16,天津,和平区,52.9,5.0
TO202401014186,U10402,真美食,甜品蛋糕,18.02,2026-07-17 09:46:47,北京,通州区,47.6,4.5
TO202401014187,U10638,鲜记餐厅,川湘菜,50.7,2026-07-16 20:42:24,成都,青羊区,40.5,4.0
TO202401014188,U11202,鲜私房菜,饺子馄饨,36.28,2026-07-16 18:27:42,深圳,南山区,17.7,5.0
TO202401014189,U10421,亿外卖,日料寿司,24.34,2026-07-27 20:10:39,天津,南开区,23.8,5.0
TO202401014190,U11655,真快餐味道,快餐便当,30.95,2026-07-19 14:11:48,苏州,吴中区,52.6,2.0
TO202401014191,U11764,味厨快餐,川湘菜,48.43,2026-08-07 09:37:02,广州,海珠区,29.4,5.0
TO202401014192,U11395,亿西餐私房菜,麻辣烫,26.15,2026-07-14 09:52:31,深圳,龙岗区,34.7,4.0
TO202401014193,U10505,好麻辣食府,烧烤,57.58,2026-07-14 17:08:48,天津,河东区,54.6,3.0
TO202401014194,U11371,正川湘小馆,披萨意面,50.7,2026-07-22 20:59:24,北京,西城区,41.3,5.0
TO202401014195,U11357,千奶茶餐厅,快餐便当,150.24,2026-08-06 21:33:55,青岛,李沧区,26.0,5.0
TO202401014196,U10373,鲜粤菜大饭店,日料寿司,15.06,2026-08-05 11:32:13,杭州,余杭区,45.7,4.5
TO202401014197,U10381,鲜饺子食府,西餐,19.14,2026-07-31 03:01:30,杭州,拱墅区,28.4,5.0
TO202401014198,U10454,鼎小馆,饺子馄饨,98.65,2026-07-30 18:42:52,沈阳,和平区,36.3,5.0
TO202401014199,U10359,鲜饺子食府,川湘菜,24.34,2026-08-01 11:30:18,北京,海淀区,37.3,5.0
TO202401014200,U10257,银食府,粤菜,30.05,2026-08-02 18:55:36,成都,高新区,41.2,4.0
TO202401014201,U11054,亿私房菜,饺子馄饨,136.56,2026-08-09 19:55:32,西安,碑林区,54.5,4.0
TO202401014202,U11036,皇食堂,甜品蛋糕,28.84,2026-07-30 09:58:42,沈阳,大东区,37.4,4.5
TO202401014203,U10618,亿记餐厅,披萨意面,26.16,2026-07-14 02:13:14,杭州,余杭区,39.6,5.0
TO202401014204,U10367,味厨快餐,轻食沙拉,36.05,2026-07-23 12:24:31,上海,长宁区,41.4,4.0
TO202401014205,U10380,豪私房菜,轻食沙拉,38.05,2026-08-11 11:20:03,上海,徐汇区,23.2,5.0
TO202401014206,U10008,好麻辣食府,日料寿司,20.25,2026-07-23 09:42:25,青岛,李沧区,50.9,5.0
TO202401014207,U11506,味小馆,披萨意面,38.75,2026-08-06 19:56:06,上海,徐汇区,50.6,4.0
TO202401014208,U10175,银食堂,轻食沙拉,52.12,2026-07-31 13:47:19,成都,青羊区,27.4,5.0
TO202401014209,U10675,优食府,披萨意面,55.8,2026-07-12 10:47:36,郑州,郑东新区,47.8,2.0
TO202401014210,U10774,亿西餐私房菜,轻食沙拉,45.28,2026-08-09 14:44:42,北京,西城区,26.5,5.0
TO202401014211,U11689,银奶茶餐厅,甜品蛋糕,57.0,2026-07-31 13:39:39,西安,未央区,29.1,4.5
TO202401014212,U11405,大餐厅,披萨意面,58.33,2026-08-03 10:24:17,成都,锦江区,33.4,4.0
TO202401014213,U10856,亿食府,日料寿司,14.28,2026-08-01 19:12:56,广州,荔湾区,10.0,5.0
TO202401014214,U10617,豪餐厅,川湘菜,33.33,2026-07-26 19:45:57,上海,长宁区,42.5,5.0
TO202401014215,U10476,正烧烤小馆,西餐,59.42,2026-08-05 20:12:32,北京,通州区,45.7,4.5
TO202401014216,U11036,味轻食味道,奶茶果汁,55.2,2026-07-22 06:11:37,上海,长宁区,28.5,5.0
TO202401014217,U11376,优汉堡味道,奶茶果汁,45.75,2026-07-13 12:47:20,上海,浦东新区,39.4,4.0
TO202401014218,U10713,正川湘小馆,西餐,48.84,2026-08-10 17:40:04,北京,西城区,27.7,5.0
TO202401014219,U10619,大餐厅,西餐,58.53,2026-07-23 12:13:15,南京,江宁区,28.4,5.0
TO202401014220,U11212,正烧烤小馆,火锅,74.91,2026-07-29 10:43:09,天津,河东区,40.5,3.0
TO202401014221,U11406,小快餐味道,饺子馄饨,29.84,2026-07-13 21:59:19,苏州,吴江区,40.0,4.5
TO202401014222,U10619,亿外卖,奶茶果汁,24.79,2026-07-27 09:47:11,武汉,江岸区,42.3,5.0
TO202401014223,U10790,亿私房菜,日料寿司,44.8,2026-07-15 11:33:27,西安,莲湖区,40.5,5.0
TO202401014224,U10783,鲜记餐厅,汉堡薯条,64.84,2026-07-22 11:28:43,北京,朝阳区,37.5,3.5
TO202401014225,U10221,亿西餐私房菜,饺子馄饨,49.99,2026-07-20 00:38:48,上海,闵行区,29.0,5.0
TO202401014226,U10288,亿美食,烧烤,20.78,2026-07-21 00:43:24,杭州,滨江区,25.9,4.5
TO202401014227,U11295,鼎小馆,火锅,60.65,2026-07-17 11:39:48,北京,西城区,32.6,4.5
TO202401014228,U10744,皇大饭店,奶茶果汁,63.56,2026-07-24 12:16:00,苏州,高新区,19.0,5.0
TO202401014229,U11108,鲜外卖,快餐便当,28.5,2026-08-10 12:00:16,郑州,管城区,38.5,4.0
TO202401014230,U10602,亿披萨食府,烧烤,24.4,2026-07-16 13:21:18,广州,荔湾区,45.3,5.0
TO202401014231,U10659,正外卖,面食小吃,10.49,2026-08-04 18:25:12,上海,闵行区,45.6,5.0
TO202401014232,U11760,亿面食厨快餐,奶茶果汁,21.11,2026-07-18 21:09:39,苏州,吴中区,26.3,3.5
TO202401014233,U10506,金厨房,火锅,54.13,2026-08-02 18:39:37,厦门,同安区,45.3,4.5
TO202401014234,U11417,银奶茶餐厅,奶茶果汁,21.9,2026-08-02 18:09:09,杭州,拱墅区,50.0,5.0
TO202401014235,U11304,味小馆,甜品蛋糕,59.4,2026-07-27 09:29:51,成都,青羊区,49.5,5.0
TO202401014236,U11029,豪餐厅,甜品蛋糕,41.61,2026-08-10 17:59:23,苏州,相城区,23.2,4.5
TO202401014237,U11285,正食堂,汉堡薯条,31.66,2026-07-19 19:38:36,广州,荔湾区,16.4,5.0
TO202401014238,U10325,鲜烧烤外卖,火锅,37.98,2026-08-02 19:19:58,成都,青羊区,45.2,5.0
TO202401014239,U10738,鼎大饭店,烧烤,17.61,2026-08-07 20:37:25,广州,番禺区,37.8,5.0
TO202401014240,U10040,真外卖,火锅,25.84,2026-08-09 13:47:42,北京,朝阳区,19.1,3.0
TO202401014241,U10904,御奶茶小馆,饺子馄饨,40.41,2026-07-25 21:51:52,广州,荔湾区,65.8,4.0
TO202401014242,U10201,千奶茶餐厅,快餐便当,14.21,2026-07-14 18:37:01,南京,建邺区,45.7,2.0
TO202401014243,U10102,金厨房,麻辣烫,36279.06,2026-07-20 19:06:23,杭州,上城区,25.5,5.0
TO202401014244,U10091,豪川湘私房菜,饺子馄饨,101.52,2026-07-14 10:20:05,武汉,武昌区,26.8,4.0
TO202401014245,U10758,亿外卖,麻辣烫,11.5,2026-07-25 21:53:54,西安,莲湖区,40.6,5.0
TO202401014246,U10641,御记餐厅,轻食沙拉,55.37,2026-07-18 18:16:39,广州,白云区,31.5,4.0
TO202401014247,U11114,亿面食厨快餐,轻食沙拉,41.01,2026-07-16 13:12:13,武汉,洪山区,26.9,4.5
TO202401014248,U10603,亿披萨食府,奶茶果汁,29.67,2026-07-22 17:02:13,西安,未央区,20.0,4.5
TO202401014249,U10412,优食府,川湘菜,33.96,2026-08-05 13:49:50,北京,西城区,58.7,4.5
TO202401014250,U10398,味轻食味道,烧烤,61.63,2026-08-07 12:59:07,苏州,吴中区,31.1,4.5
TO202401014251,U11120,亿食府,披萨意面,62.06,2026-07-19 19:40:02,西安,长安区,30.0,4.5
TO202401014252,U10450,豪川湘私房菜,面食小吃,17.09,2026-08-06 10:51:24,大连,开发区,13.1,4.5
TO202401014253,U10315,百汉堡厨快餐,轻食沙拉,176.29,2026-08-11 18:07:43,青岛,崂山区,46.1,3.0
TO202401014254,U11624,鼎食堂,西餐,61.05,2026-08-08 23:43:30,武汉,武昌区,24.0,3.5
TO202401014255,U10714,优汉堡味道,轻食沙拉,14.01,2026-07-19 12:19:17,南京,建邺区,13.1,4.0
TO202401014256,U10474,御奶茶厨快餐,粤菜,31.78,2026-07-18 13:37:36,苏州,吴江区,28.2,4.0
TO202401014257,U11231,皇食堂,川湘菜,31.0,2026-07-16 11:30:40,广州,白云区,38.9,4.5
TO202401014258,U11309,亿披萨食府,快餐便当,25.46,2026-07-23 15:33:57,上海,闵行区,41.3,4.5
TO202401014259,U11558,优汉堡味道,面食小吃,42.11,2026-07-26 11:58:33,深圳,龙华区,45.8,4.0
TO202401014260,U11121,皇大饭店,粤菜,14.01,2026-08-02 17:25:33,重庆,江北区,22.5,4.5
TO202401012551,U11392,优食府,川湘菜,62.73,2026-07-13 00:59:07,深圳,福田区,32.9,3.0
TO202401014262,U11686,小私房菜,披萨意面,49.31,2026-07-28 12:38:09,广州,海珠区,35.2,4.0
TO202401014263,U10274,皇大饭店,饺子馄饨,31.61,2026-08-10 18:10:06,大连,中山区,22.0,4.5
TO202401014264,U10561,大餐厅,粤菜,75.95,2026-07-30 23:15:36,广州,番禺区,48.8,5.0
TO202401014265,U11219,味小馆,披萨意面,74.29,2026-07-27 16:04:03,北京,通州区,32.9,4.5
TO202401014266,U11243,万味道,饺子馄饨,16.76,2026-08-11 20:07:09,长沙,天心区,40.6,4.5
TO202401014267,U11711,万汉堡小馆,甜品蛋糕,42.04,2026-08-03 11:01:50,青岛,黄岛区,45.1,4.5
TO202401014268,U11468,皇大饭店,面食小吃,45.0,2026-08-08 15:26:10,南京,鼓楼区,39.8,4.5
TO202401014269,U11485,亿外卖,披萨意面,29.76,2026-08-09 22:59:22,上海,静安区,37.6,4.5
TO202401014270,U10899,万味道,披萨意面,48.5,2026-08-08 17:55:19,南京,雨花台区,39.6,5.0
TO202401014271,U11112,万味道,轻食沙拉,24.11,2026-08-04 21:52:11,上海,长宁区,45.1,4.5
TO202401014272,U11148,银奶茶餐厅,披萨意面,25.63,2026-07-25 17:57:42,广州,荔湾区,47.6,5.0
TO202401014273,U11199,百奶茶食府,火锅,22.51,2026-07-24 17:49:37,深圳,南山区,40.0,5.0
TO202401014274,U10731,鲜私房菜,披萨意面,42.1,2026-07-24 14:19:55,南京,建邺区,43.1,4.5
TO202401014275,U11442,味厨快餐,面食小吃,49.71,2026-08-05 12:25:26,西安,雁塔区,19.4,5.0
TO202401014276,U11309,正外卖,麻辣烫,17.79,2026-07-21 13:48:29,深圳,龙华区,55.8,5.0
TO202401014277,U11433,御记餐厅,轻食沙拉,58.66,2026-07-18 19:14:35,深圳,南山区,36.2,5.0
TO202401014278,U10965,亿披萨食府,火锅,46.37,2026-07-23 12:46:06,长沙,开福区,28.5,4.5
TO202401014279,U10641,味外卖,轻食沙拉,35.55,2026-08-01 21:17:23,重庆,江北区,19.6,2.0
TO202401014280,U10136,小奶茶记餐厅,甜品蛋糕,8.51,2026-07-22 20:18:36,重庆,江北区,20.6,3.5
TO202401014281,U10658,亿私房菜,麻辣烫,29.85,2026-08-09 18:38:45,深圳,罗湖区,40.4,4.0
TO202401014282,U10250,亿私房菜,烧烤,20.04,2026-08-02 08:05:31,沈阳,铁西区,17.5,4.0
TO202401014283,U11371,百奶茶食府,烧烤,8.0,2026-07-19 13:01:36,郑州,管城区,29.9,5.0
TO202401014284,U10057,优食府,甜品蛋糕,20.47,2026-07-30 13:54:06,重庆,南岸区,26.1,5.0
TO202401014285,U10333,优汉堡餐厅,川湘菜,23.41,2026-07-18 21:18:22,杭州,滨江区,29.4,4.0
TO202401014286,U11706,鲜轻食大饭店,面食小吃,8.0,2026-08-05 20:11:34,杭州,下城区,14.0,4.5
TO202401014287,U10937,豪西餐厨快餐,披萨意面,15.95,2026-07-22 18:19:07,成都,金牛区,56.6,4.5
TO202401014288,U11756,小麻辣厨快餐,汉堡薯条,46.2,2026-08-10 22:54:28,成都,武侯区,21.1,3.5
TO202401014289,U11139,味轻食味道,日料寿司,39.47,2026-07-30 09:48:23,青岛,崂山区,28.3,4.0
TO202401014290,U11419,银奶茶餐厅,甜品蛋糕,8.0,2026-08-10 19:37:53,长沙,天心区,58.8,4.0
TO202401014291,U10515,万小馆,快餐便当,48.41,2026-08-08 13:53:42,南京,玄武区,42.4,4.0
TO202401014292,U10157,御厨快餐,快餐便当,36.88,2026-08-07 18:31:27,成都,锦江区,36.2,5.0
TO202401014293,U10534,万小馆,烧烤,20.95,2026-07-23 17:49:24,青岛,李沧区,29.6,5.0
TO202401014294,U10550,真美食,粤菜,39.78,2026-07-22 18:27:12,郑州,惠济区,45.8,4.0
TO202401014295,U11604,亿披萨食府,汉堡薯条,33.67,2026-07-28 15:45:33,北京,通州区,35.0,5.0
TO202401014296,U10564,亿私房菜,川湘菜,46.33,2026-08-05 18:56:42,西安,碑林区,31.8,5.0
TO202401014297,U10503,金厨房,西餐,48.1,2026-08-01 20:48:06,青岛,市南区,46.2,4.5
TO202401014298,U11039,鲜饺子食府,麻辣烫,50.58,2026-07-31 20:46:04,苏州,高新区,62.2,5.0
TO202401014299,U11593,大记餐厅,汉堡薯条,36.07,2026-07-20 12:52:45,郑州,中原区,45.5,4.5
TO202401014300,U11274,真美食,快餐便当,49.58,2026-07-30 15:51:48,成都,金牛区,37.1,3.5
TO202401014301,U11599,味外卖,披萨意面,36.97,2026-07-18 12:08:17,北京,通州区,21.0,4.5
TO202401014302,U10699,鲜记餐厅,甜品蛋糕,34.4,2026-07-19 15:17:13,南京,鼓楼区,43.5,5.0
TO202401014303,U10334,正外卖,快餐便当,35.43,2026-08-05 09:14:14,上海,闵行区,46.1,4.5
TO202401014304,U10359,亿私房菜,汉堡薯条,16.33,2026-08-07 18:59:44,北京,东城区,36.1,5.0
TO202401014305,U10936,御记餐厅,日料寿司,8.0,2026-07-12 07:10:02,深圳,宝安区,32.4,5.0
TO202401014306,U11482,亿记餐厅,快餐便当,48.56,2026-07-31 18:13:24,广州,番禺区,47.8,4.0
TO202401014307,U11187,亿外卖,快餐便当,8.0,2026-07-15 12:59:38,重庆,渝中区,53.8,3.5
TO202401014308,U11477,银日料餐厅,烧烤,73.69,2026-07-14 20:18:32,南京,雨花台区,24.9,5.0
TO202401014309,U11708,亿面食厨快餐,麻辣烫,18.41,2026-07-16 12:53:09,西安,未央区,17.9,5.0
TO202401014310,U10580,正记餐厅,烧烤,8.0,2026-08-06 13:36:16,重庆,九龙坡区,20.2,5.0
TO202401014311,U11047,金厨房,面食小吃,43.8,2026-08-05 15:33:04,广州,番禺区,16.2,5.0
TO202401014312,U11142,优汉堡味道,麻辣烫,108.59,2026-07-21 12:01:56,重庆,九龙坡区,31.8,5.0
TO202401014313,U10439,千厨快餐,西餐,19.34,2026-07-15 19:44:38,北京,丰台区,25.5,5.0
TO202401014314,U10336,御汉堡厨快餐,饺子馄饨,48.7,2026-08-03 23:47:07,杭州,上城区,34.9,5.0
TO202401014315,U10470,亿西餐私房菜,轻食沙拉,33.72,2026-08-02 20:43:13,沈阳,和平区,40.4,5.0
TO202401014316,U10879,百汉堡厨快餐,麻辣烫,39.28,2026-07-21 08:30:22,上海,长宁区,48.4,5.0
TO202401014317,U10001,大大饭店,火锅,46.43,2026-07-29 18:57:31,广州,白云区,31.9,5.0
TO202401014318,U10463,正外卖,汉堡薯条,69.28,2026-08-10 14:22:43,青岛,市北区,24.0,2.0
TO202401014319,U11154,银日料餐厅,面食小吃,40.16,2026-08-05 19:23:56,杭州,下城区,37.5,4.0
TO202401014320,U11675,大记餐厅,奶茶果汁,59.02,2026-07-15 10:06:51,大连,开发区,30.3,5.0
TO202401014321,U10385,亿面食厨快餐,奶茶果汁,60.92,2026-07-12 12:12:42,广州,番禺区,25.2,5.0
TO202401014322,U11157,银食堂,麻辣烫,11.28,2026-08-01 18:49:38,上海,静安区,40.7,4.0
TO202401014323,U11516,亿西餐私房菜,奶茶果汁,56.05,2026-08-04 20:49:53,广州,海珠区,15.5,5.0
TO202401014324,U10349,亿面食厨快餐,烧烤,20.6,2026-07-19 12:14:00,北京,海淀区,20.4,4.0
TO202401014325,U11015,好麻辣食府,甜品蛋糕,42.13,2026-08-06 19:59:31,杭州,上城区,39.4,5.0
TO202401014326,U10964,正外卖,烧烤,76.44,2026-08-11 07:19:54,成都,成华区,58.3,4.0
TO202401014327,U11106,味轻食味道,汉堡薯条,12.12,2026-07-23 23:28:24,广州,白云区,27.8,5.0
TO202401014328,U11095,亿美食,快餐便当,19.83,2026-07-26 16:22:06,北京,丰台区,40.1,3.0
TO202401014329,U10796,御厨快餐,火锅,28.08,2026-08-10 19:29:28,深圳,罗湖区,38.8,5.0
TO202401014330,U10639,百汉堡厨快餐,甜品蛋糕,21.04,2026-07-15 23:01:13,长沙,天心区,43.1,4.5
TO202401014331,U11419,好麻辣食府,烧烤,49.25,2026-08-11 11:17:54,苏州,工业园区,10.0,5.0
TO202401014332,U11097,正外卖,奶茶果汁,45.72,2026-07-27 20:14:55,天津,河西区,37.2,4.0
TO202401014333,U10421,亿披萨食府,快餐便当,52.02,2026-08-10 12:07:05,成都,武侯区,48.6,4.0
TO202401014334,U11385,皇大饭店,麻辣烫,40.43,2026-07-19 04:02:24,上海,黄浦区,17.4,3.0
TO202401014335,U10570,鼎大饭店,日料寿司,40.19,2026-07-29 12:54:56,长沙,芙蓉区,24.7,4.0
TO202401014336,U10461,鼎食堂,粤菜,70.81,2026-07-25 09:23:22,上海,浦东新区,17.5,5.0
TO202401014337,U11526,豪餐厅,麻辣烫,48.79,2026-07-17 21:28:10,青岛,李沧区,34.3,3.5
TO202401014338,U10686,皇奶茶食府,饺子馄饨,32.41,2026-07-26 08:19:41,成都,高新区,35.7,1.0
TO202401014339,U11237,鼎小馆,面食小吃,37.77,2026-08-04 18:23:38,上海,闵行区,25.9,5.0
TO202401014340,U11537,金厨房,甜品蛋糕,39.61,2026-07-19 08:53:41,北京,东城区,33.5,5.0
TO202401014341,U10758,味厨快餐,轻食沙拉,22.96,2026-07-14 14:07:22,杭州,上城区,42.5,4.5
TO202401014342,U11518,正川湘小馆,奶茶果汁,40.23,2026-07-31 21:20:17,北京,通州区,26.5,5.0
TO202401014343,U10693,大大饭店,粤菜,15.41,2026-07-30 19:45:33,长沙,开福区,42.6,4.5
TO202401014344,U11255,鼎小馆,甜品蛋糕,34.04,2026-08-11 18:14:27,苏州,相城区,44.4,5.0
TO202401014345,U11574,正记餐厅,奶茶果汁,57.46,2026-07-26 10:46:18,武汉,江岸区,27.0,5.0
TO202401014346,U11652,鼎小馆,面食小吃,16.91,2026-08-05 12:32:16,深圳,福田区,27.8,5.0
TO202401014347,U10011,好麻辣食府,披萨意面,32.47,2026-08-08 15:11:48,长沙,开福区,38.7,5.0
TO202401014348,U10455,正外卖,饺子馄饨,34.38,2026-07-28 19:56:38,深圳,宝安区,40.7,3.5
TO202401014349,U10216,优汉堡餐厅,轻食沙拉,18.26,2026-07-14 18:36:39,广州,荔湾区,27.6,4.5
TO202401014350,U11569,大记餐厅,披萨意面,52.45,2026-08-03 18:50:23,北京,海淀区,22.4,5.0
TO202401014351,U10041,豪川湘私房菜,烧烤,22.52,2026-07-14 11:11:02,杭州,拱墅区,31.5,4.0
TO202401014352,U11347,香私房菜,奶茶果汁,47.71,2026-07-20 22:39:30,广州,荔湾区,47.9,5.0
TO202401014353,U11073,真美食,烧烤,33.05,2026-07-28 01:36:49,成都,金牛区,28.2,4.0
TO202401014354,U10207,大大饭店,烧烤,35.12,2026-07-26 20:56:02,北京,朝阳区,10.0,4.5
TO202401014355,U10852,御奶茶小馆,饺子馄饨,28.44,2026-07-30 17:30:51,成都,武侯区,22.1,5.0
TO202401014356,U11334,亿甜品美食,西餐,40.11,2026-07-30 15:26:59,上海,徐汇区,36.0,4.5
TO202401010184,U10780,鲜烧烤外卖,面食小吃,38.73,2026-07-30 14:04:32,广州,天河区,46.3,4.0
TO202401014358,U10205,百奶茶食府,轻食沙拉,36.94,2026-07-12 21:50:15,北京,朝阳区,31.8,4.0
TO202401014359,U10652,小快餐味道,披萨意面,23.25,2026-07-16 09:44:25,上海,黄浦区,31.9,4.5
TO202401014360,U11617,鲜外卖,粤菜,65.84,2026-08-09 20:48:58,苏州,姑苏区,18.7,4.5
TO202401014361,U10225,千奶茶餐厅,甜品蛋糕,14.64,2026-08-04 21:27:39,南京,鼓楼区,33.4,3.5
TO202401014362,U11162,御记餐厅,烧烤,46.84,2026-08-05 21:27:14,广州,天河区,21.8,5.0
TO202401014363,U10040,亿食府,披萨意面,25.78,2026-08-09 16:24:07,苏州,高新区,37.8,3.5
TO202401014364,U11466,亿私房菜,披萨意面,45.25,2026-08-05 17:20:20,深圳,罗湖区,36.6,4.0
TO202401014365,U11714,亿记餐厅,快餐便当,19.05,2026-08-08 20:16:40,杭州,上城区,33.3,5.0
TO202401014366,U10236,鲜轻食大饭店,川湘菜,43.09,2026-07-21 22:41:49,沈阳,沈河区,41.4,5.0
TO202401014367,U11413,味轻食味道,甜品蛋糕,45.1,2026-07-25 21:54:43,深圳,龙岗区,33.3,4.5
TO202401014368,U10629,大美食,轻食沙拉,8.0,2026-07-12 09:33:26,天津,南开区,42.1,4.5
TO202401014369,U11253,小奶茶记餐厅,奶茶果汁,37.17,2026-08-03 17:31:58,上海,静安区,39.0,3.5
TO202401014370,U10320,亿麻辣大饭店,披萨意面,35.93,2026-08-08 13:55:28,北京,丰台区,22.2,5.0
TO202401014371,U10849,正记餐厅,披萨意面,40.21,2026-07-21 18:04:58,成都,高新区,34.6,4.5
TO202401014372,U10958,鲜轻食大饭店,粤菜,20.89,2026-08-07 23:20:40,沈阳,大东区,34.9,4.5
TO202401014373,U10433,百川湘私房菜,面食小吃,27.27,2026-08-02 21:28:07,厦门,湖里区,42.6,4.0
TO202401014374,U10526,万汉堡小馆,川湘菜,44.35,2026-08-04 10:50:49,青岛,崂山区,47.0,2.0
TO202401014375,U11326,香私房菜,奶茶果汁,30.31,2026-08-07 19:49:51,广州,荔湾区,47.3,4.5
TO202401014376,U11153,优汉堡味道,火锅,29.49,2026-08-03 10:06:54,郑州,金水区,46.2,3.5
TO202401014377,U10447,皇大饭店,日料寿司,50.26,2026-07-29 17:13:08,青岛,市北区,33.7,4.0
TO202401014639,U11373,豪西餐厨快餐,烧烤,64.83,2026-08-11 19:33:38,成都,青羊区,30.3,4.0
TO202401014379,U10955,真快餐味道,汉堡薯条,104.22,2026-07-16 00:50:14,南京,江宁区,21.1,4.0
TO202401014380,U10729,大大饭店,汉堡薯条,47.6,2026-08-08 18:30:00,天津,和平区,41.0,3.0
TO202401014381,U11479,小麻辣厨快餐,火锅,38.75,2026-07-18 12:39:17,重庆,江北区,39.0,4.5
TO202401014382,U11240,御厨快餐,汉堡薯条,32.5,2026-07-23 21:28:56,北京,朝阳区,33.0,4.0
TO202401014383,U10603,味外卖,快餐便当,38.09,2026-07-14 18:38:35,郑州,中原区,31.2,3.5
TO202401014384,U10845,亿厨快餐,面食小吃,22.19,2026-07-27 10:00:43,北京,西城区,43.5,4.5
TO202401014385,U11423,小快餐味道,汉堡薯条,44.17,2026-07-28 13:12:59,北京,通州区,45.3,4.0
TO202401014386,U10160,正食堂,汉堡薯条,8.0,2026-08-03 14:14:55,广州,天河区,21.3,4.5
TO202401014387,U11496,御记餐厅,轻食沙拉,40.85,2026-07-25 21:08:37,广州,越秀区,56.0,4.0
TO202401014388,U11483,御厨快餐,粤菜,8.0,2026-07-27 11:57:46,北京,海淀区,34.2,5.0
TO202401014389,U11618,银日料餐厅,烧烤,25.92,2026-08-06 21:55:03,武汉,硚口区,42.7,5.0
TO202401014390,U10938,豪私房菜,面食小吃,38.38,2026-07-16 16:37:30,杭州,下城区,28.2,4.0
TO202401014391,U10310,鲜美食,快餐便当,26.55,2026-07-17 21:18:21,厦门,同安区,43.3,3.0
TO202401014392,U10572,豪西餐厨快餐,奶茶果汁,37.38,2026-07-31 18:07:07,北京,东城区,12.2,5.0
TO202401014393,U11217,百川湘私房菜,披萨意面,18.02,2026-07-13 12:45:39,武汉,江岸区,31.6,4.0
TO202401014394,U10261,皇大饭店,粤菜,34.72,2026-07-29 19:59:59,苏州,吴中区,33.5,4.5
TO202401014395,U10998,银食堂,汉堡薯条,23.36,2026-07-30 20:11:55,深圳,福田区,25.7,3.5
TO202401014396,U11667,御西餐记餐厅,汉堡薯条,30.42,2026-07-17 13:46:53,上海,徐汇区,35.2,5.0
TO202401014397,U10361,鲜美食,火锅,38.31,2026-07-27 18:23:35,成都,锦江区,41.3,4.5
TO202401014398,U10662,亿麻辣大饭店,奶茶果汁,50.42,2026-07-29 12:35:31,北京,西城区,26.0,5.0
TO202401014399,U11579,百川湘私房菜,火锅,50.66,2026-08-01 18:05:58,深圳,龙华区,38.9,4.5
TO202401014400,U10168,亿食府,快餐便当,29.85,2026-08-08 11:27:50,成都,高新区,52.6,5.0
TO202401014401,U11422,鲜记餐厅,西餐,20.14,2026-07-16 17:42:34,重庆,沙坪坝区,19.1,5.0
TO202401014402,U10724,亿味道,披萨意面,57.99,2026-07-19 18:50:08,深圳,罗湖区,39.7,4.0
TO202401014403,U11060,亿记餐厅,甜品蛋糕,57.63,2026-07-30 18:41:08,深圳,龙岗区,34.7,4.0
TO202401014404,U11549,好麻辣食府,火锅,43.47,2026-07-14 12:36:15,长沙,天心区,54.7,5.0
TO202401014405,U11465,银食府,饺子馄饨,17.12,2026-07-17 19:08:06,广州,天河区,33.7,4.0
TO202401014406,U10875,鼎食堂,日料寿司,8.0,2026-07-17 18:47:07,大连,西岗区,27.6,4.0
TO202401014407,U11372,优汉堡味道,面食小吃,36.5,2026-08-08 20:47:51,北京,通州区,51.7,5.0
TO202401014408,U11383,鼎小馆,粤菜,54.76,2026-08-10 12:55:12,广州,海珠区,37.5,5.0
TO202401014409,U11026,味轻食味道,汉堡薯条,48.04,2026-07-16 20:57:26,杭州,下城区,17.1,3.5
TO202401014410,U10680,亿西餐私房菜,粤菜,43.29,2026-08-04 20:14:54,深圳,福田区,10.5,5.0
TO202401014411,U10047,亿西餐私房菜,粤菜,29.03,2026-07-27 13:55:03,深圳,龙华区,36.2,3.5
TO202401014412,U10873,亿私房菜,快餐便当,33.36,2026-07-25 21:36:41,沈阳,皇姑区,32.9,4.0
TO202401014413,U10219,正川湘小馆,汉堡薯条,39.51,2026-07-24 12:54:47,成都,成华区,46.5,4.5
TO202401014414,U11194,鲜粤菜大饭店,快餐便当,15.19,2026-07-12 19:16:12,上海,徐汇区,28.9,5.0
TO202401014415,U11129,鲜美食,甜品蛋糕,26.52,2026-07-29 18:00:57,北京,朝阳区,34.5,4.5
TO202401014416,U11722,大餐厅,甜品蛋糕,15.46,2026-07-29 18:30:05,上海,闵行区,29.2,5.0
TO202401014417,U10862,小味道,汉堡薯条,60.82,2026-07-16 13:00:06,杭州,滨江区,10.6,5.0
TO202401014418,U10177,亿记餐厅,麻辣烫,34.96,2026-07-25 14:53:20,杭州,滨江区,28.8,4.5
TO202401014419,U10164,千厨快餐,西餐,53.24,2026-07-19 16:58:50,重庆,沙坪坝区,34.0,4.0
TO202401014420,U11460,千厨快餐,川湘菜,53.98,2026-07-14 18:51:29,上海,黄浦区,25.9,5.0
TO202401014421,U11062,豪餐厅,火锅,53.04,2026-08-04 12:39:15,厦门,湖里区,31.3,5.0
TO202401014422,U10515,万汉堡小馆,粤菜,18.66,2026-07-31 12:24:13,成都,武侯区,27.5,4.0
TO202401014423,U11461,鲜记餐厅,烧烤,104.2,2026-07-28 20:12:18,上海,黄浦区,49.5,4.5
TO202401014424,U10623,正烧烤小馆,面食小吃,10.56,2026-08-06 22:28:20,沈阳,皇姑区,40.8,4.0
TO202401014425,U10675,亿外卖,面食小吃,17.73,2026-08-06 20:31:13,上海,静安区,24.9,4.0
TO202401014426,U10425,亿面食厨快餐,饺子馄饨,36.13,2026-08-10 12:02:57,武汉,汉阳区,30.9,5.0
TO202401014427,U10448,好麻辣食府,西餐,26.27,2026-07-14 18:26:20,重庆,南岸区,19.4,4.0
TO202401014428,U11711,银食府,烧烤,49.02,2026-07-26 15:14:19,天津,河西区,40.7,4.0
TO202401014429,U10912,亿甜品小馆,披萨意面,54.76,2026-07-13 13:29:52,长沙,岳麓区,25.1,2.0
TO202401014430,U11242,小日料食府,奶茶果汁,58.74,2026-08-04 21:49:02,深圳,宝安区,19.5,3.5
TO202401014431,U11144,正烧烤小馆,奶茶果汁,37.69,2026-08-07 15:16:19,沈阳,皇姑区,32.4,1.0
TO202401014432,U10072,银食府,火锅,160.55,2026-08-03 19:33:11,南京,鼓楼区,34.7,3.0
TO202401014433,U10108,银食堂,汉堡薯条,43.86,2026-07-17 19:07:58,西安,新城区,29.6,5.0
TO202401014434,U11041,金厨房,西餐,13.0,2026-07-24 12:27:44,重庆,九龙坡区,52.8,5.0
TO202401014435,U11500,鼎食堂,西餐,22.57,2026-07-31 16:32:19,西安,长安区,46.5,4.5
TO202401014436,U11325,亿美食,轻食沙拉,8.0,2026-07-15 12:38:05,西安,未央区,43.0,4.5
TO202401014437,U11329,味轻食味道,麻辣烫,28.47,2026-08-08 11:14:40,深圳,龙华区,13.8,4.5
TO202401014438,U10617,鲜饺子食府,快餐便当,8.0,2026-07-27 13:33:54,苏州,吴江区,49.4,4.5
TO202401014439,U10535,小快餐味道,汉堡薯条,8.0,2026-08-09 21:21:03,北京,海淀区,10.0,3.0
TO202401010580,U11718,豪私房菜,烧烤,71.03,2026-07-13 14:26:23,广州,越秀区,10.0,5.0
TO202401014441,U10553,豪私房菜,麻辣烫,8.0,2026-07-25 11:40:48,南京,秦淮区,24.9,5.0
TO202401014442,U11422,豪私房菜,西餐,16.26,2026-07-26 12:20:13,苏州,高新区,33.3,5.0
TO202401014443,U10574,小日料食府,披萨意面,22.02,2026-07-17 22:54:12,成都,武侯区,49.6,5.0
TO202401014444,U11180,真美食,粤菜,48.38,2026-07-18 18:32:40,上海,闵行区,58.0,3.5
TO202401014445,U10638,亿美食,饺子馄饨,55.71,2026-08-10 08:55:58,郑州,二七区,39.5,3.0
TO202401014446,U11005,银食府,奶茶果汁,41.25,2026-07-20 22:28:02,北京,海淀区,53.6,5.0
TO202401014447,U10987,真快餐味道,麻辣烫,49.49,2026-08-05 10:04:18,北京,东城区,26.4,4.5
TO202401014448,U11314,百川湘私房菜,汉堡薯条,19.2,2026-08-04 15:54:59,长沙,开福区,18.6,4.0
TO202401014449,U10983,味小馆,快餐便当,35.79,2026-07-27 15:17:34,北京,朝阳区,30.1,5.0
TO202401014450,U10562,真美食,日料寿司,51.99,2026-08-01 13:05:14,西安,未央区,49.4,4.0
TO202401014451,U10718,老厨快餐,快餐便当,50.14,2026-08-08 18:40:20,天津,河东区,41.6,5.0
TO202401014452,U10438,亿甜品美食,面食小吃,38.47,2026-08-09 17:44:27,沈阳,大东区,22.4,3.0
TO202401014453,U11421,亿麻辣大饭店,饺子馄饨,45.3,2026-07-26 18:29:07,深圳,宝安区,49.1,5.0
TO202401014454,U11182,万味道,饺子馄饨,95.23,2026-08-03 15:42:55,北京,西城区,21.1,4.5
TO202401014455,U11241,好麻辣食府,西餐,32.03,2026-07-21 11:32:54,上海,徐汇区,42.7,5.0
TO202401014456,U10179,好麻辣食府,日料寿司,48.17,2026-07-25 19:18:27,杭州,西湖区,28.5,4.0
TO202401014457,U10015,味轻食味道,粤菜,20.72,2026-08-06 12:41:32,武汉,江岸区,35.8,4.0
TO202401014458,U11511,千厨快餐,面食小吃,9.42,2026-07-23 20:25:32,武汉,武昌区,38.2,5.0
TO202401014459,U10857,千奶茶餐厅,奶茶果汁,44.47,2026-07-22 18:57:24,深圳,罗湖区,29.6,5.0
TO202401014460,U10863,真快餐味道,烧烤,52.16,2026-07-15 10:11:22,北京,丰台区,33.4,5.0
TO202401014461,U11319,亿甜品美食,奶茶果汁,27.37,2026-08-05 19:00:36,苏州,吴江区,60.6,4.0
TO202401014462,U10412,大记餐厅,麻辣烫,51.09,2026-07-16 22:27:11,北京,丰台区,48.9,4.5
TO202401014463,U11386,万味道,烧烤,44.66,2026-07-14 22:03:03,天津,河东区,43.2,4.0
TO202401014464,U11600,味外卖,饺子馄饨,19.25,2026-08-01 11:38:53,上海,长宁区,43.8,3.5
TO202401014465,U11631,小麻辣厨快餐,面食小吃,17.01,2026-07-19 11:12:33,天津,南开区,39.2,4.5
TO202401014466,U10775,皇大饭店,麻辣烫,8.12,2026-07-16 16:28:13,武汉,硚口区,28.3,5.0
TO202401014467,U11004,小日料食府,粤菜,12.4,2026-07-22 15:52:40,苏州,吴中区,23.6,4.5
TO202401014468,U11365,真外卖,轻食沙拉,47.92,2026-07-15 17:01:24,重庆,江北区,31.7,4.5
TO202401014469,U11473,亿食府,日料寿司,34.02,2026-07-17 21:49:39,上海,徐汇区,30.9,5.0
TO202401014470,U11102,银奶茶餐厅,西餐,18.61,2026-07-18 09:03:28,重庆,九龙坡区,42.5,4.0
TO202401014471,U10881,御奶茶厨快餐,饺子馄饨,40.46,2026-08-02 15:34:04,重庆,江北区,34.6,4.5
TO202401014472,U10287,鲜粤菜大饭店,汉堡薯条,29.69,2026-07-19 06:13:44,武汉,硚口区,35.3,2.0
TO202401014473,U10560,亿麻辣大饭店,汉堡薯条,23.57,2026-07-19 12:35:44,北京,海淀区,36.3,4.5
TO202401014474,U10373,正川湘小馆,西餐,29.25,2026-08-04 08:09:37,南京,秦淮区,46.5,2.0
TO202401014475,U10952,御厨快餐,面食小吃,44.43,2026-07-30 12:48:09,深圳,福田区,18.5,5.0
TO202401014476,U11185,真美食,轻食沙拉,27.51,2026-07-21 11:41:45,青岛,黄岛区,21.2,5.0
TO202401014477,U10641,优汉堡餐厅,轻食沙拉,45.46,2026-08-08 21:36:10,杭州,拱墅区,10.0,3.5
TO202401014478,U10462,千奶茶餐厅,饺子馄饨,34.75,2026-07-30 12:48:29,深圳,罗湖区,24.0,5.0
TO202401014479,U11302,亿甜品美食,西餐,30.57,2026-08-06 18:25:06,深圳,宝安区,21.4,4.5
TO202401014480,U10495,百汉堡厨快餐,快餐便当,15.46,2026-07-16 14:55:58,上海,黄浦区,47.4,5.0
TO202401014481,U11252,鲜记餐厅,饺子馄饨,67.43,2026-07-12 14:23:47,北京,西城区,43.5,4.0
TO202401014482,U11134,御记餐厅,川湘菜,50.32,2026-08-02 11:34:44,郑州,管城区,37.5,5.0
TO202401014483,U10013,亿美食,快餐便当,62.55,2026-07-15 14:57:55,南京,鼓楼区,43.7,4.5
TO202401014484,U11355,正外卖,披萨意面,47.43,2026-08-01 22:23:33,深圳,龙岗区,27.7,3.5
TO202401014485,U11097,亿面食厨快餐,烧烤,39.67,2026-07-20 12:27:21,上海,徐汇区,41.9,4.0
TO202401014486,U10427,亿美食,奶茶果汁,13.0,2026-07-31 19:36:23,苏州,吴中区,13.1,4.5
TO202401014487,U11224,豪西餐厨快餐,粤菜,18.43,2026-07-25 12:58:02,武汉,洪山区,36.3,4.0
TO202401014488,U10596,鲜私房菜,粤菜,31.19,2026-08-06 11:57:07,北京,西城区,31.5,3.5
TO202401014489,U10297,豪川湘私房菜,烧烤,25.86,2026-07-15 14:12:01,天津,北辰区,20.5,3.5
TO202401014490,U11180,百汉堡厨快餐,快餐便当,16.03,2026-07-25 23:33:37,广州,白云区,25.5,5.0
TO202401014491,U10388,大餐厅,甜品蛋糕,,2026-07-29 07:09:04,苏州,吴中区,34.9,5.0
TO202401014492,U11255,小私房菜,汉堡薯条,8.0,2026-07-24 12:46:34,北京,通州区,70.0,5.0
TO202401014493,U10940,豪川湘私房菜,甜品蛋糕,8.0,2026-07-20 01:55:15,武汉,洪山区,27.3,1.0
TO202401014494,U10817,御记餐厅,麻辣烫,34.56,2026-07-31 21:43:23,苏州,工业园区,48.3,5.0
TO202401014495,U10738,小味道,披萨意面,25.81,2026-07-13 13:00:37,广州,番禺区,26.7,3.5
TO202401014496,U10113,优食府,快餐便当,13.04,2026-08-04 11:21:03,北京,通州区,43.4,4.5
TO202401014497,U11176,银食堂,披萨意面,21.13,2026-07-13 16:23:41,沈阳,铁西区,44.5,4.5
TO202401014498,U11161,真美食,快餐便当,18.3,2026-08-02 11:06:59,天津,河东区,26.7,5.0
TO202401014499,U10037,真美食,汉堡薯条,39.76,2026-08-07 08:50:49,西安,莲湖区,15.8,4.0
TO202401014500,U11335,小日料食府,麻辣烫,60.95,2026-07-25 19:31:04,北京,西城区,23.9,5.0
TO202401014501,U10393,小私房菜,汉堡薯条,16.77,2026-08-05 17:08:27,北京,朝阳区,18.7,4.5
TO202401014502,U11093,小味道,奶茶果汁,46.5,2026-07-12 21:34:15,苏州,吴中区,40.4,5.0
TO202401014503,U10826,小私房菜,日料寿司,11.13,2026-08-05 19:11:32,广州,越秀区,41.0,4.5
TO202401014504,U11179,皇大饭店,轻食沙拉,30.71,2026-07-13 18:21:58,成都,成华区,34.0,3.5
TO202401014505,U10452,好麻辣食府,粤菜,38.94,2026-07-28 12:53:23,郑州,二七区,32.0,5.0
TO202401014506,U10560,大餐厅,饺子馄饨,54.22,2026-07-26 09:40:03,苏州,相城区,31.8,4.0
TO202401014507,U10604,鲜外卖,日料寿司,18.26,2026-08-10 20:07:22,广州,白云区,14.8,3.5
TO202401014508,U10849,鲜饺子食府,轻食沙拉,36.3,2026-08-01 12:07:29,成都,成华区,35.6,3.0
TO202401014509,U10817,味外卖,西餐,28.69,2026-07-28 13:54:50,深圳,宝安区,44.9,4.5
TO202401014510,U10576,豪餐厅,奶茶果汁,20.42,2026-07-25 13:39:56,青岛,崂山区,48.0,5.0
TO202401014511,U10220,大大饭店,川湘菜,22.13,2026-07-15 14:11:24,郑州,惠济区,39.1,4.5
TO202401014512,U10766,味轻食味道,奶茶果汁,11.61,2026-07-24 10:33:14,深圳,罗湖区,45.8,5.0
TO202401014513,U10009,正外卖,西餐,30.01,2026-07-14 11:43:12,北京,东城区,39.9,4.5
TO202401014514,U11270,御西餐记餐厅,西餐,39.71,2026-07-18 12:53:36,杭州,拱墅区,22.3,5.0
TO202401014515,U11070,鲜外卖,川湘菜,40.86,2026-07-30 22:26:35,苏州,姑苏区,41.2,5.0
TO202401014516,U10560,皇食堂,披萨意面,28.54,2026-07-31 19:44:43,上海,黄浦区,25.7,5.0
TO202401014517,U11170,香私房菜,日料寿司,34.57,2026-07-26 17:26:06,成都,成华区,23.9,4.5
TO202401014518,U10159,银日料餐厅,轻食沙拉,39.27,2026-08-03 12:21:07,上海,黄浦区,36.7,5.0
TO202401014519,U10872,亿披萨食府,川湘菜,47.78,2026-07-21 13:08:32,厦门,湖里区,32.7,5.0
TO202401014520,U10715,百川湘私房菜,快餐便当,29.66,2026-08-01 12:58:07,成都,高新区,45.0,4.5
TO202401014521,U10970,小日料食府,奶茶果汁,56.17,2026-07-23 09:27:43,北京,东城区,46.6,5.0
TO202401014522,U10011,千厨快餐,汉堡薯条,32.28,2026-07-20 19:05:12,杭州,滨江区,51.8,5.0
TO202401014523,U11755,鼎食堂,火锅,26.27,2026-07-31 18:19:57,武汉,汉阳区,43.6,5.0
TO202401014524,U11487,鲜烧烤外卖,披萨意面,70.56,2026-07-28 20:24:35,杭州,上城区,40.5,5.0
TO202401014525,U11756,鲜轻食大饭店,粤菜,48.25,2026-07-28 11:33:33,郑州,金水区,27.2,4.5
TO202401014526,U10788,正食堂,烧烤,75.49,2026-08-01 03:38:38,上海,黄浦区,40.4,4.0
TO202401014527,U10097,金厨房,汉堡薯条,32.91,2026-07-13 00:42:00,深圳,福田区,53.9,4.5
TO202401014528,U10935,味厨快餐,麻辣烫,23.67,2026-07-19 07:11:31,长沙,开福区,26.1,5.0
TO202401014529,U10091,亿记餐厅,甜品蛋糕,66.62,2026-07-19 14:54:20,上海,长宁区,43.2,4.5
TO202401014530,U11207,味轻食味道,快餐便当,40428.47,2026-07-19 11:53:09,北京,西城区,52.3,5.0
TO202401014531,U11386,皇大饭店,饺子馄饨,58.57,2026-08-07 22:36:29,大连,沙河口区,21.8,5.0
TO202401014532,U10938,正外卖,西餐,47.78,2026-07-21 13:40:24,南京,秦淮区,18.0,4.5
TO202401014533,U10141,亿麻辣大饭店,甜品蛋糕,36.93,2026-08-02 09:41:44,广州,天河区,61.7,5.0
TO202401014534,U10590,百川湘私房菜,日料寿司,59.53,2026-07-18 13:19:45,长沙,望城区,40.2,4.0
TO202401014535,U10947,亿麻辣大饭店,轻食沙拉,39.76,2026-07-16 19:36:42,北京,西城区,42.1,5.0
TO202401014536,U10130,老厨快餐,烧烤,8.77,2026-07-31 12:36:19,南京,雨花台区,54.3,5.0
TO202401014537,U11591,金厨房,川湘菜,24.43,2026-07-17 12:28:29,郑州,中原区,44.0,4.5
TO202401014538,U10430,亿私房菜,粤菜,,2026-07-22 14:34:12,郑州,郑东新区,40.4,4.5
TO202401014539,U10430,正川湘小馆,麻辣烫,36.78,2026-07-16 08:14:41,北京,海淀区,16.4,5.0
TO202401014540,U10590,豪私房菜,面食小吃,27.54,2026-08-03 11:50:21,北京,东城区,55.1,4.0
TO202401014541,U10440,亿味道,甜品蛋糕,26.31,2026-07-19 13:33:12,杭州,余杭区,32.6,3.5
TO202401014542,U10586,御记餐厅,日料寿司,51.35,2026-08-02 21:21:11,长沙,天心区,32.5,4.0
TO202401014543,U11533,正烧烤小馆,西餐,14.24,2026-08-09 14:34:46,厦门,思明区,28.1,2.0
TO202401014544,U10436,优汉堡餐厅,麻辣烫,40.52,2026-07-26 12:57:06,北京,东城区,35.4,5.0
TO202401014545,U10459,御厨快餐,奶茶果汁,41.36,2026-08-02 11:21:23,上海,浦东新区,38.4,4.5
TO202401014546,U11528,豪餐厅,汉堡薯条,52.07,2026-08-08 09:08:59,上海,徐汇区,54.0,4.5
TO202401014547,U11113,亿甜品美食,西餐,50.45,2026-07-18 15:21:41,广州,海珠区,37.4,5.0
TO202401014548,U11099,正记餐厅,麻辣烫,15.41,2026-08-04 22:43:07,武汉,江汉区,19.4,5.0
TO202401014549,U11468,鲜粤菜大饭店,披萨意面,39.98,2026-08-02 13:21:22,上海,黄浦区,23.0,5.0
TO202401014550,U11440,小私房菜,汉堡薯条,30.94,2026-07-18 06:56:54,西安,长安区,39.2,5.0
TO202401014551,U10373,银食堂,火锅,9.79,2026-07-22 14:35:46,深圳,罗湖区,38.3,5.0
TO202401014552,U10160,万小馆,粤菜,16.01,2026-08-11 17:00:39,成都,锦江区,24.3,4.5
TO202401014553,U10221,豪私房菜,川湘菜,12.72,2026-08-02 14:36:25,深圳,宝安区,28.1,4.5
TO202401014554,U11350,亿私房菜,甜品蛋糕,29.04,2026-07-29 17:52:58,上海,闵行区,26.3,5.0
TO202401014555,U10445,鼎小馆,奶茶果汁,61.49,2026-07-13 12:23:21,重庆,渝中区,50.2,4.0
TO202401014556,U11027,小奶茶记餐厅,饺子馄饨,38.8,2026-07-17 15:08:32,深圳,福田区,19.1,2.0
TO202401014557,U11458,小麻辣厨快餐,火锅,36.81,2026-07-23 17:47:17,郑州,惠济区,40.0,5.0
TO202401014558,U11618,优汉堡味道,粤菜,41.66,2026-07-21 18:53:29,长沙,岳麓区,50.9,5.0
TO202401014559,U10294,鲜轻食大饭店,火锅,46.7,2026-07-22 14:04:42,上海,浦东新区,37.3,4.0
TO202401014560,U10679,大美食,烧烤,26.41,2026-07-29 18:37:48,武汉,江汉区,45.3,5.0
TO202401014561,U11122,小奶茶记餐厅,快餐便当,20.18,2026-07-18 12:17:49,上海,黄浦区,52.1,4.0
TO202401014562,U11176,银日料餐厅,汉堡薯条,12.27,2026-08-10 00:39:57,成都,高新区,33.8,5.0
TO202401014563,U11381,鲜外卖,西餐,50.51,2026-08-03 12:22:50,深圳,罗湖区,39.1,4.0
TO202401014564,U11646,银奶茶餐厅,烧烤,38.59,2026-07-17 17:25:58,重庆,渝北区,47.2,5.0
TO202401014565,U11482,真快餐味道,快餐便当,34.28,2026-08-02 18:44:36,成都,金牛区,27.5,4.5
TO202401014566,U11169,小麻辣厨快餐,面食小吃,29.75,2026-07-20 17:05:29,长沙,芙蓉区,51.5,4.0
TO202401014567,U10209,皇奶茶食府,麻辣烫,37.19,2026-07-18 19:27:32,重庆,渝北区,33.1,4.5
TO202401014568,U10330,小味道,甜品蛋糕,39.09,2026-07-24 21:56:10,广州,荔湾区,20.4,4.5
TO202401014569,U10651,鲜烧烤外卖,汉堡薯条,35.72,2026-07-30 01:27:43,苏州,工业园区,59.1,3.5
TO202401014570,U10970,百奶茶食府,面食小吃,27.01,2026-07-18 10:03:08,成都,高新区,25.2,4.5
TO202401014571,U10956,亿披萨食府,西餐,55.01,2026-08-08 11:48:30,深圳,罗湖区,27.8,5.0
TO202401014572,U11178,亿甜品小馆,烧烤,75.92,2026-07-15 11:14:01,上海,闵行区,36.3,3.0
TO202401014573,U11030,小日料食府,甜品蛋糕,38.61,2026-08-08 08:59:57,成都,金牛区,62.1,4.5
TO202401014574,U10434,优汉堡餐厅,甜品蛋糕,18.68,2026-08-03 18:10:09,广州,白云区,41.7,5.0
TO202401014575,U11311,味小馆,奶茶果汁,31.76,2026-07-13 11:41:19,郑州,惠济区,29.4,4.0
TO202401014576,U11529,正记餐厅,火锅,22.16,2026-07-23 15:13:25,长沙,望城区,58.3,5.0
TO202401014577,U11485,味厨快餐,披萨意面,29.28,2026-08-04 10:08:56,上海,静安区,42.5,4.0
TO202401014578,U11125,百汉堡厨快餐,川湘菜,19.87,2026-08-04 17:45:16,西安,未央区,28.0,4.5
TO202401014579,U10401,鲜烧烤外卖,火锅,33.43,2026-07-16 17:00:43,上海,黄浦区,35.9,5.0
TO202401014580,U10818,真外卖,麻辣烫,78.51,2026-07-21 22:32:13,广州,越秀区,36.5,5.0
TO202401014581,U11239,真快餐味道,奶茶果汁,34.39,2026-08-10 18:36:07,杭州,西湖区,59.0,5.0
TO202401014582,U10535,御汉堡厨快餐,烧烤,33.57,2026-08-09 11:59:09,天津,河北区,27.3,3.0
TO202401014583,U11289,味厨快餐,日料寿司,20.31,2026-07-25 18:49:30,上海,长宁区,26.8,5.0
TO202401014584,U11148,小私房菜,麻辣烫,30.56,2026-08-02 00:50:05,南京,秦淮区,27.4,4.5
TO202401014585,U11754,亿麻辣大饭店,烧烤,40.86,2026-07-12 18:26:42,天津,河北区,30.3,5.0
TO202401014586,U10427,好麻辣食府,烧烤,26.84,2026-07-23 12:29:22,南京,雨花台区,37.9,5.0
TO202401014587,U10938,豪私房菜,火锅,8.0,2026-08-10 10:01:52,武汉,洪山区,47.1,2.0
TO202401014588,U10347,亿厨快餐,麻辣烫,50.13,2026-07-21 09:00:36,西安,雁塔区,28.9,5.0
TO202401014589,U10112,味外卖,烧烤,15.95,2026-07-28 07:35:32,西安,未央区,56.5,5.0
TO202401014590,U11702,御厨快餐,轻食沙拉,45.35,2026-08-03 20:48:47,西安,未央区,38.3,5.0
TO202401014591,U10285,真美食,川湘菜,48.87,2026-07-31 22:40:36,广州,白云区,18.8,4.0
TO202401014592,U11180,好麻辣食府,甜品蛋糕,39.88,2026-07-26 10:02:50,上海,浦东新区,46.1,5.0
TO202401014593,U11628,银食府,面食小吃,37.28,2026-07-15 10:15:40,重庆,渝中区,18.4,4.0
TO202401014594,U10015,小私房菜,粤菜,77.65,2026-07-30 14:29:24,天津,河北区,31.5,5.0
TO202401014595,U10532,金厨房,日料寿司,45.63,2026-07-30 13:55:48,广州,越秀区,25.0,5.0
TO202401014596,U11729,大记餐厅,川湘菜,56.82,2026-07-18 21:09:52,深圳,罗湖区,37.1,4.0
TO202401014597,U10128,味轻食味道,快餐便当,29.63,2026-07-30 10:32:44,广州,白云区,36.4,4.5
TO202401014598,U10237,鲜烧烤外卖,粤菜,45.87,2026-07-20 21:13:37,苏州,高新区,41.8,4.0
TO202401014599,U10572,御奶茶小馆,火锅,8.0,2026-07-30 12:12:01,大连,甘井子区,10.0,4.0
TO202401014600,U11331,百奶茶食府,麻辣烫,63.3,2026-07-20 20:10:28,北京,东城区,48.1,4.5
TO202401014601,U10436,银奶茶餐厅,饺子馄饨,59.1,2026-08-10 18:48:59,西安,莲湖区,48.5,5.0
TO202401014602,U10492,御奶茶厨快餐,汉堡薯条,63.49,2026-07-28 16:21:55,上海,浦东新区,51.7,5.0
TO202401014603,U10325,百川湘私房菜,日料寿司,31.34,2026-08-10 19:30:45,上海,浦东新区,30.9,4.5
TO202401014604,U10171,小奶茶记餐厅,奶茶果汁,11.49,2026-07-30 10:20:08,长沙,天心区,53.9,4.5
TO202401014605,U10562,老厨快餐,汉堡薯条,38.38,2026-07-14 19:26:18,深圳,龙岗区,25.6,4.0
TO202401014606,U10206,味小馆,面食小吃,40.06,2026-08-02 18:50:57,天津,南开区,37.5,4.5
TO202401014607,U10108,小快餐味道,烧烤,14.13,2026-08-07 18:53:06,苏州,吴江区,30.4,4.0
TO202401014608,U11044,真美食,快餐便当,18.44,2026-07-18 19:15:56,深圳,福田区,52.9,4.5
TO202401014609,U11014,御记餐厅,日料寿司,29.31,2026-08-10 17:54:08,北京,东城区,24.8,5.0
TO202401014610,U11049,亿西餐私房菜,汉堡薯条,9.93,2026-07-15 17:11:29,北京,西城区,32.0,3.5
TO202401014611,U10181,小味道,川湘菜,8.0,2026-07-18 22:14:19,武汉,硚口区,35.2,5.0
TO202401014612,U10441,御西餐记餐厅,粤菜,24.17,2026-08-02 15:00:40,天津,北辰区,32.4,3.0
TO202401014613,U10561,优汉堡味道,烧烤,55.93,2026-08-06 11:40:56,北京,东城区,17.2,5.0
TO202401014614,U11537,优汉堡餐厅,饺子馄饨,26.3,2026-07-28 17:09:50,深圳,宝安区,45.9,3.0
TO202401014615,U10212,优食府,汉堡薯条,24.51,2026-07-30 13:46:46,北京,朝阳区,29.3,5.0
TO202401014616,U10217,鲜粤菜大饭店,川湘菜,21.28,2026-07-31 11:28:49,重庆,江北区,42.7,5.0
TO202401014617,U10063,万小馆,面食小吃,,2026-08-03 20:19:50,西安,新城区,18.3,4.5
TO202401014618,U10286,味外卖,饺子馄饨,42.67,2026-07-21 16:53:56,杭州,滨江区,37.4,5.0
TO202401014619,U10455,御奶茶小馆,日料寿司,53.78,2026-07-14 13:09:54,广州,海珠区,28.5,5.0
TO202401014620,U11386,优汉堡味道,汉堡薯条,36.99,2026-08-10 10:45:37,长沙,望城区,35.7,5.0
TO202401014621,U11687,大大饭店,轻食沙拉,54.04,2026-07-17 11:57:39,杭州,余杭区,37.3,5.0
TO202401014622,U10512,亿美食,饺子馄饨,40.39,2026-07-16 18:50:23,深圳,宝安区,19.7,4.5
TO202401014623,U10650,鲜粤菜大饭店,火锅,8.0,2026-07-13 20:23:44,天津,河北区,41.1,3.5
TO202401014624,U10229,亿私房菜,披萨意面,19.68,2026-07-20 18:20:25,深圳,龙华区,43.5,4.0
TO202401014625,U10392,豪西餐厨快餐,甜品蛋糕,19.77,2026-08-09 02:33:44,上海,浦东新区,19.6,4.0
TO202401014626,U10862,亿私房菜,火锅,46.86,2026-07-30 11:56:26,成都,高新区,52.5,5.0
TO202401014627,U10528,万汉堡小馆,快餐便当,15.73,2026-08-08 23:15:12,北京,通州区,53.3,4.5
TO202401014628,U11677,正烧烤小馆,奶茶果汁,27.16,2026-07-14 14:48:42,长沙,开福区,21.5,4.0
TO202401014629,U11415,百奶茶食府,汉堡薯条,17.59,2026-07-17 17:42:53,广州,越秀区,35.3,3.5
TO202401014630,U10860,皇大饭店,面食小吃,109.67,2026-08-08 17:52:13,西安,碑林区,35.1,3.0
TO202401014631,U10000,鲜饺子食府,披萨意面,120.7,2026-08-09 18:42:53,广州,番禺区,37.5,5.0
TO202401014632,U10944,亿麻辣大饭店,甜品蛋糕,14.8,2026-07-27 18:52:51,深圳,龙岗区,25.5,5.0
TO202401014633,U11573,大美食,日料寿司,15.51,2026-07-18 17:04:49,北京,西城区,26.2,4.0
TO202401014634,U10796,亿甜品美食,川湘菜,8.0,2026-08-04 11:08:26,郑州,惠济区,19.8,4.0
TO202401014635,U11378,味厨快餐,粤菜,65792.26,2026-07-26 18:20:11,大连,中山区,24.0,4.0
TO202401014636,U11303,正川湘小馆,汉堡薯条,8.0,2026-07-23 12:34:40,深圳,南山区,17.0,5.0
TO202401014637,U10691,味小馆,快餐便当,143.99,2026-07-22 11:28:48,重庆,南岸区,32.1,2.0
TO202401014638,U11099,万汉堡小馆,川湘菜,8.0,2026-07-20 20:34:05,深圳,福田区,27.0,3.5
TO202401014639,U11181,真外卖,面食小吃,40.46,2026-07-25 22:45:23,天津,河北区,30.8,5.0
TO202401014640,U11670,万汉堡小馆,披萨意面,37.69,2026-08-09 20:05:19,成都,武侯区,33.2,3.5
TO202401014641,U10799,百川湘私房菜,烧烤,35.64,2026-08-11 19:34:42,广州,白云区,30.3,5.0
TO202401014642,U10986,小日料食府,奶茶果汁,8.0,2026-08-02 11:22:53,杭州,拱墅区,42.4,4.0
TO202401014643,U10509,百川湘私房菜,披萨意面,29.76,2026-07-29 11:20:49,北京,通州区,46.5,4.0
TO202401014644,U10997,亿西餐私房菜,饺子馄饨,15.2,2026-08-09 07:58:38,北京,通州区,62.2,4.5
TO202401014645,U11250,御奶茶厨快餐,披萨意面,60.05,2026-07-14 21:36:59,西安,碑林区,35.3,4.0
TO202401014646,U11463,皇大饭店,日料寿司,20.74,2026-07-24 13:29:01,天津,河西区,28.4,5.0
TO202401014647,U11078,皇食堂,火锅,90.47,2026-07-22 18:08:04,西安,碑林区,48.8,5.0
TO202401014648,U10873,御记餐厅,川湘菜,45.22,2026-08-10 12:01:01,成都,成华区,15.7,5.0
TO202401014649,U10335,御西餐记餐厅,西餐,8.0,2026-08-03 21:31:23,广州,海珠区,43.7,5.0
TO202401014650,U10464,老厨快餐,粤菜,30.16,2026-07-17 21:13:36,深圳,龙岗区,25.0,5.0
TO202401014651,U11063,亿麻辣大饭店,奶茶果汁,69.07,2026-07-13 21:29:11,深圳,龙华区,35.7,4.0
TO202401014652,U10769,鲜粤菜大饭店,披萨意面,51.28,2026-07-19 15:59:30,天津,南开区,28.7,3.0
TO202401014653,U11040,小私房菜,粤菜,24.51,2026-08-06 12:48:18,武汉,武昌区,34.8,4.5
TO202401014654,U10899,小私房菜,火锅,27.88,2026-07-25 15:40:59,北京,西城区,55.8,4.0
TO202401014655,U11395,豪餐厅,披萨意面,31.68,2026-07-23 19:37:11,深圳,罗湖区,47.9,5.0
TO202401014656,U10668,大餐厅,汉堡薯条,51.44,2026-07-29 13:25:22,重庆,渝北区,49.0,3.5
TO202401014657,U10615,亿甜品美食,日料寿司,31.57,2026-07-28 11:40:04,武汉,汉阳区,50.2,4.5
TO202401014658,U11680,百川湘私房菜,西餐,55.37,2026-07-25 19:01:12,苏州,高新区,41.1,1.0
TO202401014659,U11367,千奶茶餐厅,粤菜,24.4,2026-08-09 22:55:26,杭州,滨江区,22.6,5.0
TO202401014660,U10295,豪川湘私房菜,日料寿司,46.02,2026-07-22 18:42:52,青岛,市南区,23.6,4.5
TO202401014661,U10600,鲜烧烤外卖,川湘菜,31.34,2026-07-22 17:25:54,上海,长宁区,40.4,5.0
TO202401014662,U10880,金厨房,日料寿司,48.71,2026-07-28 18:32:41,长沙,望城区,20.9,3.5
TO202401014663,U11569,皇大饭店,甜品蛋糕,46.18,2026-08-09 12:53:26,深圳,南山区,15.4,5.0
TO202401014664,U10631,鲜烧烤外卖,粤菜,28.4,2026-07-26 09:57:52,广州,荔湾区,24.3,5.0
TO202401014665,U10926,真外卖,轻食沙拉,18.97,2026-08-10 13:09:44,上海,长宁区,18.6,4.5
TO202401014666,U11336,亿私房菜,面食小吃,55.18,2026-07-28 10:52:11,深圳,宝安区,55.9,5.0
TO202401014667,U11404,御汉堡厨快餐,披萨意面,65.01,2026-07-14 12:33:03,北京,海淀区,39.1,4.5
TO202401014668,U10139,亿厨快餐,麻辣烫,28.73,2026-07-25 15:18:43,长沙,天心区,29.6,3.5
TO202401014669,U11277,大美食,奶茶果汁,36.01,2026-08-11 17:52:40,沈阳,浑南区,46.9,1.0
TO202401014670,U11600,亿西餐私房菜,轻食沙拉,8.0,2026-07-31 16:24:38,深圳,龙岗区,33.0,4.5
TO202401014671,U10612,真快餐味道,披萨意面,44.47,2026-08-04 14:30:06,深圳,罗湖区,30.5,5.0
TO202401014672,U11174,正记餐厅,西餐,41.29,2026-07-22 17:39:46,南京,建邺区,35.8,4.0
TO202401014673,U11159,真美食,面食小吃,27.68,2026-08-05 10:54:27,杭州,西湖区,53.5,3.5
TO202401014674,U11407,鲜私房菜,甜品蛋糕,60.26,2026-07-20 12:58:15,杭州,下城区,44.6,4.0
TO202401014675,U10077,味厨快餐,饺子馄饨,55.84,2026-07-21 11:36:52,厦门,海沧区,39.0,5.0
TO202401014676,U10595,大餐厅,粤菜,27.48,2026-07-15 10:43:32,北京,通州区,41.5,5.0
TO202401014677,U10158,亿美食,饺子馄饨,38.67,2026-07-17 11:00:00,深圳,罗湖区,11.3,4.5
TO202401014678,U10491,正外卖,日料寿司,36.54,2026-07-17 19:01:30,北京,海淀区,55.3,4.0
TO202401014679,U10287,银食堂,奶茶果汁,40.98,2026-08-07 12:17:40,成都,金牛区,55.4,2.0
TO202401014680,U10728,小私房菜,火锅,25.16,2026-08-05 19:15:28,武汉,江岸区,10.0,5.0
TO202401014681,U10555,味轻食味道,汉堡薯条,10.24,2026-07-31 20:17:48,杭州,西湖区,60.6,5.0
TO202401014682,U10344,味轻食味道,快餐便当,54.86,2026-08-01 08:22:23,青岛,黄岛区,30.0,4.0
TO202401014683,U10936,鼎大饭店,披萨意面,33.23,2026-07-20 10:49:49,杭州,西湖区,37.2,3.5
TO202401014684,U10703,正记餐厅,粤菜,48.44,2026-08-03 19:52:41,南京,江宁区,56.2,4.0
TO202401014685,U10850,大大饭店,披萨意面,62.46,2026-07-22 17:28:04,天津,河北区,48.9,4.0
TO202401014686,U10472,御奶茶小馆,烧烤,40.26,2026-08-01 10:10:24,杭州,西湖区,25.1,4.5
TO202401014687,U10706,御奶茶厨快餐,粤菜,182.83,2026-07-21 16:45:06,大连,高新园区,14.8,4.5
TO202401014688,U10316,鲜粤菜大饭店,烧烤,14.8,2026-07-18 11:51:30,杭州,拱墅区,53.5,5.0
TO202401014689,U10063,千厨快餐,奶茶果汁,51.24,2026-07-12 11:49:28,上海,闵行区,10.0,3.5
TO202401014690,U11185,百奶茶食府,粤菜,157.84,2026-08-09 20:45:40,成都,武侯区,64.0,4.0
TO202401014691,U10707,银奶茶餐厅,麻辣烫,40.22,2026-07-15 20:42:40,西安,长安区,27.3,4.0
TO202401014692,U11405,鲜私房菜,快餐便当,59.12,2026-08-05 11:56:04,上海,徐汇区,16.1,4.5
TO202401014693,U11471,鼎食堂,日料寿司,42.38,2026-07-17 23:22:15,北京,海淀区,40.3,5.0
TO202401014694,U10188,千奶茶餐厅,西餐,9.03,2026-07-28 16:18:27,沈阳,和平区,50.7,3.5
TO202401014695,U10392,豪私房菜,快餐便当,8.62,2026-07-20 15:22:57,长沙,芙蓉区,27.4,3.5
TO202401014696,U10079,味厨快餐,西餐,20.4,2026-07-22 19:32:33,天津,河北区,24.7,4.5
TO202401014697,U10806,真外卖,麻辣烫,60.98,2026-07-16 02:53:22,厦门,湖里区,41.0,5.0
TO202401014698,U10875,亿麻辣大饭店,披萨意面,43.07,2026-08-09 18:22:09,苏州,姑苏区,27.0,2.0
TO202401014699,U11351,正烧烤小馆,日料寿司,17.9,2026-08-03 14:19:24,广州,番禺区,32.3,4.5
TO202401014700,U10224,银食堂,饺子馄饨,76.78,2026-07-20 18:19:00,南京,鼓楼区,38.0,3.5
TO202401014701,U10365,亿厨快餐,麻辣烫,34.61,2026-07-20 14:17:31,厦门,海沧区,32.8,4.5
TO202401014702,U11495,鲜饺子食府,披萨意面,38.19,2026-08-09 18:44:14,上海,闵行区,47.5,5.0
TO202401014703,U10863,小奶茶记餐厅,汉堡薯条,31.7,2026-07-19 12:07:21,沈阳,浑南区,48.4,4.5
TO202401014704,U11319,鲜外卖,西餐,80.5,2026-07-13 02:22:38,北京,通州区,53.3,5.0
TO202401014705,U11205,鲜粤菜大饭店,轻食沙拉,11.39,2026-07-31 18:13:19,南京,玄武区,34.2,5.0
TO202401014706,U10758,鼎大饭店,饺子馄饨,21.97,2026-08-10 22:22:40,郑州,金水区,46.8,4.5
TO202401014707,U10394,千厨快餐,快餐便当,46.55,2026-07-15 18:07:32,深圳,罗湖区,31.3,5.0
TO202401014708,U10179,银食府,面食小吃,32.88,2026-07-20 12:34:59,重庆,沙坪坝区,33.3,4.5
TO202401014709,U10661,亿西餐私房菜,快餐便当,27.05,2026-07-21 09:19:11,深圳,龙华区,30.3,5.0
TO202401014710,U10708,优汉堡味道,饺子馄饨,40.44,2026-07-19 20:31:42,北京,西城区,35.9,4.5
TO202401014711,U11325,老厨快餐,西餐,39.41,2026-07-27 11:36:14,西安,新城区,36.6,5.0
TO202401014712,U11680,鲜粤菜大饭店,快餐便当,31.52,2026-07-30 18:47:00,广州,番禺区,36.0,4.5
TO202401014713,U10178,优汉堡餐厅,西餐,50.16,2026-07-24 20:06:05,南京,建邺区,13.5,4.5
TO202401014714,U10772,真外卖,汉堡薯条,55.77,2026-07-21 13:51:15,广州,荔湾区,37.0,5.0
TO202401014715,U10245,鲜记餐厅,火锅,8.0,2026-08-07 21:32:40,大连,高新园区,15.5,4.0
TO202401014716,U11400,皇奶茶食府,麻辣烫,31.25,2026-07-25 12:20:42,重庆,沙坪坝区,50.9,5.0
TO202401014717,U11637,皇大饭店,面食小吃,38.28,2026-08-08 17:09:21,北京,丰台区,20.4,5.0
TO202401014718,U10198,鲜私房菜,面食小吃,8.0,2026-08-02 19:23:25,北京,通州区,13.8,5.0
TO202401014719,U10902,正外卖,轻食沙拉,68.54,2026-07-21 17:34:15,杭州,上城区,22.9,3.5
TO202401014720,U11027,亿私房菜,面食小吃,11.25,2026-07-27 11:03:31,成都,武侯区,25.9,5.0
TO202401014721,U10109,千厨快餐,披萨意面,30.41,2026-07-26 21:31:28,北京,通州区,29.8,5.0
TO202401014722,U11082,百奶茶食府,快餐便当,54.92,2026-07-27 12:48:16,上海,浦东新区,45.4,5.0
TO202401014723,U10240,正食堂,披萨意面,37.4,2026-08-04 20:05:14,天津,和平区,57.7,5.0
TO202401014724,U10331,大餐厅,火锅,40.85,2026-07-20 00:05:46,武汉,江汉区,26.8,4.5
TO202401014725,U11321,鼎小馆,粤菜,14.52,2026-08-07 20:37:09,重庆,沙坪坝区,38.0,5.0
TO202401014726,U10202,豪西餐厨快餐,轻食沙拉,32.88,2026-07-22 08:46:58,成都,金牛区,10.0,4.5
TO202401014727,U10091,真美食,汉堡薯条,58.54,2026-08-03 11:58:25,重庆,沙坪坝区,29.2,4.5
TO202401014728,U11069,豪餐厅,披萨意面,141.31,2026-08-03 18:38:11,广州,荔湾区,19.4,5.0
TO202401014729,U10772,小麻辣厨快餐,日料寿司,42.8,2026-07-25 17:34:40,苏州,相城区,20.1,5.0
TO202401014730,U10927,皇食堂,川湘菜,25.36,2026-07-16 19:36:54,重庆,沙坪坝区,32.1,4.5
TO202401014731,U10760,万小馆,西餐,62.94,2026-07-25 19:22:29,长沙,望城区,24.8,4.0
TO202401014732,U10032,鲜私房菜,轻食沙拉,8.0,2026-07-30 21:31:27,成都,金牛区,37.0,4.5
TO202401014733,U10458,豪私房菜,奶茶果汁,27.4,2026-08-03 13:08:12,成都,锦江区,27.5,3.5
TO202401014734,U10106,鼎小馆,奶茶果汁,13.82,2026-08-02 21:46:11,广州,海珠区,41.2,5.0
TO202401014735,U10941,味轻食味道,麻辣烫,64.68,2026-08-08 13:53:25,重庆,沙坪坝区,35.4,5.0
TO202401014736,U10030,皇奶茶食府,粤菜,24.91,2026-07-12 12:51:28,北京,海淀区,20.6,4.5
TO202401014737,U10112,金厨房,面食小吃,35.38,2026-07-30 19:21:49,苏州,吴中区,12.9,4.0
TO202401014738,U11487,小味道,日料寿司,29.1,2026-08-05 06:38:46,杭州,拱墅区,32.8,4.5
TO202401014739,U11007,亿面食厨快餐,轻食沙拉,37.42,2026-08-01 08:47:18,上海,闵行区,45.1,4.5
TO202401014740,U11579,正外卖,烧烤,34.03,2026-07-31 22:18:34,长沙,岳麓区,21.1,4.5
TO202401014741,U10096,正烧烤小馆,汉堡薯条,40.17,2026-07-21 17:15:16,南京,江宁区,46.1,4.0
TO202401014742,U11361,鼎大饭店,快餐便当,152.82,2026-07-31 19:49:25,成都,青羊区,33.3,5.0
TO202401014743,U11269,鲜烧烤外卖,面食小吃,46.4,2026-07-19 20:23:55,北京,通州区,24.9,4.0
TO202401014744,U10975,亿私房菜,轻食沙拉,,2026-07-15 12:21:45,成都,武侯区,21.2,3.5
TO202401014745,U10814,亿味道,火锅,41.28,2026-07-28 18:01:09,杭州,滨江区,42.9,4.5
TO202401014746,U11447,正烧烤小馆,轻食沙拉,20.14,2026-07-24 20:40:05,北京,东城区,36.7,4.5
TO202401014747,U10696,优食府,甜品蛋糕,80.15,2026-08-06 12:19:20,北京,西城区,53.0,3.5
TO202401014748,U11049,银奶茶餐厅,粤菜,31.74,2026-08-03 09:41:26,北京,东城区,36.5,5.0
TO202401014749,U11334,百奶茶食府,汉堡薯条,33.81,2026-07-22 07:59:18,广州,荔湾区,45.6,5.0
TO202401014750,U11654,老厨快餐,西餐,52.84,2026-07-24 11:16:29,沈阳,和平区,36.5,4.5
TO202401014751,U10887,正食堂,饺子馄饨,37.97,2026-08-06 11:04:19,杭州,西湖区,28.5,5.0
TO202401014752,U11550,鲜烧烤外卖,披萨意面,10.85,2026-08-06 11:58:01,武汉,江岸区,27.3,5.0
TO202401014753,U10201,味轻食味道,麻辣烫,51.18,2026-08-09 13:13:38,杭州,西湖区,50.5,4.5
TO202401014754,U11592,正食堂,饺子馄饨,43.82,2026-07-13 12:41:37,青岛,市南区,39.5,1.0
TO202401014755,U10742,亿美食,轻食沙拉,28.7,2026-07-20 15:01:46,广州,白云区,31.5,4.5
TO202401014756,U10260,御汉堡厨快餐,甜品蛋糕,59.67,2026-08-07 11:43:47,南京,秦淮区,28.7,4.0
TO202401014757,U10345,优汉堡味道,甜品蛋糕,36.92,2026-08-07 14:31:47,沈阳,沈河区,29.3,3.0
TO202401014758,U11089,御西餐记餐厅,面食小吃,39.18,2026-07-27 19:49:13,苏州,吴中区,35.0,5.0
TO202401014759,U11464,御奶茶小馆,日料寿司,27.22,2026-07-31 12:07:26,上海,闵行区,35.2,5.0
TO202401014760,U11440,亿外卖,甜品蛋糕,69.31,2026-08-05 09:09:39,北京,丰台区,27.4,3.0
TO202401014761,U10942,御厨快餐,粤菜,35.33,2026-07-18 11:57:23,上海,闵行区,47.8,4.5
TO202401014762,U10212,鲜外卖,饺子馄饨,22.91,2026-08-02 18:49:17,广州,海珠区,10.0,4.5
TO202401014763,U10263,优汉堡味道,烧烤,10.8,2026-07-15 20:35:10,成都,武侯区,31.7,4.5
TO202401014764,U11315,千奶茶餐厅,川湘菜,49.25,2026-08-05 09:12:24,深圳,福田区,45.1,4.5
TO202401014765,U10516,正外卖,披萨意面,45.54,2026-07-31 14:14:09,郑州,郑东新区,33.7,3.0
TO202401014766,U10701,御厨快餐,轻食沙拉,27.74,2026-08-11 17:13:25,成都,武侯区,34.6,5.0
TO202401014767,U10906,万味道,烧烤,23.88,2026-08-09 17:30:22,杭州,拱墅区,28.8,4.0
TO202401014768,U10716,银食堂,麻辣烫,32.67,2026-07-14 12:37:19,上海,徐汇区,32.3,5.0
TO202401014769,U11202,豪西餐厨快餐,火锅,22.29,2026-07-16 12:17:42,武汉,江岸区,33.0,5.0
TO202401014770,U10247,亿外卖,川湘菜,47.43,2026-08-01 17:30:20,青岛,城阳区,30.6,4.5
TO202401014771,U10399,鼎小馆,西餐,50.16,2026-07-25 12:45:00,成都,武侯区,42.7,5.0
TO202401014772,U10239,皇大饭店,麻辣烫,46.07,2026-07-30 12:59:30,沈阳,大东区,47.5,5.0
TO202401014773,U11751,亿美食,面食小吃,26.41,2026-08-10 11:20:48,青岛,黄岛区,37.9,2.0
TO202401014774,U11694,豪餐厅,火锅,8.0,2026-07-26 16:00:38,上海,闵行区,34.8,5.0
TO202401014775,U11156,亿私房菜,奶茶果汁,36.29,2026-07-12 18:37:17,上海,浦东新区,27.1,5.0
TO202401014776,U10031,皇奶茶食府,麻辣烫,48.44,2026-07-27 19:08:37,北京,海淀区,22.0,5.0
TO202401014777,U11076,银食府,火锅,8.0,2026-08-09 10:23:53,杭州,滨江区,42.4,4.5
TO202401014778,U10613,亿美食,面食小吃,50.52,2026-08-05 18:59:13,天津,北辰区,53.5,3.5
TO202401014779,U10100,御记餐厅,面食小吃,12.91,2026-07-26 18:00:14,北京,通州区,36.8,4.0
TO202401014780,U10102,好麻辣食府,火锅,39.95,2026-07-23 16:57:35,深圳,罗湖区,24.0,3.0
TO202401014781,U11172,银日料餐厅,甜品蛋糕,8.0,2026-07-15 11:41:55,上海,徐汇区,33.3,5.0
TO202401014782,U10480,小麻辣厨快餐,烧烤,36.59,2026-07-21 12:07:06,西安,长安区,29.3,3.5
TO202401014783,U10216,鲜饺子食府,火锅,20.02,2026-08-03 11:08:44,长沙,雨花区,49.9,5.0
TO202401014784,U11408,亿甜品美食,面食小吃,36.76,2026-07-27 16:13:17,南京,秦淮区,16.5,3.0
TO202401014785,U11561,味小馆,川湘菜,55.95,2026-07-31 08:19:42,青岛,崂山区,18.2,4.5
TO202401014786,U10105,鲜私房菜,西餐,38.58,2026-08-04 12:31:05,南京,雨花台区,25.1,4.0
TO202401014787,U10456,皇大饭店,甜品蛋糕,46.51,2026-08-05 19:45:47,沈阳,铁西区,30.8,4.5
TO202401014788,U11477,好麻辣食府,川湘菜,64.06,2026-08-09 11:17:00,上海,闵行区,29.7,5.0
TO202401014789,U10131,味小馆,烧烤,33.24,2026-07-19 21:42:41,沈阳,皇姑区,43.4,5.0
TO202401014790,U10234,鲜饺子食府,粤菜,8.0,2026-07-15 21:33:48,上海,浦东新区,35.0,4.5
TO202401014791,U10570,味外卖,汉堡薯条,37.83,2026-08-01 12:30:13,西安,莲湖区,52.4,4.5
TO202401014792,U11691,大餐厅,快餐便当,42.95,2026-08-08 03:48:47,上海,长宁区,35.0,3.5
TO202401014793,U11164,御汉堡厨快餐,汉堡薯条,36.65,2026-07-29 11:53:17,郑州,二七区,46.8,2.0
TO202401014794,U10921,万小馆,汉堡薯条,8.86,2026-07-31 16:41:37,重庆,沙坪坝区,36.4,5.0
TO202401014795,U10525,万汉堡小馆,甜品蛋糕,65.03,2026-07-24 17:50:02,深圳,福田区,19.0,4.5
TO202401014796,U11107,亿披萨食府,甜品蛋糕,150.39,2026-07-30 07:02:38,上海,徐汇区,32.8,4.5
TO202401014797,U11636,鲜粤菜大饭店,烧烤,52.43,2026-07-18 22:57:12,杭州,上城区,41.9,5.0
TO202401014798,U10881,正食堂,快餐便当,17.75,2026-07-19 07:22:00,北京,通州区,54.0,4.0
TO202401014799,U10667,亿麻辣大饭店,麻辣烫,18.69,2026-07-23 09:36:06,杭州,西湖区,39.2,4.0
TO202401014800,U10400,万小馆,奶茶果汁,31.5,2026-07-28 12:46:31,天津,和平区,44.3,4.0
TO202401014801,U10946,金厨房,汉堡薯条,32.13,2026-08-07 19:24:46,北京,东城区,26.0,5.0
TO202401014802,U10769,百汉堡厨快餐,麻辣烫,8.0,2026-07-27 16:07:00,天津,河北区,40.3,4.5
TO202401014803,U10263,银食府,粤菜,8.0,2026-07-26 18:13:01,北京,丰台区,36.2,4.0
TO202401014804,U10900,鲜轻食大饭店,日料寿司,32.99,2026-08-09 17:05:41,上海,徐汇区,12.3,5.0
TO202401014805,U11603,优汉堡餐厅,快餐便当,44.88,2026-08-07 17:28:32,北京,东城区,27.0,4.5
TO202401014806,U10525,正记餐厅,披萨意面,17.62,2026-08-09 19:22:38,广州,番禺区,39.3,5.0
TO202401014807,U11260,优汉堡餐厅,披萨意面,20.42,2026-08-05 14:42:51,深圳,罗湖区,47.9,4.5
TO202401014808,U11753,御奶茶小馆,日料寿司,50.66,2026-08-02 05:56:37,北京,通州区,32.1,5.0
TO202401014809,U11589,银食堂,饺子馄饨,21.67,2026-08-09 10:07:26,上海,闵行区,47.3,4.5
TO202401014810,U10609,味厨快餐,快餐便当,21.18,2026-07-13 21:24:47,武汉,江岸区,41.5,5.0
TO202401014811,U11604,大记餐厅,汉堡薯条,23227.52,2026-07-15 22:20:30,大连,西岗区,27.6,3.5
TO202401014812,U11633,亿甜品小馆,粤菜,22.86,2026-07-20 19:50:30,北京,海淀区,38.3,5.0
TO202401014813,U11243,小日料食府,火锅,36.65,2026-07-29 23:29:07,杭州,西湖区,22.6,3.5
TO202401014814,U10417,豪餐厅,饺子馄饨,43.65,2026-07-12 14:40:28,上海,长宁区,46.0,5.0
TO202401014815,U11723,小私房菜,麻辣烫,53.4,2026-07-18 18:16:08,大连,中山区,10.9,5.0
TO202401014816,U10088,正食堂,披萨意面,45.15,2026-08-04 10:40:58,上海,闵行区,37.6,4.0
TO202401014817,U10762,味外卖,奶茶果汁,13.4,2026-07-24 19:01:49,沈阳,浑南区,39.4,4.0
TO202401014818,U11137,亿西餐私房菜,火锅,26.67,2026-07-22 12:32:14,上海,浦东新区,46.1,3.0
TO202401014819,U10705,亿食府,披萨意面,42.7,2026-08-04 12:59:59,上海,浦东新区,27.8,5.0
TO202401014820,U11471,亿美食,奶茶果汁,35.18,2026-07-24 13:33:29,西安,新城区,23.3,4.5
TO202401014821,U10171,亿记餐厅,火锅,141.43,2026-07-15 19:35:45,沈阳,沈河区,31.4,3.5
TO202401014822,U11418,亿厨快餐,烧烤,27.4,2026-07-15 10:51:48,杭州,余杭区,40.6,5.0
TO202401014823,U10748,鲜记餐厅,轻食沙拉,,2026-07-14 17:04:37,北京,通州区,29.5,5.0
TO202401014824,U10251,御厨快餐,快餐便当,24.7,2026-08-09 19:24:09,成都,武侯区,45.3,5.0
TO202401014825,U11659,百川湘私房菜,奶茶果汁,8.0,2026-08-02 15:17:07,广州,海珠区,11.8,5.0
TO202401014826,U10637,小日料食府,奶茶果汁,40.44,2026-08-09 11:11:08,沈阳,和平区,65.2,1.0
TO202401014827,U11523,正外卖,轻食沙拉,63.4,2026-08-03 20:44:22,重庆,江北区,24.0,4.5
TO202401014828,U11395,银日料餐厅,奶茶果汁,8.0,2026-07-21 22:39:10,北京,朝阳区,43.3,2.0
TO202401014829,U11583,亿披萨食府,西餐,77.28,2026-08-05 14:16:08,西安,未央区,43.7,5.0
TO202401014830,U10073,亿美食,披萨意面,161.72,2026-08-07 11:02:04,青岛,黄岛区,41.0,5.0
TO202401014831,U10182,优汉堡餐厅,奶茶果汁,20.8,2026-08-09 12:21:52,深圳,龙华区,43.1,4.0
TO202401014832,U11174,味厨快餐,粤菜,55.42,2026-07-23 15:40:11,武汉,硚口区,50.5,5.0
TO202401014833,U10838,万小馆,披萨意面,12.8,2026-07-22 11:19:17,南京,玄武区,32.3,4.5
TO202401014834,U11134,豪私房菜,汉堡薯条,26.11,2026-07-23 15:25:20,西安,未央区,49.5,3.0
TO202401014835,U11440,豪川湘私房菜,汉堡薯条,27.31,2026-08-04 11:41:49,广州,越秀区,52.5,5.0
TO202401014836,U11316,鲜外卖,川湘菜,31.15,2026-07-27 18:29:34,成都,高新区,29.5,5.0
TO202401014837,U11361,真快餐味道,饺子馄饨,27.45,2026-08-05 12:50:51,广州,白云区,26.2,5.0
TO202401014838,U11521,真美食,汉堡薯条,-38.8,2026-07-21 22:05:44,南京,江宁区,41.0,5.0
TO202401014839,U10902,小麻辣厨快餐,饺子馄饨,36.86,2026-08-03 15:14:12,广州,荔湾区,30.1,4.5
TO202401014840,U11305,鲜饺子食府,轻食沙拉,22.21,2026-07-15 19:13:46,广州,荔湾区,28.7,3.0
TO202401014841,U11307,银食堂,快餐便当,36.39,2026-08-04 20:28:11,深圳,龙岗区,33.5,4.5
TO202401014842,U10104,老厨快餐,火锅,25.47,2026-07-26 04:54:39,厦门,翔安区,29.6,5.0
TO202401014843,U10323,大美食,轻食沙拉,21.11,2026-07-29 19:05:48,大连,西岗区,20.5,4.5
TO202401014844,U11089,亿外卖,火锅,34.51,2026-07-27 19:56:58,重庆,渝中区,33.1,4.5
TO202401014845,U10809,银奶茶餐厅,麻辣烫,50.93,2026-07-24 10:06:43,北京,朝阳区,41.4,4.5
TO202401014846,U10252,亿面食厨快餐,烧烤,42.98,2026-08-04 21:43:29,北京,通州区,29.7,4.5
TO202401014847,U11331,亿味道,汉堡薯条,43.07,2026-08-07 23:05:45,郑州,管城区,27.2,5.0
TO202401014848,U10150,大美食,川湘菜,95.01,2026-08-03 11:16:20,广州,荔湾区,44.7,5.0
TO202401014849,U11065,小日料食府,快餐便当,70.6,2026-07-29 11:08:03,大连,沙河口区,28.8,4.5
TO202401014850,U11657,鼎大饭店,日料寿司,62.74,2026-07-17 21:09:45,沈阳,浑南区,39.7,3.5
TO202401014851,U11131,皇奶茶食府,日料寿司,19.43,2026-07-25 20:58:52,成都,成华区,13.1,4.5
TO202401014852,U10671,优汉堡味道,甜品蛋糕,78.32,2026-07-21 18:01:42,西安,未央区,36.3,4.5
TO202401014853,U10386,亿美食,汉堡薯条,43.85,2026-07-23 20:22:37,重庆,江北区,35.7,5.0
TO202401014854,U10973,亿记餐厅,轻食沙拉,33.99,2026-07-20 23:27:46,上海,黄浦区,47.7,5.0
TO202401014855,U11642,亿记餐厅,饺子馄饨,39.1,2026-07-13 18:17:32,成都,金牛区,40.4,5.0
TO202401014856,U11507,小私房菜,披萨意面,45.65,2026-07-13 20:23:20,西安,碑林区,34.1,2.0
TO202401014857,U11489,真快餐味道,快餐便当,196.04,2026-07-21 10:52:59,深圳,罗湖区,22.8,4.0
TO202401014858,U11692,万汉堡小馆,川湘菜,8.0,2026-08-11 16:50:37,成都,青羊区,20.9,4.0
TO202401014859,U11574,味厨快餐,面食小吃,155.89,2026-08-02 13:24:32,大连,开发区,34.0,5.0
TO202401014860,U11567,小快餐味道,日料寿司,49.34,2026-08-03 06:11:42,深圳,罗湖区,73.5,5.0
TO202401014861,U11349,皇大饭店,快餐便当,21.01,2026-08-01 02:40:10,天津,南开区,35.2,5.0
TO202401014862,U11503,大记餐厅,面食小吃,8.0,2026-07-21 19:56:28,上海,静安区,18.1,4.5
TO202401014863,U11688,优汉堡味道,面食小吃,123.05,2026-08-09 16:37:06,长沙,岳麓区,27.2,5.0
TO202401014864,U11760,大美食,西餐,18.37,2026-07-20 07:06:49,苏州,高新区,64.4,4.0
TO202401014865,U11211,御西餐记餐厅,轻食沙拉,29.17,2026-08-04 20:04:20,杭州,滨江区,23.5,5.0
TO202401014866,U10978,小麻辣厨快餐,粤菜,17.43,2026-07-31 17:40:04,重庆,九龙坡区,43.7,5.0
TO202401014867,U10643,御奶茶小馆,麻辣烫,23.59,2026-08-04 18:59:37,广州,天河区,54.3,5.0
TO202401014868,U11594,亿甜品美食,烧烤,43.63,2026-07-21 15:24:31,苏州,高新区,23.1,5.0
TO202401014869,U10484,真快餐味道,汉堡薯条,40.71,2026-07-23 22:35:21,青岛,黄岛区,27.8,5.0
TO202401014870,U10145,鼎大饭店,汉堡薯条,12.66,2026-07-15 22:51:33,重庆,渝北区,51.1,5.0
TO202401014871,U10179,小味道,汉堡薯条,25.71,2026-07-21 17:20:26,成都,武侯区,27.7,5.0
TO202401014872,U11583,豪川湘私房菜,烧烤,8.0,2026-07-17 21:59:35,长沙,岳麓区,32.3,4.5
TO202401014873,U10190,御汉堡厨快餐,川湘菜,15.14,2026-07-15 10:51:05,北京,朝阳区,17.5,4.0
TO202401014874,U10138,百川湘私房菜,烧烤,43.79,2026-07-15 17:51:17,杭州,拱墅区,29.9,5.0
TO202401014875,U10944,大美食,川湘菜,139.77,2026-07-28 12:49:30,深圳,龙华区,20.7,4.5
TO202401014876,U10124,百川湘私房菜,日料寿司,42.45,2026-07-20 11:44:18,苏州,工业园区,43.2,4.0
TO202401014877,U10003,老厨快餐,饺子馄饨,19.51,2026-07-31 20:42:18,南京,鼓楼区,42.7,3.0
TO202401014878,U10052,金厨房,轻食沙拉,35.81,2026-07-26 10:48:49,西安,新城区,40.9,4.5
TO202401014879,U10095,小私房菜,麻辣烫,33.21,2026-07-19 20:19:48,成都,高新区,23.9,3.0
TO202401014880,U10283,大记餐厅,烧烤,52.88,2026-07-13 11:32:46,武汉,江岸区,34.8,4.5
TO202401014881,U11265,优汉堡味道,汉堡薯条,22.66,2026-07-25 11:44:08,广州,越秀区,22.2,3.5
TO202401014882,U11004,亿麻辣大饭店,麻辣烫,48.9,2026-08-07 19:29:38,重庆,渝北区,38.4,5.0
TO202401014883,U10300,小味道,川湘菜,8.0,2026-07-13 19:01:57,深圳,龙华区,29.7,4.0
TO202401014884,U10549,万味道,火锅,16.84,2026-07-31 17:34:00,北京,通州区,41.5,5.0
TO202401014885,U10419,御汉堡厨快餐,披萨意面,50.68,2026-07-12 10:11:10,重庆,江北区,44.9,4.5
TO202401014886,U10283,鲜外卖,汉堡薯条,41.41,2026-08-04 21:45:57,杭州,上城区,40.8,5.0
TO202401014887,U11327,万小馆,烧烤,59.46,2026-08-06 16:35:33,郑州,管城区,27.8,4.5
TO202401014888,U10870,真快餐味道,汉堡薯条,44.01,2026-07-17 18:13:43,武汉,江岸区,33.3,4.0
TO202401014889,U10227,百汉堡厨快餐,川湘菜,36.84,2026-07-25 07:45:06,南京,雨花台区,22.9,3.0
TO202401014890,U10527,鼎小馆,麻辣烫,47.21,2026-07-22 21:54:11,广州,番禺区,39.5,4.0
TO202401014891,U10539,正烧烤小馆,麻辣烫,14.07,2026-08-02 20:33:58,上海,浦东新区,23.4,4.5
TO202401014892,U11326,亿美食,面食小吃,55.52,2026-07-22 18:28:12,青岛,黄岛区,37.8,4.0
TO202401014893,U11349,百奶茶食府,披萨意面,72.08,2026-08-06 20:09:46,上海,长宁区,43.1,5.0
TO202401014894,U10744,御奶茶厨快餐,火锅,35.83,2026-07-19 18:29:31,重庆,沙坪坝区,47.8,4.5
TO202401014895,U10680,味外卖,面食小吃,48.37,2026-08-08 22:46:46,武汉,汉阳区,29.5,5.0
TO202401014896,U11382,香私房菜,火锅,62.07,2026-08-10 11:34:46,上海,静安区,26.5,5.0
TO202401014897,U11074,鲜美食,麻辣烫,54.59,2026-07-21 20:24:48,成都,高新区,45.1,4.0
TO202401014898,U10327,正川湘小馆,川湘菜,8.0,2026-07-26 18:09:17,苏州,姑苏区,28.7,5.0
TO202401014899,U11743,优汉堡餐厅,汉堡薯条,36.39,2026-07-22 09:28:45,上海,长宁区,67.3,5.0
TO202401014900,U10857,亿西餐私房菜,粤菜,20.45,2026-07-31 12:25:29,北京,东城区,37.5,5.0
TO202401014901,U10254,小麻辣厨快餐,西餐,8.0,2026-07-20 17:38:50,广州,海珠区,33.2,4.5
TO202401014902,U11178,御厨快餐,奶茶果汁,38.08,2026-08-08 19:32:03,南京,雨花台区,56.8,2.0
TO202401014903,U10246,御汉堡厨快餐,粤菜,36.46,2026-07-12 21:35:13,重庆,渝北区,41.0,4.0
TO202401014904,U10020,亿厨快餐,饺子馄饨,45.73,2026-07-13 19:39:40,广州,番禺区,54.5,3.0
TO202401014905,U11422,皇食堂,饺子馄饨,36.93,2026-07-15 21:28:47,深圳,福田区,41.7,5.0
TO202401014906,U11157,豪私房菜,西餐,8.0,2026-08-08 18:58:46,苏州,高新区,29.2,4.0
TO202401014907,U10481,御奶茶小馆,披萨意面,29.96,2026-07-17 17:55:53,广州,番禺区,35.4,3.5
TO202401014908,U10849,真外卖,轻食沙拉,41.29,2026-08-07 09:02:26,武汉,武昌区,43.7,4.5
TO202401014909,U10957,御记餐厅,粤菜,60.8,2026-07-28 20:37:04,北京,海淀区,24.6,4.5
TO202401014910,U10167,鲜私房菜,汉堡薯条,32.96,2026-08-03 20:52:16,南京,雨花台区,44.5,4.5
TO202401014911,U10095,大大饭店,西餐,92.3,2026-07-17 19:11:20,深圳,龙华区,46.5,4.5
TO202401014912,U10368,千厨快餐,粤菜,50.43,2026-07-21 20:01:08,上海,静安区,51.5,3.0
TO202401014913,U10301,百汉堡厨快餐,汉堡薯条,8.0,2026-07-17 18:53:10,青岛,李沧区,37.5,3.5
TO202401014914,U10899,优食府,饺子馄饨,8.24,2026-07-20 12:46:24,郑州,郑东新区,51.0,4.5
TO202401014915,U10807,亿记餐厅,川湘菜,102.64,2026-07-26 15:41:36,武汉,武昌区,34.5,3.0
TO202401014916,U10894,万小馆,面食小吃,38.44,2026-08-08 19:39:24,青岛,李沧区,26.6,4.5
TO202401014917,U11539,亿厨快餐,日料寿司,40.09,2026-08-02 19:25:50,杭州,拱墅区,40.2,4.5
TO202401014918,U10047,亿味道,西餐,54.74,2026-07-19 20:00:58,苏州,相城区,27.7,4.0
TO202401014919,U11309,正烧烤小馆,汉堡薯条,8.0,2026-07-28 22:07:53,长沙,开福区,31.1,5.0
TO202401014920,U10472,亿食府,麻辣烫,37.4,2026-08-01 07:58:11,南京,秦淮区,38.8,4.5
TO202401014921,U10987,正外卖,西餐,24.94,2026-07-31 20:16:42,杭州,下城区,16.9,5.0
TO202401014922,U11670,鲜烧烤外卖,西餐,44.66,2026-08-02 20:18:18,杭州,拱墅区,13.9,4.5
TO202401014923,U11580,御记餐厅,汉堡薯条,38.86,2026-08-09 17:28:36,广州,荔湾区,15.3,5.0
TO202401014924,U11475,亿麻辣大饭店,披萨意面,27.73,2026-07-30 17:10:12,上海,长宁区,36.5,5.0
TO202401014925,U10157,百川湘私房菜,汉堡薯条,38.11,2026-08-08 17:33:55,郑州,二七区,19.7,5.0
TO202401014926,U10796,皇奶茶食府,麻辣烫,18.86,2026-07-18 19:45:50,厦门,海沧区,31.1,5.0
TO202401014927,U10470,千厨快餐,川湘菜,67.16,2026-07-15 11:20:26,西安,长安区,58.0,5.0
TO202401014928,U10271,香私房菜,快餐便当,33.66,2026-07-17 21:16:01,上海,静安区,29.6,3.5
TO202401014929,U11265,真快餐味道,川湘菜,8.93,2026-07-13 22:34:10,广州,越秀区,35.0,4.5
TO202401014930,U10442,鲜记餐厅,火锅,10.79,2026-07-26 11:12:06,成都,高新区,36.0,4.5
TO202401014931,U11219,御记餐厅,西餐,34.57,2026-07-24 20:34:51,北京,西城区,40.9,5.0
TO202401014932,U11534,万味道,火锅,47.25,2026-07-29 19:04:39,武汉,江汉区,46.8,1.0
TO202401014933,U11298,银日料餐厅,披萨意面,22.22,2026-07-22 21:16:02,广州,白云区,43.7,4.0
TO202401014934,U11245,鲜记餐厅,麻辣烫,8.0,2026-07-14 20:03:53,上海,徐汇区,40.7,4.0
TO202401014935,U11470,鲜美食,川湘菜,72.7,2026-07-26 19:45:20,上海,徐汇区,42.7,5.0
TO202401014936,U11280,小味道,奶茶果汁,28.09,2026-08-10 11:17:56,上海,黄浦区,55.3,3.0
TO202401014937,U10768,亿甜品美食,川湘菜,39.0,2026-07-29 17:21:16,重庆,九龙坡区,21.8,5.0
TO202401014938,U10988,正记餐厅,快餐便当,131.15,2026-07-29 22:20:57,杭州,上城区,38.9,4.5
TO202401014939,U11023,鲜粤菜大饭店,烧烤,25.47,2026-08-06 22:29:13,南京,雨花台区,36.3,4.0
TO202401014940,U10163,优食府,日料寿司,26.56,2026-07-24 12:42:49,杭州,上城区,42.2,5.0
TO202401014941,U10259,万汉堡小馆,奶茶果汁,,2026-08-06 19:17:35,深圳,龙华区,67.1,5.0
TO202401014942,U10998,正记餐厅,轻食沙拉,8.0,2026-07-24 18:08:53,长沙,望城区,16.9,5.0
TO202401014943,U10068,鲜记餐厅,快餐便当,61.2,2026-07-31 11:39:15,厦门,同安区,26.2,5.0
TO202401014944,U10134,亿味道,面食小吃,26.72,2026-07-19 18:06:31,重庆,南岸区,40.5,4.5
TO202401014945,U10212,百川湘私房菜,日料寿司,35.47,2026-07-22 11:41:04,重庆,南岸区,25.9,2.0
TO202401014946,U11209,万小馆,川湘菜,56.36,2026-07-28 18:31:23,深圳,龙岗区,34.7,3.5
TO202401014947,U10214,御奶茶小馆,面食小吃,12.67,2026-08-09 20:27:45,杭州,滨江区,43.3,5.0
TO202401014948,U11042,亿外卖,烧烤,8.0,2026-07-29 12:19:45,大连,高新园区,38.4,4.5
TO202401014949,U10694,小私房菜,粤菜,17.59,2026-08-08 21:29:01,深圳,罗湖区,43.8,5.0
TO202401014950,U10955,优食府,烧烤,25.95,2026-07-21 19:55:26,杭州,上城区,63.2,5.0
TO202401014951,U11672,鲜粤菜大饭店,麻辣烫,29.25,2026-08-03 12:23:09,北京,朝阳区,35.7,4.5
TO202401014952,U10092,大记餐厅,火锅,21.75,2026-07-29 08:03:52,深圳,龙岗区,44.7,5.0
TO202401014953,U11405,小麻辣厨快餐,川湘菜,30.09,2026-08-05 13:48:49,广州,越秀区,53.7,5.0
TO202401014954,U11642,味外卖,奶茶果汁,27.35,2026-08-07 11:21:21,广州,越秀区,21.0,5.0
TO202401014955,U11640,百川湘私房菜,粤菜,31.46,2026-07-29 18:22:54,重庆,南岸区,45.4,5.0
TO202401014956,U10043,优汉堡餐厅,麻辣烫,8.0,2026-07-25 12:16:31,北京,西城区,17.9,5.0
TO202401014957,U10026,金厨房,粤菜,34.72,2026-07-12 02:57:10,长沙,岳麓区,22.9,4.5
TO202401014958,U11012,千厨快餐,饺子馄饨,24.19,2026-08-05 12:39:58,杭州,拱墅区,10.7,2.0
TO202401014959,U10272,御奶茶小馆,汉堡薯条,44.78,2026-07-16 19:48:18,成都,锦江区,32.1,5.0
TO202401014960,U10809,真快餐味道,轻食沙拉,46.45,2026-07-23 14:37:57,深圳,福田区,46.4,4.5
TO202401014961,U11538,鲜记餐厅,轻食沙拉,35.94,2026-07-21 17:50:12,上海,黄浦区,37.6,5.0
TO202401014962,U10768,正川湘小馆,甜品蛋糕,33.71,2026-07-25 19:58:18,重庆,渝中区,37.2,1.0
TO202401014963,U10236,御汉堡厨快餐,披萨意面,42.03,2026-07-22 14:48:54,上海,闵行区,32.4,5.0
TO202401014964,U10926,皇大饭店,汉堡薯条,170.45,2026-07-30 13:06:53,重庆,南岸区,35.3,4.5
TO202401014965,U10388,亿西餐私房菜,川湘菜,14.53,2026-07-20 19:26:44,广州,荔湾区,47.1,3.0
TO202401014966,U11727,银奶茶餐厅,奶茶果汁,67.25,2026-08-10 10:33:25,郑州,二七区,39.4,4.5
TO202401014967,U10165,正川湘小馆,轻食沙拉,51.65,2026-08-09 18:01:04,郑州,中原区,48.6,4.5
TO202401014968,U11584,御奶茶小馆,日料寿司,54.17,2026-07-30 10:12:56,重庆,渝北区,25.8,5.0
TO202401014969,U11162,小快餐味道,烧烤,65.45,2026-08-03 08:50:39,深圳,龙岗区,10.4,4.0
TO202401014970,U11527,万味道,快餐便当,134.24,2026-07-12 06:48:13,广州,天河区,34.5,5.0
TO202401014971,U10965,鼎食堂,麻辣烫,38.41,2026-07-14 22:06:51,长沙,芙蓉区,32.8,4.5
TO202401014972,U11442,大美食,日料寿司,47.25,2026-07-28 17:20:19,北京,朝阳区,51.1,4.5
TO202401014973,U10036,皇大饭店,披萨意面,28.79,2026-07-17 07:47:41,天津,南开区,43.5,4.5
TO202401014974,U10953,小味道,披萨意面,52.42,2026-07-30 10:13:44,深圳,福田区,22.2,3.5
TO202401014975,U11492,亿厨快餐,面食小吃,23.9,2026-07-27 15:45:15,深圳,龙华区,47.6,4.0
TO202401014976,U10989,优汉堡餐厅,快餐便当,18.35,2026-08-01 18:21:05,重庆,沙坪坝区,37.7,5.0
TO202401014977,U10436,好麻辣食府,麻辣烫,60.18,2026-08-02 18:28:25,广州,越秀区,52.8,5.0
TO202401014978,U10119,万味道,披萨意面,47.83,2026-07-21 17:09:44,成都,高新区,16.5,5.0
TO202401014979,U10146,正川湘小馆,轻食沙拉,30.85,2026-07-28 14:57:47,苏州,相城区,29.1,3.5
TO202401014980,U10604,亿私房菜,面食小吃,35.04,2026-07-25 13:49:01,厦门,集美区,39.1,5.0
TO202401014981,U11547,鲜外卖,奶茶果汁,72.33,2026-07-14 17:06:54,深圳,福田区,42.0,5.0
TO202401014982,U11359,银日料餐厅,披萨意面,8.0,2026-08-04 17:03:52,上海,徐汇区,22.6,5.0
TO202401014983,U10670,大美食,川湘菜,55.53,2026-07-14 16:30:56,成都,锦江区,31.2,5.0
TO202401014984,U11573,优汉堡味道,烧烤,14.99,2026-07-23 20:28:24,广州,越秀区,33.1,4.5
TO202401014985,U11689,亿甜品美食,烧烤,26.92,2026-07-17 15:01:05,大连,高新园区,30.9,4.0
TO202401014986,U10390,金厨房,饺子馄饨,29.47,2026-08-07 19:11:05,南京,玄武区,36.9,5.0
TO202401014987,U10651,亿西餐私房菜,轻食沙拉,36.57,2026-07-30 14:44:18,北京,东城区,37.3,5.0
TO202401014988,U10300,小日料食府,汉堡薯条,16.63,2026-07-19 11:03:18,杭州,滨江区,27.3,5.0
TO202401014989,U10884,银食堂,快餐便当,39.67,2026-07-31 11:46:29,青岛,李沧区,44.6,4.5
TO202401014990,U10614,鲜粤菜大饭店,披萨意面,15.23,2026-08-10 12:34:22,郑州,郑东新区,34.2,1.0
TO202401014991,U10501,千厨快餐,饺子馄饨,52.09,2026-07-30 08:43:40,大连,高新园区,24.4,5.0
TO202401014992,U10259,豪私房菜,面食小吃,21.88,2026-08-11 21:58:17,杭州,下城区,19.2,5.0
TO202401014993,U11467,皇大饭店,饺子馄饨,50.47,2026-07-24 15:07:39,长沙,芙蓉区,36.4,5.0
TO202401014994,U11240,御记餐厅,轻食沙拉,28.51,2026-07-13 21:51:38,深圳,南山区,30.6,4.0
TO202401014995,U10016,亿私房菜,粤菜,54.14,2026-07-29 18:04:31,北京,东城区,41.2,4.5
TO202401014996,U10099,豪西餐厨快餐,川湘菜,13.39,2026-07-27 18:22:48,上海,长宁区,44.7,5.0
TO202401014997,U10311,小麻辣厨快餐,轻食沙拉,32.73,2026-08-04 13:49:30,郑州,金水区,35.9,5.0
TO202401014998,U11418,豪餐厅,川湘菜,56.3,2026-08-03 19:38:52,武汉,武昌区,22.5,4.0
TO202401014999,U11276,御厨快餐,汉堡薯条,21.64,2026-08-02 06:52:44,广州,荔湾区,36.5,4.5
